"country","Q.balance","UV.balance","prod_diversity","prod_ratio","energy_adequacy","polyunsatFA","calories","protein","vitaminA","iron","zinc","calories_percentseafood","protein_percentseafood","polyunsatFA_percentseafood","vitaminA_percentseafood","zinc_percentseafood","iron_percentseafood","Q.balance_norm","UV.balance_norm","prod_diversity_norm","prod_ratio_norm","energy_adequacy_norm","polyunsatFA_norm","calories_norm","protein_norm","vitaminA_norm","iron_norm","zinc_norm","calories_percentseafood_norm","protein_percentseafood_norm","polyunsatFA_percentseafood_norm","vitaminA_percentseafood_norm","zinc_percentseafood_norm","iron_percentseafood_norm","mean_reliance","mean_econ","mean_nutrition","econ_opportunity","mean_malnutrition","mariculture_opportunity"
"Albania",0.48177806,0.375072796,0.433887789242795,0.365384279856931,121,12.9762,3188.0968,94.2687,798.7169,28.2539,10.8684,0.00265180467544147,0.0136488145057691,0.00455342473143139,0.0025269328844801,0.0051176070074712,0.00291193782097339,0.175323923392976,0.113427469801542,0.620142665614276,0.468986549901253,0.870503597122302,0.421406852367308,0.828667737291244,0.884637444731685,0.539746373902859,0.908227372026729,0.639298844151643,0.156240146298309,0.124245024899865,0.227010151844898,0.142128729827867,0.136932290001404,0.0810509772123333,0.144601220014113,0.344470152177512,0.727498317370538,0.655529847822488,0.272501682629462,0.357544250155354
"Algeria",0.144852645,2.431826699,0.546374010454256,0.0106758678548409,135,21.7676,3233.9709,83.9557,495.2772,15.0781,9.7727,0.00234668221659014,0.0132327858620677,0.00271048420588397,0.00354343507030003,0.00393849908418349,0.0035695558458957,0.0527133469615657,0.735419770255496,0.780915812027755,0.0137029388193821,0.971223021582734,0.706910790492641,0.840591586857942,0.787858068676665,0.334691894933938,0.484688596553263,0.574847798594159,0.138262812578624,0.120457920226863,0.135130691170444,0.199302454316225,0.105382788865644,0.0993551398797149,0.132981967839586,0.39568796701605,0.671544536813049,0.60431203298395,0.328455463186951,0.355249821336829
"Angola",0.202797192,0.620934469,NA,NA,114,16.1764,2777.526,57.2553,968.9086,16.9219,9.8194,0.0073889860976999,0.0701907788449279,0.010818448418684,0.00329963383543092,0.0132765810538322,0.0115114945721225,0.0737999554286858,0.187779616336755,NA,NA,0.820143884892086,0.525334520632737,0.721949906190928,0.537295860549111,0.654756276589735,0.543957923214109,0.577594776624217,0.435347399298408,0.638945973047171,0.539351754581355,0.185589719777357,0.355242722709346,0.320411334859174,0.412481484045469,0.130789785882721,0.625861878384703,0.869210214117279,0.374138121615297,0.551943273259348
"Antigua and Barbuda",0.22943958,0.244924846,NA,NA,NA,17.4025,2024.0261,75.8889,531.9453,23.1234,15.0192,0.0321242893063484,0.166155261177853,0.0242226116937222,0.0167076765223793,0.0406397144987749,0.0500017298494166,0.0834953906934589,0.0740688364221232,NA,NA,NA,0.565152567648624,0.526096048434107,0.712157509114885,0.359470980005141,0.743306404224651,0.883456368930325,1,1,1,0.93973245474195,1,1,0.989955409123658,0.078782113557791,0.631606646392956,0.921217886442209,0.368393353607044,0.759855549724304
"Argentina",1.073186127,0.706951806,0.715033145440221,2.20860669811491e-05,130,29.8113,2941.361,100.9762,1339.7743,31.4478,18.1096,0.00206920027837453,0.0113056522229991,0.00135935299701791,0.000231320305218573,0.00295748774130848,0.0031378916808171,0.390543318466086,0.213792510364337,1,2.8348423633422e-05,0.935251798561151,0.968132896994307,0.764534804723216,0.947582045225144,0.905375008683604,1,1,0.121914014711478,0.102915241566365,0.0677702934526926,0.013010737786522,0.0791337764852257,0.0873401846992945,0.0786807081169297,0.401091044313514,0.931553793455346,0.598908955686486,0.0684462065446541,0.248678623449357
"Aruba",0.151807071,0.014442193,NA,0,NA,NA,NA,NA,NA,NA,NA,NA,NA,NA,NA,NA,NA,0.0552441331315837,0.00436752925790849,NA,0,NA,NA,NA,NA,NA,NA,NA,NA,NA,NA,NA,NA,NA,NA,0.0198705541298307,NA,0.980129445870169,NA,NA
"Australia",0.394256248,0.969048299,0.642161961671773,0.479041648471404,130,30.1211,3711.4232,109.459,927.3746,15.1721,14.5842,0.0074199568510538,0.0429036442869019,0.0048326488740451,0.00676092487329284,0.0208062835122941,0.0242347466731698,0.143473848148158,0.293054302640116,0.917822627279292,0.614870705613229,0.935251798561151,0.978193765573968,0.964693627017294,1,0.626688977783761,0.487710245705079,0.857868886209229,0.437172147206803,0.39055145415508,0.240930820078624,0.380271937812249,0.556715676603841,0.674550770351667,0.446698801034711,0.492305370920199,0.835772471550069,0.507694629079801,0.164227528449931,0.372873652854814
"Bahamas",2.491753676,0.193924957,NA,0,NA,16.4049,2450.8285,63.1661,476.1618,13.7981,7.8604,0.0152497002544242,0.0945537242286606,0.0152541191960938,0.0166775453217793,0.0527277237799603,0.0234453294294142,0.906774440092169,0.0586457280785644,NA,0,NA,0.532755141905986,0.63703288670027,0.592764059519926,0.321774341999097,0.443542735762568,0.462362871680245,0.898488271335422,0.860721626497254,0.760491304723263,0.938037708792911,1,0.652578103705485,0.851719502509056,0.321806722723578,0.498372006261348,0.678193277276422,0.501627993738652,0.677180257841377
"Bahrain",0.835628504,0.546903345,0.596595875654047,0.000359530717799924,NA,NA,NA,NA,NA,NA,NA,NA,NA,NA,NA,NA,NA,0.304093689572089,0.16539152748724,0.852696401685445,0.000461473249452686,NA,NA,NA,NA,NA,NA,NA,NA,NA,NA,NA,NA,NA,NA,0.330660772998557,NA,0.669339227001443,NA,NA
"Bangladesh",6.123694681,0.384475714,0.542472379354214,0.109572081272507,107,7.2868,2368.308,55.3022,168.4932,13.817,5.3506,0.00138097325178989,0.0106567189008756,0.00257735906021848,0.00470244496513806,0.00762529435951108,0.00144371426503583,1,0.116271048991677,0.775339328958604,0.140640512453393,0.76978417266187,0.236641501505071,0.615583702342021,0.518967556527676,0.113862112755207,0.444150280113305,0.314731919649422,0.0813647644911041,0.097008007884531,0.128493761537395,0.26449160327344,0.204030715343771,0.0401843923842524,0.135928874152416,0.508062722600919,0.430531606507796,0.491937277399081,0.569468393492204,0.399111515014567
"Barbados",0.139044786,1.387737305,NA,NA,123,27.462,2939.5759,75.932,391.1581,17.7701,9.0119,0.0228549635340254,0.135514012537534,0.0178308535430777,0.0409088243347127,0.0417351501903039,0.0276265974867896,0.0505998081541048,0.419671948843128,NA,NA,0.884892086330935,0.891838518187991,0.76407081166697,0.712561968642469,0.264331662567465,0.571223485028693,0.530096173641952,1,1,0.888953921297338,1,1,0.768959662266274,0.942985597260602,0.235135878498616,0.659859243723782,0.764864121501383,0.340140756276218,0.682663491679401
"Belgium",1.057479032,0.610226462,NA,NA,148,33.0345,4269.2188,101.8597,1931.2502,15.542,12.334,0.00592637697557221,0.0405137655029418,0.00396981943120071,0.00309320874115638,0.0235750445921842,0.0279125916870416,0.384827347256218,0.184541359247518,NA,NA,1,1,1,0.955872996330023,1,0.499600756569515,0.725508073291962,0.349172778167827,0.368796410968342,0.197914617025065,0.173979226822031,0.63079967613382,0.776920034648036,0.41626379062752,0.284684353251868,0.882997403741643,0.715315646748132,0.117002596258357,0.416194011211336
"Belize",0.240907794,2.858216111,0.000613842653315766,0.0940548912544135,125,16.1639,2579.8887,68.9232,375.2132,29.5915,13.2048,0.00736299593079345,0.0508352775262901,0.00858175935263148,0.00225413178427625,0.0149750620986308,0.011276042106686,0.0876687901064381,0.864366131252915,0.000877346698231149,0.120723526934483,0.899280575539568,0.524928578549955,0.670578927055241,0.646789905140634,0.253556628312845,0.951224796553006,0.776730096173642,0.433816099682947,0.462753033926557,0.427842032896597,0.126784881914156,0.400689139100584,0.313857742858263,0.360957155063184,0.268408948748017,0.674727072474984,0.731591051251983,0.325272927525016,0.472607044613394
"Benin",0.017020913,1.521718287,NA,0,118,15.4697,2830.891,64.5148,709.7672,22.1524,12.8966,0.00382293772526035,0.0337661280822385,0.00415143926514412,0.0036124534917928,0.00470694601677962,0.0120163052310359,0.00619408290798986,0.460189746859559,NA,0,0.848920863309353,0.502384179040593,0.735820831879429,0.605420545943412,0.47963711862762,0.71209341139046,0.758601217611247,0.225241457267046,0.307372733549605,0.206969240415881,0.203184433391229,0.12594419541197,0.334462252058517,0.233862385349041,0.155461276589183,0.663268309686016,0.844538723410817,0.336731690313984,0.471710933024614
"Bermuda",0.384136828,0.581818015,NA,NA,NA,NA,NA,NA,NA,NA,NA,NA,NA,NA,NA,NA,NA,0.139791288554512,0.175950231608921,NA,NA,NA,NA,NA,NA,NA,NA,NA,NA,NA,NA,NA,NA,NA,NA,0.157870760081717,NA,0.842129239918283,NA,NA
"Bosnia and Herzegovina",0.209788607,1.047554692,0.620289256198347,0.721311475409836,124,16.2629,3042.3864,79.1284,1121.694,14.8157,9.5784,0.00207533697889262,0.0124956905485262,0.00252655110712112,0.00139342717354287,0.00426092353628999,0.00466556571744838,0.0763442022710358,0.316795777938248,0.886560632328574,0.925834522462488,0.892086330935252,0.528143639845586,0.790793884945292,0.742557663166105,0.758003579401654,0.47625369509117,0.563418722978736,0.122275579420831,0.113748148799767,0.125960740387854,0.0783740777207185,0.11400993012814,0.129861516246644,0.114038332117326,0.551383783750087,0.678751073766256,0.448616216249913,0.321248926233744,0.294634491533661
"Brazil",0.202590063,1.823799508,0.402808093495045,0.114520237905886,133,31.7616,3186.4739,98.2038,879.9547,35.0344,16.7447,0.0020718732389429,0.0133831175575691,0.00105442735882323,0.000744331497973703,0.00263462468721446,0.00240002968510949,0.0737245790843822,0.551543502551802,0.575721398537075,0.146991685822888,0.956834532374101,1,0.828245904155296,0.921565256494907,0.594644183093882,1,0.984953383724008,0.122071501329599,0.121826388180099,0.0525682818876048,0.0418653344644101,0.0704948995082717,0.0668025085960482,0.0792714856610054,0.336995291499037,0.898034751406028,0.663004708500963,0.101965248593972,0.28141381425198
"Brunei",0.124030882,3.319584536,0.283161786061905,0.221214689265537,123,15.546,2772.915,73.0483,284.5088,13.4952,7.7831,0.0110308642709928,0.0684185833208986,0.0104399504695742,0.0299431156435232,0.0368725353650859,0.0348137033908353,0.0451360961811571,1,0.404714557915956,0.283938635637923,0.884892086330935,0.504862049513892,0.720751389591103,0.685500717141464,0.192261605011054,0.433805953548895,0.457815946589806,0.649921113518583,0.622813694531892,0.520481808997915,1,0.986601882154662,0.969005814576185,0.791470718963206,0.433447322433759,0.554269963961021,0.566552677566241,0.445730036038979,0.601251144189475
"Bulgaria",1.218528597,0.788201922,0,0.290066758747698,113,23.7549,3099.4341,78.2731,490.601,11.5691,8.3085,0.00246073339646099,0.0142643769059869,0.00235792615418293,0.00362074557532496,0.00564303183486791,0.00656829485439663,0.443434917714142,0.238363727411392,0,0.372313249161646,0.81294964028777,0.7714490865816,0.805622038367945,0.734531346833335,0.33153187416357,0.371891076620022,0.488720919972942,0.144982528096718,0.129848483406108,0.117553974397609,0.203650826189902,0.150991131318056,0.182822144323683,0.154974847955346,0.263527973571795,0.616670854689598,0.736472026428205,0.383329145310402,0.424925339897984
"Cote dIvoire",0.987274622,0.126490997,0.527959547888162,0.0109479305740988,129,NA,NA,NA,NA,NA,NA,NA,NA,NA,NA,NA,NA,0.359279250274198,0.0382527175934787,0.754596578841864,0.0140521431040095,0.928057553956835,NA,NA,NA,NA,NA,NA,NA,NA,NA,NA,NA,NA,NA,0.291545172453388,0.928057553956835,0.708454827546612,0.0719424460431655,NA
"Cabo Verde",0.010091783,1.370222125,NA,NA,113,18.2607,2563.9403,68.5958,482.5866,23.3761,11.1121,0.00681691379475567,0.0475817032529689,0.00769702804383184,0.00633695589558434,0.0104862087274233,0.0101679749829955,0.00367250220898507,0.4143751036128,NA,NA,0.81294964028777,0.593022927284082,0.666433530798322,0.643717514204881,0.32611600861846,0.751429497210439,0.653633716655392,0.401641802075137,0.433135779150951,0.383733916347275,0.356425569490311,0.280580469032208,0.283015764521668,0.356422216769592,0.209023802910892,0.635328976437049,0.790976197089108,0.364671023562951,0.504023145807217
"Cambodia",0.773982711,1.657624381,0.65055016054507,0.00722905054737667,108,NA,NA,NA,NA,NA,NA,NA,NA,NA,NA,NA,NA,0.281660160138575,0.501289726749944,0.929811625674631,0.00927879950556018,0.776978417266187,NA,NA,NA,NA,NA,NA,NA,NA,NA,NA,NA,NA,NA,0.430510078017178,0.776978417266187,0.569489921982822,0.223021582733813,NA
"Cameroon",0.124801845,1.889109973,NA,NA,114,14.0986,2638.181,67.6233,1052.83,22.9265,14.3752,0.00861802128057173,0.0615118753447406,0.0141968989828777,0.00408524833068966,0.00839717012632868,0.0141841667938848,0.0454166574378296,0.571294337257799,NA,NA,0.820143884892086,0.457857203864439,0.685730583787403,0.63459136825186,0.711467573599791,0.736977013607708,0.845575130143231,0.507760212563283,0.559941999403268,0.707783785593977,0.229777039128523,0.224683867528497,0.394802585174293,0.437458248231973,0.308355497347814,0.698906108306645,0.691644502652186,0.301093891693355,0.476732214192504
"Canada",0.506225631,1.733940222,0.721684550827915,0.142446034959651,135,35.6883,3875.4742,98.223,944.6656,22.8181,12.872,0.00627309040013736,0.0405760361626096,0.00373339721981714,0.00574657317891114,0.0237525637041641,0.0158919016044281,0.184220642486304,0.524368747256691,1,0.182835655953776,0.971223021582734,1,1,0.921745433361023,0.638373661745192,0.733492473521996,0.757154201347019,0.369600585946931,0.369363260174014,0.186127831194343,0.323219168897542,0.63554957163907,0.442335734480271,0.387699358722029,0.472856261424193,0.860284113079709,0.527143738575807,0.139715886920291,0.351519661406042
"Cayman Islands",0.045567557,0.864939681,NA,NA,NA,NA,NA,NA,NA,NA,NA,NA,NA,NA,NA,NA,NA,0.0165824962487355,0.2615703420591,NA,NA,NA,NA,NA,NA,NA,NA,NA,NA,NA,NA,NA,NA,NA,NA,0.139076419153918,NA,0.860923580846082,NA,NA
"Chile",1.978076038,2.079619553,0.640004652111853,0.446875733998967,122,18.9682,2786.9465,90.0295,641.4244,31.4028,15.9104,0.00518685988410614,0.0304148306943835,0.0048535954914014,0.00087651171361738,0.00635677607099759,0.00584093711388793,0.719841936662276,0.628907205647098,0.914739250115397,0.573584361113806,0.877697841726619,0.615999249169524,0.724398534607466,0.844855894167112,0.433453322488628,1,0.935878356518926,0.305601598272565,0.276865906218565,0.241975109831317,0.0492998833885991,0.170088852691709,0.162576844020025,0.201068032403797,0.709268188384644,0.776040456954039,0.290731811615356,0.223959543045961,0.238586462355038
"China",2.146690116,0.973412959,0.884501934787175,1.69215669568851,124,17.548,2756.6277,89.8205,1593.013,31.1768,16.1885,0.00656314597723878,0.0352657800836112,0.00382193982220196,0.00434523509852085,0.0302120085245699,0.0392519790356932,0.781202310138497,0.294374239318072,1,1,0.892086330935252,0.569877733492203,0.716517904573464,0.842894593905743,1,1,0.95223669892062,0.386690202773035,0.32102405104483,0.190542106338363,0.24440013787042,0.808385541674398,1,0.491840339950174,0.768894137364142,0.853373323118183,0.231105862635858,0.146626676881817,0.289857626489283
"Hong Kong",0.139710413,11.9130371,0.71689566308818,0.0117918514326229,NA,NA,NA,NA,NA,NA,NA,NA,NA,NA,NA,NA,NA,0.0508420365718046,1,1,0.015135352080553,NA,NA,NA,NA,NA,NA,NA,NA,NA,NA,NA,NA,NA,NA,0.516494347163089,NA,0.483505652836911,NA,NA
"Macao",0.794540385,0.694930704,NA,NA,NA,NA,NA,NA,NA,NA,NA,NA,NA,NA,NA,NA,NA,0.289141306252854,0.210157154245131,NA,NA,NA,NA,NA,NA,NA,NA,NA,NA,NA,NA,NA,NA,NA,NA,0.249649230248992,NA,0.750350769751008,NA,NA
"Colombia",0.831044605,0.472737233,0.0946413548991285,0.0276479929503126,115,17.4809,2621.6388,64.1399,2151.2435,25.9222,11.3612,0.0023986481280335,0.0181514626620871,0.00256583127870991,3.49302159425467e-05,0.00280833802767313,0.00240622902377113,0.302425562224993,0.142962616302815,0.135268019888086,0.0354873965309576,0.827338129496403,0.567698636391831,0.681430843753217,0.601902404948257,1,0.833274400459805,0.66828622687568,0.141324562066295,0.165232587010889,0.127919046112183,0.00196466920630094,0.0751429636284889,0.0669750612010444,0.0964264815375336,0.154035898736713,0.739990091703599,0.845964101263287,0.260009908296401,0.400800163699074
"Comoros",0.006721092,5.712772568,NA,NA,NA,NA,NA,NA,NA,NA,NA,NA,NA,NA,NA,NA,NA,0.00244587356037995,1,NA,NA,NA,NA,NA,NA,NA,NA,NA,NA,NA,NA,NA,NA,NA,NA,0.50122293678019,NA,0.49877706321981,NA,NA
"Congo",1.070064563,0.316510011,NA,NA,98,8.3377,2318.3875,53.6182,1204.6758,17.9486,7.8602,0.0102175283467496,0.0867396331842546,0.0231017798673495,0.00303125039948507,0.0203940739421389,0.0130024291588202,0.38940734966003,0.0957172316879742,NA,NA,0.705035971223022,0.27076986428869,0.602608090127409,0.503164543895401,0.814079925914333,0.57696140389677,0.462351107320373,0.602000644499773,0.789590032176614,1,0.170494345819425,0.545686146528663,0.361910059296608,0.57828020472018,0.242562290674002,0.562138700952285,0.757437709325998,0.437861299047715,0.591193071031298
"Democratic Republic of the Congo",0.116404417,1.359150499,NA,NA,NA,NA,NA,NA,NA,NA,NA,NA,NA,NA,NA,NA,NA,0.0423607482015932,0.411026882848293,NA,NA,NA,NA,NA,NA,NA,NA,NA,NA,NA,NA,NA,NA,NA,NA,0.226693815524943,NA,0.773306184475057,NA,NA
"Cook Islands",0.481280004,0.742386281,0,0.0014623446258835,NA,NA,NA,NA,NA,NA,NA,NA,NA,NA,NA,NA,NA,0.175142675762087,0.22450841107977,0,0.00187698266911833,NA,NA,NA,NA,NA,NA,NA,NA,NA,NA,NA,NA,NA,NA,0.100382017377744,NA,0.899617982622256,NA,NA
"Costa Rica",0.327071147,0.651988085,0.484584052536802,0.255948717948718,118,20.0279,2959.814,79.5574,4272.2312,29.9328,14.577,0.00247753406126196,0.0175869875083902,0.00241504601081491,0.000122394827321143,0.00422465527886396,0.00344383084776566,0.119024508340378,0.197170681560981,0.692601298088572,0.3285212659653,0.848920863309353,0.650413395179421,0.76933121045225,0.746583490018389,1,0.962195954590399,0.857445369253845,0.145972396751344,0.160094175209866,0.120401674336048,0.00688416437630643,0.113039496967395,0.0958557059683644,0.107041268934887,0.334329438488808,0.833555754686237,0.665670561511192,0.166444245313763,0.313052025253281
"Croatia",2.680663909,0.26946833,0.693068679838194,0.117717540609681,123,22.1113,3186.6077,78.6068,562.0531,10.8979,8.8853,0.00894172508275807,0.0541100897123404,0.00922783373207365,0.0118093201514234,0.0199081629207793,0.0260209765184118,0.97552079026561,0.0814911430247983,0.990582056523643,0.151095562335118,0.884892086330935,0.718072574000806,0.828280682190658,0.737662858303282,0.379816832053836,0.350315215867901,0.522649333843122,0.526832329706485,0.492563617213935,0.46005195216195,0.664221706702657,0.532684579820912,0.724268753146473,0.566770489792069,0.549672388037292,0.631669940370077,0.450327611962708,0.368330059629923,0.461809387128233
"Cuba",6.740348821,0.464940617,0.392219387755102,0.254118074148024,131,17.2826,3039.603,82.5926,1041.2889,38.3092,14.1496,0.00128008164224078,0.0092864736065943,0.00135656729890179,0.000513954388642768,0.0017857324588681,0.00139524970503169,1,0.140604806204814,0.56058728237669,0.326171555352348,0.942446043165468,0.561258771190582,0.790070408236562,0.775066449603592,0.703668481235713,1,0.832304932207876,0.0754203900874348,0.0845346783777857,0.0676314129858718,0.0289076472493188,0.0477810106492479,0.0388354281583651,0.0571850945846707,0.506840910983463,0.800687869377113,0.493159089016537,0.199312130622887,0.249885438074698
"Curaçcao",0.634649723,9.822680637,NA,NA,NA,NA,NA,NA,NA,NA,NA,NA,NA,NA,NA,NA,NA,0.230955472353028,1,NA,NA,NA,NA,NA,NA,NA,NA,NA,NA,NA,NA,NA,NA,NA,NA,0.615477736176514,NA,0.384522263823486,NA,NA
"Cyprus",1.654181441,0.308183499,0.485169045937629,3.74691164972635,104,26.8079,2701.604,75.0975,472.1481,11.0419,8.9721,0.00646405616811346,0.0381796997236925,0.00411038537147632,0.0080407609392053,0.0182405011089934,0.0148231101531439,0.601973407091156,0.0931991733310248,0.69343741142467,1,0.748201438848921,0.870596380880193,0.702215840415188,0.704730843914658,0.319062016742258,0.354944125206854,0.52775506602747,0.380851987606666,0.347549433017387,0.204922506103788,0.452257021212458,0.488062796533849,0.41258695655691,0.381038450171843,0.597152497961713,0.603929387433649,0.402847502038287,0.396070612566351,0.393318854925494
"Denmark",3.3491108,0.319426369,0.201748659860774,0.0238139908152228,133,22.879,4252.7703,130.4213,1486.0662,16.5452,17.293,0.00831728344227761,0.0404459378951138,0.0114338655535644,0.00526198361822643,0.0159208049499798,0.0182584447453038,1,0.0965991807722674,0.288353244345758,0.0305662887198775,0.956834532374101,0.743003912956924,1,1,1,0.531848824964222,1,0.490041213766854,0.36817897691794,0.570033262562104,0.295963162546534,0.42599446915008,0.508206177455253,0.443069543733127,0.353879678459476,0.890241038613607,0.646120321540524,0.109758961386393,0.399649608886682
"Djibouti",0.135877863,2.296500365,NA,NA,106,11.1227,2431.516,57.7924,1422.2855,30.9142,19.1589,0.00115175388523045,0.00920017337919865,0.00222501020435686,0.000331700562228892,0.000859590059972128,0.00100913010849383,0.0494473327478079,0.694495118223045,NA,NA,0.762589928057554,0.361213760332444,0.632013074981743,0.542336120694477,0.961133339334143,0.993743257543515,1,0.0678595211761188,0.0837490882522034,0.110927474184627,0.0186566805483167,0.023000131741767,0.02808816206126,0.0553801763273822,0.371971225485427,0.750432782991982,0.628028774514573,0.249567217008018,0.310992055949991
"Dominica",1.775420006,0.02965346,NA,NA,NA,10.1886,2530.9062,75.6218,755.9732,31.1047,9.9362,0.0148944915461505,0.0947856834933842,0.0243710637379031,0.00267698709425149,0.0184329924920996,0.0124067809687925,0.646093350789577,0.00896763768135623,NA,NA,NA,0.330878520370336,0.657847124983903,0.709650986149279,0.510861599983349,0.999866918856505,0.58446516278933,0.87755993484779,0.862833149414439,1,0.150568611381951,0.493213306499892,0.345330767139756,0.621584294880638,0.327530494235466,0.63226171885545,0.672469505764534,0.36773828114455,0.553930693929907
"Dominican Republic",0.485824058,1.943557043,0.4921875,0.0580467276157307,107,22.846,2493.199,60.6523,2468.8125,23.1526,10.2499,0.00394162279063966,0.0311010629440269,0.00261901426945636,0.000219791093896357,0.00602366852359535,0.00505529832502613,0.176796303109479,0.587759923282885,0.703468675080017,0.0745054892022689,0.76978417266187,0.741932225858381,0.648046061194501,0.569174027955191,1,0.744245044173939,0.602917561248199,0.232234194005924,0.283112671672663,0.130570474326551,0.0123622709549699,0.161175862847833,0.140709347016989,0.160027470137488,0.385632597668662,0.725157013298869,0.614367402331338,0.274842986701131,0.349745953056652
"Ecuador",1.367994367,0.964945031,2.94108996732323e-05,0.512410706212135,110,17.4473,2463.7345,71.9176,2868.4479,24.1511,11.8872,0.00300825758619689,0.0197956133130138,0.00254661810136812,4.128797319275e-05,0.00572232064741907,0.00335784705458551,0.497827027660685,0.291813414705503,4.20361074306845e-05,0.657701336611938,0.79136690647482,0.566607464073314,0.640387485537256,0.674889988885339,1,0.776342030111055,0.699226493338431,0.177241789232517,0.180199274299164,0.126961176692343,0.00232226475942194,0.153112669501483,0.0934624301190384,0.122216600767328,0.361845953771389,0.735545766917174,0.638154046228611,0.264454233082826,0.341608293359588
"Egypt",1.161678431,0.155713078,0.367100613311178,2.63538017123367,151,14.482,3537.702,88.2055,504.4676,26.3524,9.2912,0.00347973345408969,0.0232898061912239,0.00560641969341251,0.00540260662924636,0.0079099900981574,0.00295106707548459,0.422746565594782,0.0470898999898414,0.524685779437868,1,1,0.470308259427518,0.919539052751067,0.827739091886073,0.34090246225099,0.847103267109928,0.546525102202876,0.205020403267666,0.212006877880753,0.279507021851598,0.303872581139954,0.211648345886634,0.0821401022248525,0.21569922204191,0.498630561255623,0.707445319375493,0.501369438744377,0.292554680624507,0.336541113803598
"El Salvador",2.188674273,1.697206269,0.0427144723472201,0.0127423737660623,113,16.7538,2435.6449,64.6329,2104.3196,35.1915,11.0461,0.00279264846858423,0.0208007005719997,0.00247856725041483,0.000434597624809463,0.00347340328260653,0.00225086626031854,0.796480770775718,0.51325986549018,0.0610505006097086,0.016355388667618,0.81294964028777,0.544085797320587,0.633086281485542,0.606528821354262,1,1,0.649751477897709,0.164538440305265,0.189348573783486,0.123568514044063,0.0244441824235808,0.0929381769431195,0.0626506887128875,0.109581429368734,0.346786631385806,0.749486002620839,0.653213368614194,0.250513997379161,0.33776959845403
"Equatorial Guinea",0.154427582,0.377033481,NA,NA,NA,NA,NA,NA,NA,NA,NA,NA,NA,NA,NA,NA,NA,0.0561977636680479,0.114020409468187,NA,NA,NA,NA,NA,NA,NA,NA,NA,NA,NA,NA,NA,NA,NA,NA,0.0851090865681175,NA,0.914890913431882,NA,NA
"Eritrea",1.200593784,2.766962575,NA,0,NA,NA,NA,NA,NA,NA,NA,NA,NA,NA,NA,NA,NA,0.436908257325167,0.836769734475251,NA,0,NA,NA,NA,NA,NA,NA,NA,NA,NA,NA,NA,NA,NA,NA,0.424559330600139,NA,0.575440669399861,NA,NA
"Estonia",1.00252512,0.583666443,NA,0,128,15.4358,3398.536,101.5637,1312.4755,16.059,13.3102,0.00420203964295214,0.0245000428302632,0.00560880291270942,0.00229701583000978,0.0075163385974666,0.00611258235257488,0.364829061203855,0.176509223125732,NA,0,0.920863309352518,0.501283264112089,0.883366257016673,0.953095269644064,0.886927385612276,0.516219826904507,0.782929913826064,0.247577543944423,0.223023650164427,0.279625836810971,0.129196918651428,0.201115375814218,0.170137826913298,0.208446192049794,0.180446094776529,0.777812175209742,0.819553905223471,0.222187824790258,0.416729307354508
"Falkland Islands",0.001417456,8.520430215,NA,0,NA,NA,NA,NA,NA,NA,NA,NA,NA,NA,NA,NA,NA,0.000515826617668963,1,NA,0,NA,NA,NA,NA,NA,NA,NA,NA,NA,NA,NA,NA,NA,NA,0.333505275539223,NA,0.666494724460777,NA,NA
"Faroe Islands",3.07075439,0.53617443,0,0.159263571318041,NA,NA,NA,NA,NA,NA,NA,NA,NA,NA,NA,NA,NA,1,0.162146947514648,0,0.20442169232526,NA,NA,NA,NA,NA,NA,NA,NA,NA,NA,NA,NA,NA,NA,0.341642159959977,NA,0.658357840040023,NA,NA
"Fiji",0.863213773,0.387019666,0.00722012182314646,0.012556013010941,123,16.2147,3272.101,75.8464,460.8525,26.4326,14.1497,0.0205216831632031,0.127946481309594,0.0324263847003028,0.0336010089996257,0.024702290507926,0.0191438677996111,0.314132248797743,0.117040377084074,0.0103195012730822,0.0161161865661604,0.884892086330935,0.52657832717438,0.850502573152238,0.711758680114367,0.311428825130741,0.849681312450095,0.832310814387812,1,1,1,1,0.660961500676406,0.532851073126118,0.865635428967087,0.114402078430265,0.709593231248652,0.885597921569735,0.290406768751348,0.68054670642939
"Finland",2.003085725,0.311392396,0.128164345568144,0.0649309646902291,128,17.3152,3286.51,106.1328,1179.302,12.482,13.3284,0.0120818132304481,0.0557341839657486,0.017323195804842,0.00764867692923441,0.0185170988265658,0.0238167921807403,0.728943215470344,0.0941695904645664,0.183181414337665,0.0833417056797142,0.920863309352518,0.562317468142477,0.85424784005462,0.995972671673832,0.79693315395779,0.40123643311676,0.784000470574395,0.711841367562187,0.50734773131184,0.863644738201234,0.430204040436736,0.495463747568397,0.662917410670116,0.611903172625085,0.272408981488073,0.759367335267485,0.727591018511927,0.240632664732515,0.526708951956509
"France",0.793683729,1.184412413,0.662748988267617,0.276910995846335,142,29.5046,3855.9836,111.3011,1110.6785,15.2814,13.4948,0.010702939711673,0.0591781482842488,0.00731881808260407,0.00882414488080934,0.0339309808222426,0.0495372348083291,0.288829560444176,0.358183543677023,0.947247040380428,0.355427257632823,1,0.958172702051176,1,1,0.750559670074423,0.49122371647416,0.793788417987706,0.630600316026436,0.538698104805849,0.364878328346685,0.496318881846576,0.907894431753033,1,0.65639834379643,0.487421850533613,0.856249215226781,0.512578149466387,0.143750784773219,0.437575759345346
"French Guiana",0.341997063,0.262773308,NA,NA,NA,NA,NA,NA,NA,NA,NA,NA,NA,NA,NA,NA,NA,0.124456200587538,0.0794664709776002,NA,NA,NA,NA,NA,NA,NA,NA,NA,NA,NA,NA,NA,NA,NA,NA,0.101961335782569,NA,0.898038664217431,NA,NA
"French Polynesia",0.201877151,0.818076726,0.106535247759684,0.146384172863758,NA,24.0932,2848.9893,80.1524,508.0217,14.3398,9.9812,0.0270611616547665,0.148590759602956,0.0220810975710989,0.0366117096966527,0.0568836212078708,0.0497549686885452,0.0734651431755035,0.247398302738302,0.152267600438504,0.187890426535055,NA,0.782435503110003,0.740525042024434,0.752167096025636,0.343304205080631,0.460955792630005,0.587112143760477,1,1,1,1,1,1,1,0.165255368221841,0.611083297105198,0.834744631778159,0.388916702894802,0.741220444890987
"Gabon",0.070511807,3.276896795,NA,NA,122,NA,NA,NA,NA,NA,NA,NA,NA,NA,NA,NA,NA,0.0256599618686835,0.990981260762065,NA,NA,0.877697841726619,NA,NA,NA,NA,NA,NA,NA,NA,NA,NA,NA,NA,NA,0.508320611315374,0.877697841726619,0.491679388684626,0.122302158273381,NA
"Gambia",6.519922974,0.71479985,0,0.000388349514563107,127,19.8121,2757.3884,58.3756,1402.1167,25.0922,11.6194,0.0129271331525149,0.111877325457897,0.0160327323201478,0.00413067977865181,0.0184660541852419,0.0145011625126533,1,0.216165873037675,0,0.000498463423391102,0.913669064748201,0.643405211062279,0.716715629920999,0.547808993002756,0.947503933638618,0.806593881353339,0.683474015470133,0.761646283254405,1,0.799308918705073,0.232332355905141,0.494097941319777,0.403625854886049,0.615168559011741,0.304166084115267,0.751310104170904,0.695833915884733,0.248689895829096,0.519897456908524
"Georgia",0.254426412,0.547173908,NA,NA,110,16.231,3070.5839,97.3936,328.3433,23.5751,17.3103,0.00448955438084594,0.0216887043912536,0.00617962688682151,0.0103039850363933,0.00400973813278799,0.00424607492651145,0.0925883523351766,0.165473349674397,NA,NA,0.79136690647482,0.527107675650327,0.798123134961248,0.913962168113274,0.221883505370049,0.757826392755243,1,0.264517458534463,0.197432063861525,0.308084160969798,0.579553305266846,0.107288938761229,0.118185395179729,0.262510220428932,0.129030851004787,0.71575282618928,0.870969148995213,0.28424717381072,0.472575514411622
"Germany",1.464835749,1.028074749,0.0365942980334709,0.0221633579547093,138,29.4277,3846.2861,98.0915,960.3207,12.7309,12.1866,0.00312731026430925,0.0212123170713059,0.00244270534224557,0.00266248452209767,0.00795811793281145,0.00750349935982531,0.533068588970135,0.310904759794751,0.0523031209713555,0.028447629945863,0.992805755395683,0.955675346357904,0.99974793722128,0.920511409512363,0.64895285877744,0.409237374328326,0.716837740066468,0.184256185133446,0.193095514749229,0.121780625213321,0.149752906235162,0.212936106866007,0.208852658612973,0.178445666135023,0.231181024920526,0.806252631665638,0.768818975079474,0.193747368334362,0.380337336516286
"Ghana",0.490694167,0.636435767,0,3.41309742003966e-05,134,11.595,3256.5864,65.3372,858.7975,25.0868,13.1611,0.0116840351602525,0.104882856932957,0.0335473385079776,0.00762529141037323,0.014218629141941,0.0153116746655612,0.17856858517901,0.192467434353767,0,4.38085837772778e-05,0.964028776978417,0.376551875988266,0.846469932588445,0.613138121708722,0.580346849480511,0.806420297253128,0.77415958354166,0.688404911454697,0.954747620439576,1,0.428888709067028,0.380449191632783,0.426185677957305,0.646446018425231,0.0927699570291386,0.708730776791307,0.907230042970861,0.291269223208693,0.614981761534928
"Greece",1.80750316,1.163951228,0.63338507452141,1.70458039244362,138,29.9257,3884.5403,115.371,907.5957,16.277,13.3507,0.00526437838732166,0.0287957979041527,0.00423342478204353,0.00515526131293923,0.0123111297534961,0.0135397247650058,0.657768735995165,0.351995783678318,0.905278088511053,1,0.992805755395683,0.971848078935925,1,1,0.613323053568576,0.523227481320422,0.785312196700097,0.310168866139382,0.26212786657044,0.211056613269976,0.289960507791462,0.329410051844457,0.376865163632825,0.29659817820809,0.728760652046134,0.840930937988672,0.271239347953866,0.159069062011328,0.242302196057761
"Greenland",0.335049876,1.030267914,NA,NA,NA,NA,NA,NA,NA,NA,NA,NA,NA,NA,NA,NA,NA,0.121928048763055,0.311568004795349,NA,NA,NA,NA,NA,NA,NA,NA,NA,NA,NA,NA,NA,NA,NA,NA,0.216748026779202,NA,0.783251973220798,NA,NA
"Grenada",8.555732434,0.274437386,NA,NA,NA,15.9777,2408.8593,64.2921,368.4729,15.6457,7.4202,0.0231197554792843,0.133615200001244,0.0256379188493963,0.034542877101681,0.0368185048920514,0.0233933099829346,1,0.0829938578454759,NA,NA,NA,0.51888166528484,0.626124020319574,0.603330681980699,0.24900175726402,0.502934214197636,0.436469515602482,1,1,1,1,0.985156183727317,0.651130192647478,0.939381062729132,0.541496928922738,0.489456975774875,0.458503071077262,0.510543024225125,0.636142386010506
"Guadeloupe",0.674787601,1.366596488,0,0.00208333333333333,NA,NA,NA,NA,NA,NA,NA,NA,NA,NA,NA,NA,NA,0.24556205333272,0.413278658240822,0,0.00267404857340017,NA,NA,NA,NA,NA,NA,NA,NA,NA,NA,NA,NA,NA,NA,0.165378690036736,NA,0.834621309963264,NA,NA
"Guam",2.777777778,0.015211268,0.375,0.0928074245939675,NA,NA,NA,NA,NA,NA,NA,NA,NA,NA,NA,NA,NA,1,0.00460010872586229,0.535976133394298,0.119122349441493,NA,NA,NA,NA,NA,NA,NA,NA,NA,NA,NA,NA,NA,NA,0.414924647890413,NA,0.585075352109587,NA,NA
"Guatemala",0.499318963,1.170630718,0,0.507881862656278,118,20.4056,2527.8026,63.2436,2965.6509,28.3422,11.5796,0.000418840854107833,0.00314451422752658,0.000355878141294547,1.22015709940776e-05,0.000633871636325953,0.000435179343875917,0.181707235936963,0.354015758622768,0,0.651888369740086,0.848920863309353,0.662679341152752,0.657040420121786,0.593491335932635,1,0.911065793517212,0.681132907855651,0.024677442093514,0.0286244822458304,0.017742239228397,0.000686284071074405,0.0169605627400334,0.0121127967876644,0.0168006345277523,0.296902841074954,0.764904380269913,0.703097158925046,0.235095619730087,0.318331137727628
"Guinea",0.889945582,8.821939918,NA,NA,116,12.5295,2492.6251,45.063,1246.2776,16.5491,7.2391,0.0045160822620297,0.0485793222821383,0.00772627798395786,0.00154666183521232,0.00912226658009974,0.00797196222151053,0.323860225271541,1,NA,NA,0.834532374100719,0.406900106097023,0.647896889935199,0.422880735301791,0.84219304171022,0.531974191258819,0.425816887738596,0.266080439426502,0.442217095412326,0.385192166728274,0.0869928455409658,0.244085341252801,0.221891869977239,0.274409959723018,0.66193011263577,0.587456318020338,0.33806988736423,0.412543681979662,0.34167450968897
"Guinea-Bissau",0.604978416,1.170255814,NA,NA,105,13.1199,2400.0032,42.9944,993.4139,15.1878,7.7755,0.000514599313867581,0.00569807928474406,0.000695083499112036,0.000157543899878993,0.00125680573596553,0.000530039900446411,0.220157782737529,0.353902382199332,NA,NA,0.755395683453237,0.426073562550966,0.623822093869842,0.403468554820125,0.671316145069294,0.48821492540384,0.457368900914679,0.0303193794129257,0.0518695599764499,0.0346532599054743,0.00886114329329994,0.0336284687865667,0.014753148773743,0.0290141600247433,0.287030082468431,0.546522838011712,0.712969917531569,0.453477161988288,0.3984870798482
"Guyana",2.604774329,1.302638945,0.561478981956105,0.00610210353414931,115,5.8882,2482.1288,72.3709,355.7086,27.3575,10.8929,NA,NA,NA,NA,NA,NA,0.947903802247839,0.393936966828968,0.802504889949334,0.00783231420011143,0.827338129496403,0.191221453746797,0.645168633637922,0.679143852083802,0.240376066934432,0.879412411391746,0.640739978235934,NA,NA,NA,NA,NA,NA,NA,0.538044493306563,0.586200075075291,0.461955506693437,0.413799924924709,NA
"Haiti",0.267707519,3.522997809,NA,NA,92,14.2612,1950.0236,47.7101,1184.4689,18.7248,7.8391,0.00327423729641016,0.0259559569147832,0.00286333856898438,0.000537087128247943,0.00363686647701905,0.00357283549089977,0.0974214819016038,1,NA,NA,0.661870503597122,0.463137698477262,0.50686090970529,0.447721682296384,0.800424773503237,0.601912511041877,0.461109967353901,0.192912893979017,0.236276821830493,0.142751217307191,0.0302087609107522,0.0973119769455764,0.0994464256312769,0.133151349434051,0.548710740950802,0.563291149425011,0.451289259049198,0.436708850574989,0.340383153019413
"Honduras",0.688699875,0.786404013,0,5.26681328857507,118,13.7472,2621.9446,65.2542,4571.009,26.8051,10.8536,0.000885742971075743,0.00666507289952218,0.0012100740514432,3.38010710545527e-05,0.00156792216407459,0.00122962346717602,0.25062487097327,0.237820013575096,0,1,0.848920863309353,0.446445360033281,0.681510328979031,0.612359232131241,1,0.861655400844262,0.638428281521132,0.052186577942636,0.0606720933902739,0.0603280190985696,0.00190115983107856,0.041953040191881,0.0342253817715514,0.0418777120376651,0.372111221137091,0.7270456381169,0.627888778862909,0.2729543618831,0.314240284261225
"Iceland",3.396304905,0.201704522,0.551892433235631,0.00714940522061804,133,19.4106,3014.8516,104.5555,1253.441,12.8215,12.9869,0.0420178558705841,0.193388009239112,0.0453689530462737,0.021210659297087,0.0865662321262195,0.0704331006512499,1,0.0609983817061195,0.788803126440545,0.00917657127880966,0.956834532374101,0.630366351363332,0.783636887575335,0.98117095443815,0.847033829697573,0.412149729787417,0.76391282609335,1,1,1,1,1,1,1,0.464744519856369,0.767872158761323,0.535255480143631,0.232127841238677,0.589127773794103
"India",0.272767722,31.40128105,0.546468812970801,0.102622879740511,108,13.3527,2510.9233,66.1682,317.7054,21.9702,11.5156,0.000774070239421491,0.00548108305802485,0.00109055891317861,0.00175587855919352,0.00155847459098961,0.00254986754786028,0.0992629411061282,1,0.781051310391098,0.131720911280799,0.776978417266187,0.433633827900692,0.652653059192827,0.620936401695314,0.214694765591359,0.706236555268535,0.677368312696685,0.0456069968397075,0.0498942454478138,0.0543696138793227,0.0987603552444589,0.0417002505940097,0.0709731008085218,0.0602174271356391,0.503008790694506,0.583214477087371,0.496991209305494,0.416785522912629,0.324664719784587
"Indonesia",0.902629344,0.56295382,0.378279188135726,1.76732698286073,117,9.6671,2828.3075,59.684,201.1079,15.5995,7.2072,0.0116814950283871,0.0839075464110985,0.0257188670852686,0.0410029193283804,0.0280399184149184,0.0157973140164749,0.328475974932749,0.170245424618086,0.540662977601389,1,0.841726618705036,0.313942616676685,0.735149314283322,0.560087295691633,0.1359020446271,0.501449105784722,0.423940472339049,0.68825525089412,0.763809573990987,1,1,0.75026672317783,0.439702980312051,0.773672421395831,0.509846094288056,0.501742495443935,0.490153905711944,0.498257504556065,0.58736127722128
"Iran",0.131415694,0.610458827,0.010826667490474,0.0360311234414363,126,25.065,3352.2789,101.1076,619.7117,27.3842,16.8412,0.00241358945402783,0.0118397627873671,0.00248892200279274,0.00296585476762824,0.00244598959694084,0.00204321944771072,0.0478235041825915,0.184611629803798,0.0154742276775733,0.0462475076335577,0.906474820143885,0.813995064393781,0.871342855973564,0.948815130652627,0.418780600410704,0.880270688331677,0.990629687362136,0.142204881412914,0.107777244807829,0.124084748317883,0.166816132539924,0.0654475727307214,0.056871040206772,0.110533603336007,0.0735392173243801,0.832901263895482,0.92646078267562,0.167098736104518,0.401364374038715
"Iraq",8.99e-06,0.762425904,NA,NA,115,20.1084,2628.8807,73.1126,181.7944,19.7753,12.8702,0.000669193546896213,0.00434357415821623,0.000516167372839211,0.00216674991088834,0.000648474771176827,0.000454895753793874,3.27155219833559e-06,0.230568684597092,NA,NA,0.827338129496403,0.653027662192535,0.683313198419076,0.686104121958718,0.122850622286627,0.635681047573616,0.757048322108173,0.0394278276364915,0.0395395130627556,0.0257334293629088,0.12187004038794,0.017351300186932,0.0126615840177555,0.0427639491091306,0.115285978074645,0.62362330057645,0.884714021925355,0.37637669942355,0.434618223486012
"Ireland",0.315054264,1.255705484,0.677426791361587,0.09892893507036,145,24.0195,4337.373,134.1735,1344.0272,15.0102,16.968,0.00640742564681433,0.0346542782293076,0.00703056183517559,0.00448661678870785,0.0137342037953795,0.0178755039906197,0.11465144271237,0.379743605468099,0.968225579444505,0.12697957329259,1,0.780042068589923,1,1,0.908248977362082,0.482505937219131,0.998088291520837,0.377515406668158,0.315457555648314,0.350507366189941,0.252352228790844,0.367487377264749,0.497547391351365,0.360144554318895,0.397400050229391,0.881269324955996,0.602599949770609,0.118730675044004,0.360491726377836
"Israel",0.043282338,0.807779472,0.368794733297971,1.42532467532468,155,40.7722,3733.45,106.4939,846.9955,16.7195,12.9053,0.0056380666675595,0.0339695982586796,0.00323342718813309,0.00536368847296119,0.00912588548890766,0.00821362839797841,0.0157508818724143,0.244284263331606,0.527107133784608,1,1,1,0.970418954590712,0.999361310546465,0.572371449554953,0.53745173397658,0.759112967265669,0.33218598984198,0.309224920574904,0.16120191729331,0.30168360803583,0.244182172734713,0.228618414624179,0.262849503850819,0.446785569747157,0.834102345133483,0.553214430252843,0.165897654866517,0.327320529656726
"Italy",2.709436321,0.242438514,0.530596457813052,0.679515914609359,141,33.4388,3916.764,105.9956,811.5075,15.0093,12.7123,0.00671125449478192,0.0404849823954957,0.00422587533045444,0.00772102537561267,0.0209204471260118,0.0276459794927145,0.985991362871841,0.0733169334559411,0.758365434270268,0.87218810979066,1,1,1,0.994685157818043,0.548389836899625,0.482477006535763,0.747760359989412,0.395416522876198,0.368534398622887,0.210680236750615,0.434273318592843,0.559770363108369,0.769499141684149,0.45636233027251,0.672465460097178,0.824758908748978,0.327534539902822,0.175241091251022,0.319712653808785
"Jamaica",0.283114353,1.371886609,NA,0,115,15.6182,2798.8029,69.7803,1062.4289,18.6477,7.9662,0.0134770830057379,0.0874639289312313,0.0156232517191482,0.00918153572441412,0.0286939356280284,0.0177033837953206,0.103028185087598,0.414878467788124,NA,0,0.827338129496403,0.507206770984039,0.72748031561249,0.654833113054602,0.717954191659902,0.599434115833313,0.46858621805241,0.79404846065459,0.796183289274507,0.778894338714588,0.516420526399794,0.76776632300266,0.492756591930275,0.691011588329402,0.172635550958574,0.643261836384737,0.827364449041426,0.356738163615263,0.625038066995364
"Japan",1.179162396,0.416200668,0.827265931349902,0.262803413151068,111,22.2349,2456.4073,77.5564,654.063,21.9484,12.891,0.0244060502507056,0.125866208333548,0.0167807365897755,0.0224757859716877,0.0710612054922039,0.0834490441216672,0.429109157822966,0.125865136593249,1,0.337319564170229,0.798561151079137,0.722086529315351,0.63848295922404,0.727805682252841,0.441994068929837,0.705535789826943,0.758271815534837,1,1,0.836600533883575,1,1,1,0.972766755647263,0.473073464646611,0.684676856594712,0.526926535353389,0.315323143405288,0.605005478135313
"Jordan",0.019695037,1.180827765,0,0.234822451317297,138,28.2426,3258.2758,91.9799,311.8405,23.1349,15.8381,0.00329937999723658,0.0183232173550961,0.0027153743635501,0.00853750234494878,0.003479027787424,0.0030847031973339,0.00716722375902679,0.357099493974924,0,0.301404787654729,0.992805755395683,0.91718878937354,0.846909050771864,0.863158860816749,0.210731460810526,0.743676074067693,0.931625540425282,0.194394262230546,0.166796068300825,0.135374489080767,0.480196514771962,0.0930886723452978,0.0858597346252217,0.19261829022577,0.16641787634717,0.78658507595162,0.83358212365283,0.21341492404838,0.413205112642327
"Kenya",7.231018373,0.085288228,NA,0,100,9.025,2164.0179,60.3132,921.9886,18.3663,13.5637,9.53051266350431e-05,0.000675540346060232,0.000149441772853186,3.55991386444474e-05,0.000114305831004814,0.000138846692039224,1,0.0257924008594242,NA,0,0.719424460431655,0.293090183768357,0.56248349066777,0.56599184174165,0.623049297729613,0.590388455500109,0.79784123996353,0.00561522764717166,0.00614943716039515,0.0074503920781201,0.00200229313155756,0.00305849182579907,0.00386466358980055,0.00469008423880735,0.341930800286475,0.593181281400383,0.658069199713525,0.406818718599617,0.35652600085065
"Kiribati",2.084886751,0.853649556,0.00111607108063438,0.0306919834115913,133,NA,NA,NA,NA,NA,NA,NA,NA,NA,NA,NA,NA,0.758711438655707,0.258156044018425,0.00159516656637763,0.0393944901391621,0.956834532374101,NA,NA,NA,NA,NA,NA,NA,NA,NA,NA,NA,NA,NA,0.264464284844918,0.956834532374101,0.735535715155082,0.0431654676258992,NA
"North Korea",1.364251999,3.123005766,0.210894704891908,2.23318584070796,88,NA,NA,NA,NA,NA,NA,NA,NA,NA,NA,NA,NA,0.496465141981332,0.944442374895691,0.301425409283457,1,0.633093525179856,NA,NA,NA,NA,NA,NA,NA,NA,NA,NA,NA,NA,NA,0.68558323154012,0.633093525179856,0.31441676845988,0.366906474820144,NA
"South Korea",0.889148633,0.55338457,0.806260787349353,0.890263219998503,133,30.6849,3256.6981,96.1283,1242.7925,32.2177,17.4518,0.021278822252514,0.118237917449908,0.0141046736342631,0.0111969536346574,0.0553713714344652,0.0607041160604264,0.323570207445855,0.167351544211472,1,1,0.956834532374101,0.996503377275752,0.846498966269686,0.902088324951981,0.839837926790667,1,1,1,1,0.703185907814549,0.629778815183212,1,1,0.88882745383296,0.622730437914332,0.934537589666027,0.377269562085668,0.0654624103339734,0.443853142084201
"Kuwait",0.291367247,0.172535491,0.0133773197746261,0.0645652173913043,142,33.0088,3972.303,108.0437,586.3707,31.1461,17.4215,0.00482222781091976,0.0275109053096108,0.00375658915198371,0.00788327759214436,0.00923003185718796,0.00727577449504111,0.106031496935021,0.0521772424014904,0.0191197976746218,0.082872253179115,1,1,1,1,0.39624985910262,1,1,0.284118051996589,0.250431501854293,0.187284060703611,0.443399283745712,0.246968826864882,0.202514156913738,0.269119313679804,0.0650501975475621,0.913749979871803,0.934949802452438,0.0862500201281973,0.43010637875348
"Latvia",0.690015828,1.748806295,NA,NA,132,26.8778,3587.8771,95.212,1315.3406,15.01,12.4923,0.0111763917442992,0.0642745662311473,0.0107469361331657,0.00720419334733528,0.0186013784491247,0.0217814523650899,0.25110375961955,0.528864463992903,NA,NA,0.949640287769784,0.872866409007108,0.932580842004568,0.893489571700821,0.888863525107846,0.482499508178383,0.734819564130467,0.658495362568819,0.585090747510816,0.535786522749976,0.405203816919656,0.497718825322628,0.606265692412447,0.548093494580724,0.389984111806226,0.822108529699854,0.610015888193774,0.177891470300146,0.445333617691548
"Lebanon",0.424290192,1.783542641,0,0.00333555703802535,129,33.9161,3280.37,88.3715,465.9129,22.0438,15.1366,0.00413521645424144,0.0261936823523421,0.00245157019822444,0.00731624516084444,0.00650444617681646,0.00447759914352335,0.1544035050467,0.539369240342854,0,0.00428133193873277,0.928057553956835,1,0.852651897325726,0.829296871041036,0.314848475510616,0.708602442264,0.890362048175053,0.243640427128479,0.238440834162579,0.122222580976409,0.411506232795747,0.174040075543524,0.124629648179219,0.219079966464326,0.174513519332072,0.789117041181895,0.825486480667928,0.210882958818105,0.418483135316786
"Liberia",0.018366822,2.026582476,NA,NA,105,NA,NA,NA,NA,NA,NA,NA,NA,NA,NA,NA,NA,0.00668387284655601,0.612868022016784,NA,NA,0.755395683453237,NA,NA,NA,NA,NA,NA,NA,NA,NA,NA,NA,NA,NA,0.30977594743167,0.755395683453237,0.69022405256833,0.244604316546763,NA
"Libya",0.131247322,1.308926258,NA,0,NA,9.9893,2623.6676,50.4714,490.8367,11.0093,7.4816,0.00136603051392638,0.0112828255209881,0.00254651697316128,0.00166350111961881,0.00236218188622754,0.00205482001580482,0.0477622319037552,0.395838341743507,NA,0,NA,0.324406179802465,0.681958180660119,0.473634306275898,0.331691152401364,0.353896191564841,0.440081174083115,0.0804843619593816,0.102707450321306,0.126956134964205,0.0935645353506491,0.0632051219659414,0.0571939308170979,0.0873519225630968,0.147866857882421,0.434277864131301,0.852133142117579,0.565722135868699,0.501735733516459
"Lithuania",8.317631451,0.185718313,NA,NA,138,22.8476,4059.9858,130.7735,1479.1042,14.8009,15.0424,0.0191311011481863,0.0859842926892681,0.0266144483884522,0.0119753799630885,0.0261515112615008,0.039288250917174,1,0.0561639195485691,NA,NA,0.992805755395683,0.741984186444977,1,1,0.999529531144876,0.475777946075778,0.884821034675451,1,0.782714175041344,1,0.673561832137873,0.699738436110262,1,0.859335740548246,0.528081959774285,0.870702636248109,0.471918040225715,0.129297363751891,0.486850381508617
"Madagascar",1.014255319,3.086683884,0.460932602266838,0.136355568548429,98,4.8228,2158.4905,43.6091,330.7408,12.2733,7.6555,0.00216098240877132,0.020303193599501,0.00751655884548395,0.00286760810882721,0.00335257004767814,0.00667099068710127,0.36909779961602,0.933458109394095,0.658796997115605,0.175018278505007,0.705035971223022,0.15662219814715,0.56104677831603,0.409237029799377,0.223503656303918,0.394527729095653,0.450310284991618,0.127321672980418,0.184819772680663,0.374736657682278,0.161290195182828,0.0897050307591967,0.185680583654493,0.18725898548998,0.534092796157682,0.414326235410967,0.465907203842318,0.585673764589033,0.412946651307111
"Malaysia",2.682615265,0.556556597,0.62381834860933,0.281839504247179,122,13.7983,2890.9969,73.8039,370.7178,13.8758,7.0539,0.0260581393221141,0.163113466903511,0.0359669669452034,0.0525104810181761,0.0755967620748806,0.0510421020769974,0.976230908509385,0.168310811320655,0.891604657141454,0.361753211644792,0.877697841726619,0.448104851267692,0.751443889545324,0.692591427560079,0.250518786182245,0.446040418093378,0.414923090497338,1,1,1,1,1,1,1,0.599474897154071,0.554474329267525,0.400525102845929,0.445525670732475,0.615350257859468
"Maldives",0.074992149,1.161909657,NA,NA,119,11.2899,2654.7639,104.1913,458.1596,21.0728,12.0148,0.118372217582136,0.450663596672659,0.210947873763275,0.165148426443536,0.130006367147185,0.103517154815687,0.0272904037729544,0.351378382908601,NA,NA,0.856115107913669,0.366643641631731,0.690040902790492,0.977753224509009,0.309609052680348,0.677389449429808,0.706732154936619,1,1,1,1,1,1,1,0.189334393340778,0.654897647698811,0.810665606659222,0.345102352301189,0.71858931965347
"Malta",0.288559477,1.416865518,0.564853815559148,2.04534109816972,133,21.3706,3542.3711,98.8974,640.5476,15.5404,11.5997,0.0131528568534223,0.070724811774627,0.0145217588649827,0.0173249497773468,0.0309573523453193,0.0385254884044169,0.105009720948823,0.428480744190766,0.807328437323755,1,0.956834532374101,0.694018069943496,0.920752671023946,0.928074145783355,0.432860810147098,0.499549324243527,0.682315226022764,0.774945567466164,0.643807269581003,0.723979615219954,0.974451328450104,0.82832877609326,1,0.824252092801747,0.585204725615836,0.730629254219755,0.414795274384164,0.269370745780245,0.502806037655385
"Marshall Islands",1.235025296,0.590528664,0,7.74967286217016e-06,NA,NA,NA,NA,NA,NA,NA,NA,NA,NA,NA,NA,NA,0.449438233829685,0.178584458582822,0,9.94704079747401e-06,NA,NA,NA,NA,NA,NA,NA,NA,NA,NA,NA,NA,NA,NA,0.157008159863326,NA,0.842991840136674,NA,NA
"Martinique",0.045073771,4.990733283,0,0.0163888888888889,NA,NA,NA,NA,NA,NA,NA,NA,NA,NA,NA,NA,NA,0.016402802514163,1,0,0.0210358487774148,NA,NA,NA,NA,NA,NA,NA,NA,NA,NA,NA,NA,NA,NA,0.259359662822894,NA,0.740640337177106,NA,NA
"Mauritania",2.718084403,0.948076029,NA,NA,126,15.1647,2672.5446,69.4719,1299.7239,27.3891,21.3209,0.00318177515166632,0.0228628855695612,0.0051822744267938,0.00120559658862932,0.00204919585946184,0.00403338809964548,0.989138487641417,0.286711983102511,NA,NA,0.906474820143885,0.492479192220721,0.694662560588478,0.651939022142611,0.878310277521212,0.880428199830016,1,0.187465170337974,0.208120623638941,0.258361337655971,0.0678094431708457,0.0548305255342693,0.112265462743838,0.148142093846973,0.637925235371964,0.786327724635275,0.362074764628036,0.213672275364725,0.241296377946578
"Mauritius",0.13088626,1.450295243,0.245182704485376,0.050285881835508,129,30.4407,2801.0559,76.4262,362.2522,18.0121,11.1805,0.0111390493849123,0.0737813734033617,0.00779380237642367,0.0137331395088836,0.0200912302669827,0.0201389621421156,0.0476308377791907,0.438590379342528,0.35043220780061,0.0645441074805169,0.928057553956835,0.988572892746529,0.728065927822295,0.717199646102605,0.244798014651165,0.579002624334434,0.657657127731537,0.65629520968887,0.671631120180599,0.388558582885565,0.772427984508226,0.537582929948914,0.560548563195289,0.597840731734577,0.225299383100711,0.691907683906486,0.774700616899288,0.308092316093514,0.560211221575793
"Mayotte",0.09046444,2.940718302,0,0.0627943485086342,NA,NA,NA,NA,NA,NA,NA,NA,NA,NA,NA,NA,NA,0.0329209274252723,0.889315993994263,0,0.0805992662626113,NA,NA,NA,NA,NA,NA,NA,NA,NA,NA,NA,NA,NA,NA,0.250709046920537,NA,0.749290953079463,NA,NA
"Mexico",2.132887627,0.571671824,0.422776498808738,0.0720439783248843,129,25.8414,3066.8173,86.1759,1445.3718,44.7473,28.4892,0.00382667725266843,0.0259924178337563,0.00299876167699892,0.000606433583386641,0.00327545877034104,0.00364147110551922,0.776179444373152,0.172881875850982,0.604261634990631,0.0924715667816305,0.928057553956835,0.839208939039515,0.797144099475474,0.808692895663706,0.976734294706232,1,1,0.225461784320066,0.236608725219155,0.14950271143017,0.0341091904185807,0.0876417570894351,0.101356831683359,0.139113500026794,0.411448630499099,0.907119683263109,0.588551369500901,0.0928803167368912,0.273515062088195
"Micronesia",0.251257149,3.293853931,NA,0,NA,NA,NA,NA,NA,NA,NA,NA,NA,NA,NA,NA,NA,0.0914350253791417,0.996109345368768,NA,0,NA,NA,NA,NA,NA,NA,NA,NA,NA,NA,NA,NA,NA,NA,0.362514790249303,NA,0.637485209750697,NA,NA
"Republic of Moldova",1.257420591,3.101522654,NA,NA,113,23.8819,2936.5967,66.8447,556.5872,13.2951,7.289,0.00584380415601502,0.0389791965555983,0.00536183729100281,0.00724893637510888,0.011564910138565,0.00876125038548036,0.457588108867463,0.937945569305922,NA,NA,0.81294964028777,0.775573458142662,0.763296441540274,0.627284820962377,0.37612315823134,0.427373698279974,0.428752095526602,0.344307717959073,0.354827244855588,0.267313411199301,0.407720413124158,0.30944338371865,0.243860943812235,0.321245519111501,0.697766839086693,0.601621901853,0.302233160913307,0.398378098147,0.34061892605727
"Montenegro",0.074176404,3.347737179,0.48787949420197,0.168337188383449,144,23.0145,3482.9716,99.882,727.1363,13.7823,11.7252,0.00347423447265548,0.0193296189503614,0.00334328966521106,0.00409645619397629,0.00714844096475966,0.00937425538553072,0.0269935458921946,1,0.697311372972634,0.21606807285454,1,0.747404325134277,0.905313224749532,0.937313840698876,0.491374579977137,0.443034841543433,0.689697361842299,0.204696411960264,0.175957332175438,0.166679090865846,0.230407431563081,0.19127150439949,0.260923346014738,0.204989186163143,0.485093247929842,0.744876881992222,0.514906752070158,0.255123118007778,0.32500635208036
"Morocco",0.686375004,0.725523445,0.573204690882931,0.000394051633411645,140,19.118,3571.921,95.6875,615.1927,33.7061,11.7553,0.00623490777091655,0.0356006772044415,0.0086146613662517,0.008359076920126,0.0111273867957432,0.00447870296474525,0.249778826831902,0.219408844164876,0.819264090301086,0.000505782339921801,1,0.620864059089579,0.9284334443211,0.89795176440073,0.415726810183319,1,0.691467898003,0.367350925694514,0.324072616258964,0.42948235672942,0.470160878623962,0.297736530657406,0.124660371976979,0.335577279990207,0.322239385909447,0.793491996571104,0.677760614090553,0.206508003428896,0.406615299169885
"Mozambique",3.514800285,0.327704055,0.1171875,0.00061833359097233,106,12.8245,2460.1753,49.7352,391.388,20.1932,8.9415,0.00276128209237773,0.0280809788640641,0.00247861281141565,0.00456110637014931,0.00427434323100151,0.0100561013608541,1,0.099102473436531,0.167492541685718,0.000793657947275985,0.762589928057554,0.41648033925067,0.63946235860555,0.466725649565755,0.264487021357745,0.649114528217703,0.525955118967089,0.162690382922782,0.255620875842625,0.123570785479372,0.256541936266143,0.114369002156391,0.279901870284801,0.198782475492019,0.316847168267381,0.532116420574581,0.683152831732619,0.467883579425419,0.449939628883352
"Myanmar",0.383490287,2.121049076,0.510812921805431,0.0150737031839678,107,NA,NA,NA,NA,NA,NA,NA,NA,NA,NA,NA,NA,0.139556005725828,0.641436096089408,0.730089425912317,0.0193477509575745,0.76978417266187,NA,NA,NA,NA,NA,NA,NA,NA,NA,NA,NA,NA,NA,0.382607319671282,0.76978417266187,0.617392680328718,0.23021582733813,NA
"Namibia",1.158039103,0.451000053,0.315177961432507,0.00185828389171949,90,12.6341,2584.2181,63.1942,299.6955,24.9273,9.5002,0.00608072902205893,0.0452601821053198,0.0119101036084881,0.00905203114494546,0.00904982000378939,0.00700787088854389,0.421422177216711,0.136388976853846,0.450474306932513,0.00238518786702002,0.647482014388489,0.41029702944574,0.671704248626979,0.593027755870857,0.202524272868152,0.801293137256162,0.558818858268874,0.358266957142572,0.41200299485871,0.593776023130052,0.509136470103791,0.242146881425297,0.195057318739202,0.385064440899937,0.252667662217523,0.555021045246465,0.747332337782477,0.444978954753535,0.525791911145317
"Netherlands",1.473790404,0.33783396,0.0908424746075717,0.154101533986147,124,22.4382,3722.887,124.911,1190.207,15.2804,16.137,0.00876458968537052,0.0408322557661055,0.0103275235981496,0.00607551081450538,0.012034764206482,0.0159671965393576,0.536327278764416,0.102165904071154,0.129838395435029,0.197795993814929,0.892086330935252,0.728688771349712,0.967673361260858,1,0.804302391052199,0.491191571270417,0.949207376253639,0.516395791654213,0.371695624717669,0.514876788017252,0.341720447117763,0.322015313019282,0.444431496282333,0.418522576801419,0.241531893021382,0.833307114588868,0.758468106978618,0.166692885411132,0.447894523063723
"Netherlands Antilles",0.090577927,1.832610296,NA,NA,NA,NA,NA,NA,NA,NA,NA,NA,NA,NA,NA,NA,NA,0.0329622264958321,0.554208013016053,NA,NA,NA,NA,NA,NA,NA,NA,NA,NA,NA,NA,NA,NA,NA,NA,0.293585119755942,NA,0.706414880244058,NA,NA
"New Caledonia",0.151779153,2.536417615,0.0238628672781163,0.410205598216497,NA,22.6772,2715.1718,71.2073,801.365,13.5865,8.4726,0.0169584149334491,0.0956064195665332,0.013556298837599,0.014300503515876,0.0405711823997356,0.0459550656902072,0.0552339734881718,0.767049584767838,0.0341064728944696,0.526516653461564,NA,0.736450383972497,0.705742457965201,0.668224383260218,0.541535872000035,0.436740810650606,0.498373577247728,0.999163043465264,0.870304301857863,0.675846783265212,0.804339685115371,1,1,0.891608968950618,0.345726671153011,0.597844580849381,0.654273328846989,0.402155419150619,0.649345905649409
"New Zealand",1.324344129,0.76073849,0.189569884299248,0.245737718682081,127,19.2671,3657.6115,118.1914,1250.6842,15.6535,15.7394,0.00916253462129589,0.0459625150391653,0.0117128073244027,0.00582853209467266,0.0142983824033953,0.0160549040150765,0.481942263246139,0.230058386056199,0.270946489585908,0.315415006114768,0.913669064748201,0.625706136252999,0.950706592596383,1,0.845170875747837,0.50318494678683,0.925819828828564,0.539842079227146,0.418396324683564,0.583939853202943,0.327828993189591,0.38258315711901,0.446872749170579,0.449910526098805,0.324590536250753,0.823465349280116,0.675409463749247,0.176534650719884,0.433951546855979
"Nicaragua",2.141066844,0.834371208,0,0.601335513227096,113,17.0295,2648.4133,71.7796,2539.906,26.3818,12.1915,0.00257212648796168,0.0176158267808681,0.00280909656772072,3.27539680602353e-05,0.00397698970594267,0.00301100379807291,0.779155944412865,0.252325991135588,0,0.771840178214295,0.81294964028777,0.55303925589842,0.688390219745848,0.673594967660129,1,0.848048336099964,0.717125966883327,0.151545633243137,0.160356698825055,0.140046992318417,0.0018422649472867,0.106412686036992,0.0838083830176972,0.107335443064764,0.450830528440687,0.756164055225065,0.549169471559313,0.243835944774935,0.300113619799671
"Nigeria",0.173419209,1.706140411,NA,0,126,13.5679,2974.0509,66.1648,1373.4763,24.7763,16.0877,0.00593261029930591,0.0529531578724639,0.0105783910553586,0.00180331986798753,0.00772681800381658,0.00545137086651356,0.0631090093923882,0.515961679998496,NA,0,0.906474820143885,0.440622526797861,0.773031744171628,0.620904495375273,0.928149701811136,0.79643921149101,0.946307461545249,0.349540035764549,0.482032077995482,0.52738373891969,0.101428717748931,0.206747193002908,0.151733643725288,0.303144234526141,0.193023563130295,0.773132851619434,0.806976436869705,0.226867148380566,0.445662606592137
"Norway",0.463990111,1.920282572,0.105405478628113,0.542552463740498,137,25.7455,3499.0475,99.5428,881.27,13.5981,12.4235,0.0145365531619676,0.0952120896739895,0.0106678992445282,0.0114648076072032,0.0369069465126575,0.0233368492657062,0.168850708303451,0.580721384672105,0.150652855663124,0.696389587996815,0.985611510791367,0.836094551380414,0.909491761511,0.934130716064156,0.595533019182857,0.437113695014022,0.730772624334578,0.856470770163665,0.866714720704339,0.53184615321513,0.644844409181018,0.987522624453099,0.649558663107077,0.756159556804055,0.399153634158874,0.775535411182628,0.600846365841126,0.224464588817372,0.527156837154185
"Oman",0.401276282,1.312989872,0,0.00131256604292138,127,NA,NA,NA,NA,NA,NA,NA,NA,NA,NA,NA,NA,0.146028509734931,0.397067237731661,0,0.00168473537019237,0.913669064748201,NA,NA,NA,NA,NA,NA,NA,NA,NA,NA,NA,NA,NA,0.136195120709196,0.913669064748201,0.863804879290804,0.0863309352517986,NA
"Pakistan",0.900180273,1.639835938,0,0.000242066532512693,108,14.5521,2583.0306,73.5509,870.4686,23.7699,12.4994,0.00033987804867662,0.00187126466161529,0.000468416929515328,0.000135115729619655,0.000608317199225563,0.000438554221936146,0.327584733151444,0.495910242813181,0,0.000310702879648077,0.776978417266187,0.472584782627757,0.671395587064999,0.690217221980527,0.588233791530263,0.764088278444326,0.735237198905914,0.0200250782196009,0.0170341039053874,0.0233528398003339,0.007599658522216,0.0162768002731725,0.0122067332593789,0.0160825356633483,0.205951419711068,0.671247896831425,0.794048580288932,0.328752103168575,0.379627739706952
"Palau",0.006629957,1.880604489,0.719860679341528,0.0117,NA,NA,NA,NA,NA,NA,NA,NA,NA,NA,NA,NA,NA,0.00241270860936824,0.568722155164493,1,0.0150174567882154,NA,NA,NA,NA,NA,NA,NA,NA,NA,NA,NA,NA,NA,NA,0.396538080140519,NA,0.603461919859481,NA,NA
"Palestine",0.01268201,1.394173367,0,0.0525578135949544,NA,NA,NA,NA,NA,NA,NA,NA,NA,NA,NA,NA,NA,0.00461511209063559,0.421618307619161,0,0.0674602303030178,NA,NA,NA,NA,NA,NA,NA,NA,NA,NA,NA,NA,NA,NA,0.123423412503204,NA,0.876576587496796,NA,NA
"Panama",0.395719268,2.279220386,0.24778780907037,0.0631126375692547,113,21.8986,2666.2372,82.3206,1535.934,29.5885,14.0357,0.00654987860794981,0.0398868569956973,0.00538884677559296,0.000398192240031147,0.00745974906844689,0.00662462105209794,0.144006255967648,0.689269401196653,0.354155604820751,0.0810078040586823,0.81294964028777,0.711165063520193,0.693023106326552,0.772513944000279,1,0.951128360941777,0.825605129260904,0.385908510313595,0.363089668960851,0.268659964081956,0.0223965415348117,0.199601204486201,0.184389929642952,0.237340969836728,0.317109766510933,0.823769320619639,0.682890233489067,0.176230679380361,0.365487294235385
"Papua New Guinea",0.229739571,1.297547389,0.00991262592510078,0.0117661075768777,NA,NA,NA,NA,NA,NA,NA,NA,NA,NA,NA,NA,NA,0.0836045604615936,0.392397206226248,0.0141678157736523,0.015102308726603,NA,NA,NA,NA,NA,NA,NA,NA,NA,NA,NA,NA,NA,NA,0.126317972797024,NA,0.873682027202976,NA,NA
"Peru",1.001455792,0.801869735,0.403806210185155,0.0212792877746654,115,12.7153,2380.3828,70.7091,1327.4904,29.3906,15.8374,0.0133148164236441,0.0812615490792557,0.0191913049633119,0.000599831079757714,0.0182384734868097,0.0178300068729458,0.364439921896943,0.242497072892173,0.577147976468386,0.0273128875760716,0.827338129496403,0.412934029215489,0.618722251081898,0.663549168952974,0.897073956730921,0.944766825121091,0.93158436516573,0.784487969732897,0.739723086168852,0.956778976437294,0.0337378289707849,0.488008543257178,0.496281023017106,0.583169571264019,0.302849464708393,0.756566960823501,0.697150535291607,0.243433039176499,0.507917715244042
"Philippines",7.625105916,0.380463059,0.484257098572709,0.865766042422443,118,6.9853,2617.0403,58.9389,713.906,19.6053,5.4557,0.0170375442823712,0.111355030378918,0.048387556726268,0.0158743265920163,0.0486863830489213,0.0204092668819146,1,0.115057563746438,0.692133992697979,1,0.848920863309353,0.226850178468377,0.680235576222465,0.553095119496676,0.48243398231275,0.630216362937352,0.320914090762036,1,1,1,0.892860229590231,1,0.568072234596525,0.910155410697793,0.701797889111104,0.534666596215573,0.298202110888896,0.465333403784427,0.557896975123705
"Poland",0.30696129,1.688920323,NA,0,136,20.9213,3788.0292,100.3469,1112.4902,14.7833,12.5578,0.00403721623898781,0.0236159462823465,0.00533487976368581,0.00306288747532338,0.00610658714105974,0.00697983873695318,0.111706327375242,0.510754074881756,NA,0,0.97841726618705,0.679426887719992,0.984605481852734,0.94167656075395,0.75178395680931,0.475212190489906,0.738672391988471,0.237866409113391,0.21497572793914,0.265969448636935,0.172273790549431,0.163394524061282,0.194277070870094,0.208126161861712,0.207486800752333,0.792827819400202,0.792513199247667,0.207172180599798,0.402603847236392
"Portugal",0.701905444,1.020854069,0.795276326230203,0.0580071010585837,140,29.2538,3720.8262,100.3939,1060.8799,14.7397,11.6195,0.0170057660849625,0.109210718977946,0.0123552769212889,0.0132940684426201,0.0386173243254873,0.0407332578003623,0.255430511495208,0.308721121121456,1,0.0744546267997372,1,0.950027880102245,0.967137706737128,0.942117618707464,0.716907428866758,0.473810659606723,0.683479897650069,1,0.994144106289358,0.615970056697493,0.747732190909799,1,1,0.892974392316108,0.4096515648541,0.819068741667198,0.5903484351459,0.180931258332802,0.554751361931603
"Qatar",0.120972255,2.58537892,NA,0,NA,NA,NA,NA,NA,NA,NA,NA,NA,NA,NA,NA,NA,0.0440230307878603,0.781856195653933,NA,0,NA,NA,NA,NA,NA,NA,NA,NA,NA,NA,NA,NA,NA,NA,0.275293075480598,NA,0.724706924519402,NA,NA
"Reunion",0.215028416,1.663492114,0,0.00176242509693338,NA,NA,NA,NA,NA,NA,NA,NA,NA,NA,NA,NA,NA,0.0782510219209589,0.503064214568733,0,0.0022621489517661,NA,NA,NA,NA,NA,NA,NA,NA,NA,NA,NA,NA,NA,NA,0.145894346360364,NA,0.854105653639636,NA,NA
"Romania",1.016079417,1.770761956,0.1171875,0.00654664484451719,135,24.1785,3497.3417,97.3916,975.435,14.4382,10.7736,0.00200895125574947,0.0108326375169933,0.00217692578116922,0.00167938017397366,0.00337162137075815,0.00357174578548572,0.369761607382636,0.535504175274577,0.167492541685718,0.00840290222737864,0.971223021582734,0.785205651882905,0.909048380548957,0.91394339968972,0.659166601117286,0.464118880678289,0.633722537572424,0.118364237385702,0.0986093933257834,0.10853023411742,0.09445766149586,0.0902147887951486,0.0994160947333964,0.101598734975552,0.270290306642578,0.762346924724617,0.729709693357422,0.237653075275383,0.356320501202786
"Russian Federation",0.614053745,1.559256747,0.433399453220999,0.00596574216681823,133,23.5421,3447.4872,92.4059,725.7881,13.6141,10.6554,0.00687049077368583,0.0406326966135279,0.00701189660225723,0.00723119158332852,0.0126840374833418,0.0129279697519483,0.223460387024578,0.471541923246263,0.619444701740251,0.00765728847861772,0.956834532374101,0.764538328564326,0.896089923419052,0.867156535033702,0.490463511160019,0.437628018273905,0.626769800888209,0.404798473116482,0.369879039704332,0.349576814438472,0.406722347551347,0.33938797889756,0.359837553611166,0.37170036788656,0.330526075122427,0.719925807101902,0.669473924877573,0.280074192898098,0.44041616188741
"Saint Helena",0.0691469,4.034904929,NA,NA,NA,NA,NA,NA,NA,NA,NA,NA,NA,NA,NA,NA,NA,0.0251632583651937,1,NA,NA,NA,NA,NA,NA,NA,NA,NA,NA,NA,NA,NA,NA,NA,NA,0.512581629182597,NA,0.487418370817403,NA,NA
"Saint Kitts and Nevis",0.294690155,0.871928462,0,1.51251607048325e-05,NA,16.9789,2280.5007,56.2072,218.7174,12.4718,6.022,0.020467522768136,0.146436043780868,0.0156422795351878,0.0540129866210919,0.0546154101627366,0.0290702224217835,0.107240736865195,0.263683851101294,0,1.94137989144988e-05,NA,0.551396002347319,0.592760343713559,0.527460268185758,0.147801960318432,0.400908552038584,0.354224875738949,1,1,0.779842966980826,1,1,0.809141568235074,0.931497422535983,0.0927360004413511,0.429092000390434,0.907263999558649,0.570907999609566,0.803223140568066
"Saint Lucia",0.006342503,1.042932454,0,0.00996131528046422,NA,8.8582,2556.8535,73.1007,267.3042,16.5062,7.3766,0.0204497011659057,0.108902568648453,0.0434492109006344,0.0469003966267646,0.0386332863378792,0.0227675721849972,0.00230810118271414,0.315397945926031,0,0.0127857796391591,NA,0.287673292615719,0.664591490581527,0.685992449838573,0.180635307302255,0.530595162018256,0.433904885150437,1,0.991339016855065,1,1,1,0.633713385311748,0.937508733694469,0.0826229566869761,0.463898764584461,0.917377043313024,0.536101235415539,0.796995670807677
"Saint Vincent and the Grenadines",3.969114878,2.755048962,NA,NA,120,17.0781,2871.3491,76.8815,561.6194,20.2522,9.0015,0.0100120009789127,0.0615290934750233,0.0109302615630544,0.0130944461676359,0.0176550574904183,0.0105839414977138,1,0.833166884593318,NA,NA,0.863309352517986,0.554617558716275,0.74633692479797,0.721472277724621,0.379523751987092,0.651011095238524,0.52948442692862,0.589891296357909,0.560098735874762,0.544926178312699,0.736504326266813,0.472398026800425,0.294593790763401,0.533068725729335,0.916583442296659,0.635107912558727,0.0834165577033409,0.364892087441273,0.327125790291316
"Samoa",1.118307652,1.023639668,0,0.000370617251033196,127,NA,NA,NA,NA,NA,NA,NA,NA,NA,NA,NA,NA,0.406963499145285,0.30956352678196,0,0.000475703295073351,0.913669064748201,NA,NA,NA,NA,NA,NA,NA,NA,NA,NA,NA,NA,NA,0.17925068230558,0.913669064748201,0.82074931769442,0.0863309352517986,NA
"Sao Tome and Principe",0.673080868,0.471634364,NA,NA,121,NA,NA,NA,NA,NA,NA,NA,NA,NA,NA,NA,NA,0.244940955880204,0.142629092673465,NA,NA,0.870503597122302,NA,NA,NA,NA,NA,NA,NA,NA,NA,NA,NA,NA,NA,0.193785024276834,0.870503597122302,0.806214975723166,0.129496402877698,NA
"Saudi Arabia",1.631346912,1.00160224,0.439909917229408,0.259539761141858,130,22.6252,3273.6675,86.2947,343.4695,23.2082,14.2468,0.00267994779555346,0.0165897766606756,0.00263937980658734,0.00569916717496022,0.00447610480950108,0.00241978740272835,0.593663690345004,0.302899087969998,0.62874991060913,0.333130525450564,0.935251798561151,0.734761664908125,0.850909746488526,0.8098077400228,0.232105289334967,0.746032317502035,0.838022411105556,0.157898294518768,0.15101657462028,0.131585794431568,0.320552792133386,0.119767555608798,0.0673524455861033,0.158028909483151,0.464610803593674,0.735270138274737,0.535389196406326,0.264729861725263,0.31938265587158
"Senegal",0.269532161,3.678674347,0.614894271434064,0.0011116439251929,109,23.029,2478.4564,57.2835,909.9625,20.4641,13.9354,0.0140590131018645,0.112362235198617,0.014096162447349,0.00654464530131736,0.0144678107553425,0.0191877522099677,0.0980854876353385,1,0.87884974413209,0.0014268431290997,0.784172661870504,0.747875217950304,0.644214083136686,0.53756049532122,0.61492245846129,0.657822663911608,0.819705302785212,0.828334863494223,1,0.702761584157585,0.368107174338955,0.387116567400304,0.534072553309579,0.636732123783441,0.494590518724132,0.686610411919546,0.505409481275868,0.313389588080454,0.485177064379921
"Seychelles",0.177102053,9.843241056,NA,0,NA,NA,NA,NA,NA,NA,NA,NA,NA,NA,NA,NA,NA,0.0644492336843044,1,NA,0,NA,NA,NA,NA,NA,NA,NA,NA,NA,NA,NA,NA,NA,NA,0.354816411228101,NA,0.645183588771899,NA,NA
"Sierra Leone",0.708356598,1.055401292,NA,NA,106,NA,NA,NA,NA,NA,NA,NA,NA,NA,NA,NA,NA,0.257778151879024,0.319168703924981,NA,NA,0.762589928057554,NA,NA,NA,NA,NA,NA,NA,NA,NA,NA,NA,NA,NA,0.288473427902002,0.762589928057554,0.711526572097998,0.237410071942446,NA
"Singapore",0.559339507,0.513559733,0.762222662689176,3.10713189113747,NA,NA,NA,NA,NA,NA,NA,NA,NA,NA,NA,NA,NA,0.203549320772169,0.155307934159388,1,1,NA,NA,NA,NA,NA,NA,NA,NA,NA,NA,NA,NA,NA,NA,0.589714313732889,NA,0.410285686267111,NA,NA
"Slovenia",0.814998806,1.125875338,0.256054140046968,1.21193666260658,127,27.1432,3308.405,89.1357,690.6633,13.4741,10.8194,0.00360236428127753,0.0208726806431093,0.00288170149429691,0.00402457318928051,0.00791408026323086,0.00973265746877343,0.296586333193569,0.340481080641466,0.36597042112527,1,0.913669064748201,0.881485371308728,0.859938909443727,0.836468285680932,0.466727337011127,0.433127689749923,0.636416575983059,0.212245618064952,0.190003807666511,0.143666697568616,0.226364332430385,0.211757786816579,0.270899121895848,0.209156227407149,0.500759458740076,0.718261890560814,0.499240541259924,0.281738109439186,0.330044959368753
"Solomon Islands",0.301029904,0.907809903,0,0.252408325997132,115,NA,NA,NA,NA,NA,NA,NA,NA,NA,NA,NA,NA,0.109547835839372,0.27453492083727,0,0.32397701954254,0.827338129496403,NA,NA,NA,NA,NA,NA,NA,NA,NA,NA,NA,NA,NA,0.177014944054795,0.827338129496403,0.822985055945205,0.172661870503597,NA
"Somalia",6.597698869,0.732914792,NA,NA,NA,NA,NA,NA,NA,NA,NA,NA,NA,NA,NA,NA,NA,1,0.221644095021713,NA,NA,NA,NA,NA,NA,NA,NA,NA,NA,NA,NA,NA,NA,NA,NA,0.610822047510857,NA,0.389177952489143,NA,NA
"South Africa",1.111196301,0.778605878,0.683332452931801,0.0072270812927698,125,25.7319,2942.1025,79.1557,589.1621,30.9467,18.0919,0.00292122725159983,0.0194950079400473,0.00282288715563173,0.0023422925541205,0.00325928896356933,0.00306651436178979,0.404375606375854,0.235461744109397,0.976666362520608,0.00927627188197354,0.899280575539568,0.835652886394348,0.764727539500655,0.742813852147614,0.39813619458408,0.994787976665154,1,0.172114099272633,0.177462866530308,0.140734519540312,0.131743532899929,0.0872091000552201,0.0853534659526606,0.132436264041844,0.406444996221958,0.805057003547346,0.593555003778042,0.194942996452654,0.306978088090847
"Spain",0.923345622,0.862202822,0.342965190995369,0.239910901740947,127,35.5618,3405.5247,94.359,560.1272,14.8457,11.1157,0.013028300749074,0.0772501828124503,0.00694744360521683,0.0181979378969634,0.0384613474634976,0.0423768027105492,0.336014838651574,0.26074267608363,0.490189751889426,0.307936034180894,0.913669064748201,1,0.88518279853938,0.885484839055137,0.378515372748919,0.477218051203452,0.653845475133084,0.767606918377129,0.703207658291138,0.346363522134769,1,1,1,0.802863016467173,0.348720825201381,0.741987943061168,0.651279174798619,0.258012056938832,0.570718082734875
"Sri Lanka",7.254664223,0.725660514,0.0108855609278258,0.00962824269649551,108,4.1898,2525.2946,58.5806,280.089,17.0676,11.4849,0.0142229148234824,0.117675817591489,0.088149854408325,0.0428969077686021,0.0206992050431436,0.0605430757692939,1,0.219450295824458,0.0155584022824643,0.012358266550519,0.776978417266187,0.136065291075087,0.656388526902883,0.549732756417018,0.189274850851507,0.548641479399425,0.675562483456369,0.837991694256037,1,1,1,0.553850567976075,1,0.898640377038685,0.31184174116436,0.504663400766925,0.68815825883564,0.495336599233075,0.694045078369133
"Saint Pierre and Miquelon",0.882950251,1.361923569,0.0965239873599539,0.0221056575496441,NA,NA,NA,NA,NA,NA,NA,NA,NA,NA,NA,NA,NA,0.321314553357065,0.411865499556934,0.137958809399969,0.0283735689766554,NA,NA,NA,NA,NA,NA,NA,NA,NA,NA,NA,NA,NA,NA,0.224878107822656,NA,0.775121892177344,NA,NA
"Sudan",0.010053414,3.368559949,NA,NA,NA,NA,NA,NA,NA,NA,NA,NA,NA,NA,NA,NA,NA,0.00365853934065382,1,NA,NA,NA,NA,NA,NA,NA,NA,NA,NA,NA,NA,NA,NA,NA,NA,0.501829269670327,NA,0.498170730329673,NA,NA
"Sudan (former)",1.146941449,1.802489541,NA,NA,107,12.1727,2278.6537,70.2023,517.9625,19.8591,12.1088,0.000161527967150076,0.00101638265412957,0.000231785060011337,0.000154954982262229,0.000166221095401691,0.000374638931270803,0.417383628346848,0.545099058528823,NA,NA,0.76978417266187,0.395312895286103,0.592280261267262,0.658793250424448,0.350021867814065,0.638374815647257,0.712261404076351,0.00951697289491914,0.00925212135579561,0.0115556015026105,0.00871552819811494,0.0044475934175224,0.0104277128661808,0.00898592170585724,0.481241343437835,0.588118381025336,0.518758656562165,0.411881618974664,0.313208732414229
"Suriname",5.78376035,1.819203027,0.0436799908827343,0.00198394076854893,116,24.6438,2595.7203,62.5622,305.4681,22.7189,9.3119,0.00752860699205535,0.0602254012806455,0.00495887756758292,0.00330860898404776,0.015662455567607,0.00915129869844051,1,0.550153459831079,0.0624304869867364,0.00254647391128739,0.834532374100719,0.80031643997237,0.674693964010738,0.587096934027865,0.206425204372157,0.730303669310717,0.547742713449604,0.443573642038841,0.548231238585252,0.247223928360266,0.186094531947384,0.419081790529563,0.254717561937026,0.349820448899722,0.403782605182276,0.625873042749167,0.596217394817724,0.374126957250833,0.440054933656093
"Sweden",1.340683557,1.101116738,0.486685798376003,0.0232071784034731,124,19.9522,3442.698,96.3513,1104.5086,12.6347,12.4103,0.00841839452661837,0.0505550002957926,0.00907802648329508,0.00541192707779731,0.025868705833058,0.0187979769998496,0.487888346849359,0.332993719831037,0.695605259710632,0.0297874187051763,0.892086330935252,0.647955009926096,0.894845088090515,0.904181004178226,0.746390256415662,0.406145005728275,0.729996176583042,0.495998519278864,0.460201673039697,0.452583339348842,0.304396814894681,0.692171384774556,0.523223536738664,0.488095878012551,0.386568686274051,0.745942695979581,0.613431313725949,0.254057304020419,0.451861498586306
"Syrian Arab Republic",1.281796125,0.49748782,NA,NA,NA,32.807,4194.2759,124.935,853.4948,24.7036,18.6344,0.00356006861637309,0.0197357826069556,0.00248528058036395,0.0042308752203294,0.00952949383935088,0.00860563642546026,0.466458612965717,0.150447553865477,NA,NA,NA,1,1,1,0.576763460801876,0.794102255178914,1,0.209753624241405,0.179654635967327,0.123903205872966,0.237967903626904,0.254981559168488,0.2395295795102,0.207631751397882,0.308453083415597,0.895144285996798,0.691546916584403,0.104855714003202,0.334678127328496
"Taiwan",0.903059784,0.501120818,0.817004800217163,0.182168281464064,NA,NA,NA,NA,NA,NA,NA,NA,NA,NA,NA,NA,NA,0.328632616415313,0.151546225310937,1,0.233820879920516,NA,NA,NA,NA,NA,NA,NA,NA,NA,NA,NA,NA,NA,NA,0.428499930411692,NA,0.571500069588308,NA,NA
"United Republic of Tanzania",0.232200088,1.048922006,0.154111396366276,0.0212926183141814,102,12.8298,2321.8097,57.1719,759.6055,20.6237,15.189,0.000468273950272496,0.00373222159837263,0.000521439928915494,0.000194451330328704,0.000631454341957996,0.000516523708160999,0.0844999675584114,0.317209273582556,0.220266747563714,0.0273299979009558,0.733812949640288,0.416652458693769,0.60349760726207,0.536513217286919,0.513316187777757,0.662953038428948,0.893444310461457,0.0275899621023489,0.0339743766922482,0.025996291675582,0.0109370220169673,0.0168958829682321,0.0143769386139546,0.0216284123448889,0.162326496651409,0.62288425279303,0.837673503348591,0.37711574720697,0.412139220966817
"Thailand",0.992297717,2.330804995,0.727309318554556,0.289105228120659,112,12.9027,2759.3385,59.0223,513.2421,13.9656,5.9228,0.00995848823911963,0.0672942091379021,0.0155560929107861,0.0139095253487584,0.0342465894509354,0.0233174156498826,0.361107205501084,0.7048693373743,1,0.371079082952919,0.805755395683453,0.419019912920552,0.717222510689015,0.553877762758868,0.346831978150567,0.448927057389475,0.348389753242552,0.586738410185137,0.612578527345458,0.775546148685495,0.782348903079114,0.916339201390095,0.64901774717751,0.720428156310468,0.609263906457076,0.520003481547783,0.390736093542924,0.479996518452217,0.530386922768536
"Timor-Leste",0.006708445,0.649143287,0.00794079106328127,0.470625,101,NA,NA,NA,NA,NA,NA,NA,NA,NA,NA,NA,NA,0.00244127118878347,0.196310373261692,0.0113495319738386,0.6040675727311,0.726618705035971,NA,NA,NA,NA,NA,NA,NA,NA,NA,NA,NA,NA,NA,0.203542187288854,0.726618705035971,0.796457812711146,0.273381294964029,NA
"Togo",0.507636435,5.352943584,NA,NA,109,NA,NA,NA,NA,NA,NA,NA,NA,NA,NA,NA,NA,0.184734048373692,1,NA,NA,0.784172661870504,NA,NA,NA,NA,NA,NA,NA,NA,NA,NA,NA,NA,NA,0.592367024186846,0.784172661870504,0.407632975813154,0.215827338129496,NA
"Tonga",0.12787718,1.107836437,0.0624349635796047,0.000147338403041825,NA,NA,NA,NA,NA,NA,NA,NA,NA,NA,NA,NA,NA,0.0465358030418194,0.335025854562018,0.089236400981361,0.000189115222301305,NA,NA,NA,NA,NA,NA,NA,NA,NA,NA,NA,NA,NA,NA,0.117746793451875,NA,0.882253206548125,NA,NA
"Trinidad and Tobago",0.361733601,1.527771329,NA,NA,117,20.1074,2908.0079,67.9135,267.0759,19.4543,7.6414,0.0101034147809571,0.0707721587018781,0.00973458527706218,0.026941090528947,0.0242270657209412,0.0103839665266805,0.131638526981468,0.462020274815691,NA,NA,0.841726618705036,0.652995186825913,0.755865482666041,0.637314666509512,0.180481029738876,0.625362437172199,0.449480897620658,0.595277253301636,0.644238268196506,0.485315957160517,1,0.648245866542668,0.289027680558878,0.610350837626701,0.29682940089858,0.591889474176891,0.703170599101421,0.408110525823109,0.57387732085041
"Tunisia",0.412828298,0.917837565,0.337619793821505,0.0914350075147171,141,26.2731,3435.5663,94.4049,516.4541,17.6536,10.827,0.00690627772195809,0.0371927304620841,0.00693329374911982,0.0104627669719342,0.0108396693451556,0.00957741423845561,0.150232405545833,0.277567431701334,0.482549737732881,0.117360792673711,1,0.853228554810462,0.892991377217608,0.885915574375697,0.349002541153523,0.567478568792665,0.636863621658186,0.406906983628365,0.338565061485918,0.345658083663591,0.588484082556833,0.290038047885124,0.266578076497065,0.372705055952816,0.25692759191344,0.74078289114402,0.74307240808656,0.25921710885598,0.458331524298452
"Turkey",0.908930025,1.237996844,0.536801190207882,0.417131569020628,154,36.7664,4014.2805,120.2539,676.3445,28.8644,20.1698,0.00278242364976737,0.0136302165667808,0.00225536565995039,0.00382125203945622,0.00313703308907376,0.00360234856778592,0.330768856665403,0.374388255119453,0.767233670210874,0.535406436988698,1,1,1,1,0.457051167170924,0.927852018911666,1,0.163936010117772,0.124075728043225,0.112440839835769,0.214928422537744,0.0839378881711574,0.100267893625867,0.133264463721922,0.501949304746107,0.912129026583227,0.498050695253893,0.0878709734167729,0.239728710797529
"Turks and Caicos Islands",0.339943464,1.610068434,NA,0,NA,NA,NA,NA,NA,NA,NA,NA,NA,NA,NA,NA,NA,0.123708875078867,0.486908116567194,NA,0,NA,NA,NA,NA,NA,NA,NA,NA,NA,NA,NA,NA,NA,NA,0.203538997215354,NA,0.796461002784646,NA,NA
"Tuvalu",2.922425257,0.567217379,0,0.000215777662696358,NA,NA,NA,NA,NA,NA,NA,NA,NA,NA,NA,NA,NA,1,0.171534786882897,0,0.000276959976530314,NA,NA,NA,NA,NA,NA,NA,NA,NA,NA,NA,NA,NA,NA,0.292952936714857,NA,0.707047063285143,NA,NA
"Ukraine",0.209861122,1.483530371,0.163359745588291,0.00864061350982246,125,22.7755,3265.2268,84.8418,801.1542,13.1944,10.1237,0.00710320336706779,0.0402410250607601,0.00765158789049637,0.00680094044317561,0.0128155812598161,0.0148275480506882,0.0763705912151584,0.448641165530633,0.233485132780503,0.0110906017100367,0.899280575539568,0.739642712511492,0.848715793102245,0.796173418732163,0.54139342035588,0.424136676263081,0.595494250169113,0.418509531842708,0.366313657391778,0.381468505866822,0.382522635547716,0.34290770804475,0.412710481149415,0.384072086640531,0.192396872809083,0.692119549524792,0.807603127190917,0.307880450475208,0.499851888102219
"USSR",3.755813953,1.083825576,NA,NA,NA,NA,NA,NA,NA,NA,NA,NA,NA,NA,NA,NA,NA,1,0.327764620902762,NA,NA,NA,NA,NA,NA,NA,NA,NA,NA,NA,NA,NA,NA,NA,NA,0.663882310451381,NA,0.336117689548619,NA,NA
"United Arab Emirates",1.620048122,0.324890468,0.49560546875,0.00914285714285714,122,31.7848,3271.9059,97.8636,362.7687,26.6928,15.871,0.00881910448585945,0.0522558540662718,0.00542000264277265,0.0175997184983159,0.0101636947892382,0.00657370152250794,0.589551946044333,0.0982516037976769,0.708353874212517,0.0117352531678362,0.877697841726619,1,0.850451861682139,0.91837274764841,0.245147048210015,0.858045494463953,0.933560777624187,0.519607717661695,0.47568452827045,0.270213234105396,0.989905846275891,0.271950933382326,0.182972633709386,0.451722482234191,0.351973169305591,0.811896538765046,0.648026830694409,0.188103461234954,0.429284258054518
"United Kingdom",0.49490484,1.610935729,0.24098564182119,0.252964840079927,137,25.1976,3349.3622,90.7778,778.6964,17.7893,11.4254,0.005607300398864,0.035317963202457,0.00424778748769724,0.00514795625098562,0.0169240394209393,0.0113223493898017,0.180100891798546,0.487170399191982,0.344433473351639,0.324691329473344,0.985611510791367,0.818301298007928,0.870584731192234,0.851878099839755,0.526217184425683,0.571840672940553,0.672062586394518,0.330373289846933,0.3214990734651,0.211772663316624,0.289549630564308,0.452838107850019,0.315146661365225,0.320196571068035,0.334099023453878,0.756642297656006,0.665900976546122,0.243357702343994,0.409818416652717
"United States of America",2.048564456,0.630328023,0.680265727210622,0.0368929119092752,143,53.7491,3975.6395,104.0201,937.759,23.1853,13.5961,0.0051297400078654,0.0323642055718078,0.00192886466936191,0.00476588067936431,0.022275357639323,0.0150486277943352,0.745493387036592,0.19062036371707,0.972283184402692,0.0473536504605964,1,1,1,0.976146647452806,0.633706410675386,0.745296192336326,0.799747066262757,0.302236185313215,0.294611046654196,0.0961631930484244,0.268059579907911,0.596023830610627,0.418864022318934,0.329326309642218,0.488937646404238,0.879270902389611,0.511062353595762,0.120729097610389,0.320372586949457
"Uruguay",1.043711249,0.588638809,NA,0,122,17.8626,3107.8075,107.1745,897.6721,35.0373,19.1219,0.002108266036426,0.0117571997070199,0.00217188595165317,0.000502120986048246,0.00257990994618736,0.00274469636644376,0.379817111356345,0.178012938938561,NA,0,0.877697841726619,0.580094483831651,0.807798498766335,1,0.606617014024324,1,1,0.12421570752081,0.107025673895262,0.108278974344569,0.0282420710123594,0.0690308920581613,0.0763959728292014,0.0855315486100607,0.185943350098302,0.838886834049847,0.814056649901698,0.161113165950153,0.353567121487304
"Vanuatu",0.099386471,0.642417121,0.236442109213736,0.000215672603079687,131,NA,NA,NA,NA,NA,NA,NA,NA,NA,NA,NA,NA,0.0361677450150019,0.194276282815833,0.337939539914588,0.000276825127961635,0.942446043165468,NA,NA,NA,NA,NA,NA,NA,NA,NA,NA,NA,NA,NA,0.142165098218346,0.942446043165468,0.857834901781654,0.0575539568345323,NA
"Venezuela",0.652349782,3.810957045,0.000110210074288242,0.107291306068539,124,28.2345,2834.3411,83.6347,1217.4391,34.1952,14.9639,0.00560825583060557,0.0349291143508616,0.00410832881758133,0.000463740650353681,0.00988775386095871,0.00773634311248362,0.237396703379961,1,0.000157519918608294,0.137713038686793,0.892086330935252,0.916925738903898,0.736717600936262,0.784845736696284,0.822704940477108,1,0.880203523425782,0.330429582377248,0.317959386173699,0.204819976987899,0.0260833479231398,0.264567556120402,0.215333639612915,0.226532248199217,0.34381681549634,0.861926267339227,0.65618318450366,0.138073732660773,0.340263055121217
"Viet Nam",1.959322969,3.735916648,0.780261967434028,0.312552069060016,116,NA,NA,NA,NA,NA,NA,NA,NA,NA,NA,NA,NA,0.713017504614168,1,1,0.401174118903941,0.834532374100719,NA,NA,NA,NA,NA,NA,NA,NA,NA,NA,NA,NA,NA,0.778547905879527,0.834532374100719,0.221452094120473,0.165467625899281,NA
"Yemen",1.647283971,1.859971565,NA,0,102,10.4767,2372.9504,68.8528,112.1391,19.6737,12.1693,NA,NA,NA,NA,NA,NA,0.599463347787323,0.562482458793852,NA,0,0.733812949640288,0.340234673494288,0.616790380603359,0.646129256631541,0.0757798822057353,0.632415094873354,0.715820122937561,NA,NA,NA,NA,NA,NA,NA,0.387315268860392,0.537283194340875,0.612684731139608,0.462716805659125,NA
"Yugoslavia SFR",0.756061573,3.989962707,NA,NA,NA,NA,NA,NA,NA,NA,NA,NA,NA,NA,NA,NA,NA,0.275138476220825,1,NA,NA,NA,NA,NA,NA,NA,NA,NA,NA,NA,NA,NA,NA,NA,NA,0.637569238110413,NA,0.362430761889587,NA,NA
"Puerto Rico",NA,NA,NA,0,NA,NA,NA,NA,NA,NA,NA,NA,NA,NA,NA,NA,NA,NA,NA,NA,0,NA,NA,NA,NA,NA,NA,NA,NA,NA,NA,NA,NA,NA,NA,0,NA,1,NA,NA
"Nauru",NA,NA,0,0.000566037735849057,NA,NA,NA,NA,NA,NA,NA,NA,NA,NA,NA,NA,NA,NA,NA,0,0.000726533952018162,NA,NA,NA,NA,NA,NA,NA,NA,NA,NA,NA,NA,NA,NA,0.000363266976009081,NA,0.999636733023991,NA,NA
"Northern Mariana Islands",NA,NA,0,0.0145032632342277,NA,NA,NA,NA,NA,NA,NA,NA,NA,NA,NA,NA,NA,NA,NA,0,0.0186155665733442,NA,NA,NA,NA,NA,NA,NA,NA,NA,NA,NA,NA,NA,NA,0.00930778328667212,NA,0.990692216713328,NA,NA
"Bonaire",NA,NA,NA,0,NA,NA,NA,NA,NA,NA,NA,NA,NA,NA,NA,NA,NA,NA,NA,NA,0,NA,NA,NA,NA,NA,NA,NA,NA,NA,NA,NA,NA,NA,NA,0,NA,1,NA,NA
"Zanzibar",NA,NA,0.0770660152546132,4.04690922365539,NA,NA,NA,NA,NA,NA,NA,NA,NA,NA,NA,NA,NA,NA,NA,0.110148119659396,1,NA,NA,NA,NA,NA,NA,NA,NA,NA,NA,NA,NA,NA,NA,0.555074059829698,NA,0.444925940170302,NA,NA
