,(table of contents),A_1 - Total population,,,,,,,,,,,,,,,,,,,,,,,,
,(home),(millions),,,,,,,,,,,,,,,,,,,,,,,,
FAOST_CODE,Regions/Subregions/Countries,1990-92,1991-93,1992-94,1993-95,1994-96,1995-97,1996-98,1997-99,1998-00,1999-01,2000-02,2001-03,2002-04,2003-05,2004-06,2005-07,2006-08,2007-09,2008-10,2009-11,2010-12,2011-13,2012-14,2013-15,2014-16
5001,World,5408.0,5494.0,5578.1,5660.4,5741.1,5820.3,5898.1,5975.0,6051.3,6127.6,6204.1,6280.8,6358.0,6435.8,6514.2,6593.3,6673.1,6753.6,6834.6,6916.1,6997.9,7079.8,7161.8,7243.3,7324.3
5852,Developing countries,4248.8,4329.3,4408.1,4485.5,4561.5,4636.3,4710.0,4782.7,4855.1,4927.3,4999.5,5072.0,5144.7,5217.8,5291.3,5365.2,5439.6,5514.6,5590.3,5666.8,5744.1,5822.0,5900.1,5978.1,6055.6
5100,Africa,646.9,664.0,681.4,698.9,716.6,734.4,752.4,770.7,789.4,808.5,828.0,848.1,868.7,889.9,911.8,934.3,957.5,981.5,1006.1,1031.3,1057.2,1083.7,1110.8,1138.4,1166.4
421exclSudan,Northern Africa,122.3,124.6,126.9,129.1,131.3,133.4,135.5,137.5,139.6,141.6,143.6,145.6,147.7,149.8,152.0,154.2,156.5,158.9,161.4,164.0,166.6,169.3,172.0,174.8,177.4
4,Algeria,26.9,27.5,28.1,28.7,29.3,29.8,30.3,30.8,31.3,31.7,32.1,32.6,33.0,33.5,34.0,34.5,35.1,35.7,36.4,37.1,37.8,38.5,39.2,39.9,40.6
59,Egypt,57.4,58.4,59.3,60.2,61.2,62.1,63.1,64.1,65.1,66.1,67.2,68.3,69.4,70.6,71.8,73.0,74.2,75.5,76.8,78.1,79.4,80.7,82.1,83.4,84.7
124,Libya,4.4,4.5,4.6,4.7,4.7,4.8,4.9,5.0,5.1,5.2,5.3,5.3,5.4,5.5,5.6,5.7,5.8,5.9,6.0,6.0,6.1,6.2,6.2,6.3,6.3
143,Morocco,25.1,25.6,26.0,26.4,26.8,27.2,27.6,28.0,28.4,28.7,29.0,29.3,29.6,29.9,30.1,30.4,30.7,31.0,31.3,31.7,32.1,32.5,33.0,33.5,33.9
276,Sudan,20.9,21.8,22.7,23.7,24.5,25.2,25.9,26.5,27.1,27.8,28.5,29.2,30.0,30.8,31.6,32.4,33.2,34.0,34.8,35.6,36.4,37.2,38.0,38.8,39.6
222,Tunisia,8.3,8.5,8.7,8.8,9.0,9.1,9.2,9.3,9.5,9.6,9.7,9.7,9.8,9.9,10.1,10.2,10.3,10.4,10.5,10.6,10.8,10.9,11.0,11.1,11.2
205,Western Sahara,0.2,0.2,0.2,0.2,0.3,0.3,0.3,0.3,0.3,0.3,0.3,0.4,0.4,0.4,0.4,0.4,0.5,0.5,0.5,0.5,0.5,0.5,0.6,0.6,0.6
420,Sub-Saharan Africa,503.8,517.6,531.7,546.1,560.8,575.7,591.0,606.7,622.7,639.1,655.9,673.2,691.0,709.3,728.2,747.7,767.8,788.5,809.8,831.7,854.1,877.2,900.8,924.8,949.3
5101,  Eastern Africa,203.6,208.8,214.0,219.5,225.4,231.7,238.4,245.5,252.7,260.0,267.4,274.8,282.4,290.2,298.2,306.5,315.1,324.0,333.2,342.7,352.6,362.8,373.3,384.0,394.8
29,Burundi,5.7,5.9,6.0,6.1,6.2,6.3,6.4,6.5,6.6,6.7,6.9,7.0,7.3,7.5,7.8,8.0,8.3,8.6,8.9,9.2,9.5,9.9,10.2,10.5,10.8
45,Comoros,0.4,0.4,0.4,0.5,0.5,0.5,0.5,0.5,0.5,0.5,0.5,0.6,0.6,0.6,0.6,0.6,0.6,0.6,0.7,0.7,0.7,0.7,0.7,0.8,0.8
72,Djibouti,0.6,0.6,0.6,0.7,0.7,0.7,0.7,0.7,0.7,0.7,0.7,0.7,0.8,0.8,0.8,0.8,0.8,0.8,0.8,0.8,0.8,0.9,0.9,0.9,0.9
178,Eritrea,3.3,3.3,3.3,3.4,3.4,3.5,3.6,3.7,3.8,3.9,4.1,4.3,4.5,4.7,4.9,5.0,5.2,5.4,5.6,5.7,5.9,6.1,6.3,6.5,6.7
238,Ethiopia,49.8,51.5,53.4,55.2,57.0,58.8,60.6,62.4,64.2,66.0,68.0,70.0,72.0,74.1,76.2,78.3,80.5,82.6,84.9,87.1,89.4,91.7,94.1,96.5,99.0
114,Kenya,24.2,25.0,25.8,26.6,27.4,28.2,28.9,29.7,30.5,31.3,32.1,33.0,33.9,34.8,35.8,36.8,37.8,38.8,39.8,40.9,42.0,43.2,44.4,45.5,46.8
129,Madagascar,11.9,12.3,12.6,13.0,13.5,13.9,14.3,14.8,15.3,15.7,16.2,16.7,17.2,17.8,18.3,18.8,19.4,19.9,20.5,21.1,21.7,22.3,22.9,23.6,24.2
130,Malawi,9.6,9.7,9.8,9.9,10.0,10.2,10.4,10.7,11.0,11.3,11.6,11.9,12.2,12.6,12.9,13.3,13.7,14.1,14.6,15.0,15.5,15.9,16.4,16.8,17.3
137,Mauritius,1.1,1.1,1.1,1.1,1.1,1.1,1.2,1.2,1.2,1.2,1.2,1.2,1.2,1.2,1.2,1.2,1.2,1.2,1.2,1.2,1.2,1.2,1.2,1.2,1.3
270,Mayotte,0.1,0.1,0.1,0.1,0.1,0.1,0.1,0.1,0.1,0.1,0.2,0.2,0.2,0.2,0.2,0.2,0.2,0.2,0.2,0.2,0.2,0.2,0.2,0.2,0.2
144,Mozambique,13.9,14.4,14.9,15.4,16.0,16.5,16.9,17.4,17.8,18.3,18.8,19.3,19.9,20.4,21.0,21.6,22.2,22.8,23.4,24.0,24.6,25.2,25.8,26.5,27.1
182,Réunion,0.6,0.6,0.6,0.7,0.7,0.7,0.7,0.7,0.7,0.7,0.7,0.8,0.8,0.8,0.8,0.8,0.8,0.8,0.8,0.8,0.9,0.9,0.9,0.9,0.9
184,Rwanda,6.9,6.5,6.1,5.8,5.8,6.0,6.5,7.2,7.8,8.3,8.7,9.0,9.1,9.3,9.4,9.7,9.9,10.2,10.5,10.8,11.1,11.5,11.8,12.1,12.4
196,Seychelles,0.1,0.1,0.1,0.1,0.1,0.1,0.1,0.1,0.1,0.1,0.1,0.1,0.1,0.1,0.1,0.1,0.1,0.1,0.1,0.1,0.1,0.1,0.1,0.1,0.1
201,Somalia,6.3,6.3,6.3,6.3,6.4,6.5,6.7,6.9,7.1,7.4,7.6,7.8,8.0,8.3,8.5,8.7,8.9,9.1,9.4,9.6,9.9,10.2,10.5,10.8,11.1
277,South Sudan,5.7,5.6,5.5,5.4,5.5,5.6,5.8,6.1,6.4,6.6,6.9,7.2,7.5,7.7,8.0,8.4,8.7,9.1,9.5,9.9,10.4,10.8,11.3,11.7,12.1
206,Sudan (former),,,,,,,,,,,,,,,,,,,,,,,,,
226,Uganda,18.2,18.8,19.4,20.1,20.7,21.4,22.1,22.8,23.5,24.3,25.1,26.0,26.8,27.8,28.7,29.7,30.7,31.8,32.9,34.0,35.2,36.4,37.6,38.9,40.2
215,United Republic of Tanzania,26.4,27.2,28.2,29.1,29.9,30.8,31.6,32.4,33.2,34.0,34.9,35.8,36.8,37.8,38.8,40.0,41.1,42.4,43.7,45.0,46.4,47.8,49.3,50.8,52.3
251,Zambia,8.0,8.2,8.4,8.6,8.8,9.1,9.3,9.6,9.8,10.1,10.4,10.6,10.9,11.2,11.5,11.8,12.1,12.5,12.8,13.2,13.6,14.1,14.5,15.0,15.5
181,Zimbabwe,10.7,11.0,11.2,11.4,11.6,11.8,12.0,12.2,12.4,12.5,12.6,12.6,12.7,12.7,12.7,12.7,12.7,12.8,12.9,13.1,13.4,13.7,14.2,14.6,15.0
5102,Middle Africa,72.4,75.0,77.6,80.2,82.6,84.9,87.1,89.2,91.4,93.8,96.4,99.2,102.2,105.2,108.4,111.6,114.8,118.2,121.5,125.0,128.5,132.1,135.8,139.5,143.3
7,Angola,10.7,11.0,11.4,11.7,12.1,12.4,12.8,13.1,13.5,13.9,14.4,14.9,15.4,16.0,16.5,17.1,17.7,18.3,18.9,19.6,20.2,20.8,21.5,22.1,22.8
32,Cameroon,12.4,12.8,13.2,13.5,13.9,14.3,14.7,15.1,15.5,15.9,16.4,16.8,17.2,17.7,18.1,18.6,19.1,19.6,20.1,20.6,21.2,21.7,22.3,22.8,23.4
37,Central African Republic,3.0,3.1,3.1,3.2,3.3,3.4,3.4,3.5,3.6,3.6,3.7,3.8,3.8,3.9,4.0,4.0,4.1,4.2,4.3,4.4,4.4,4.5,4.6,4.7,4.8
39,Chad,6.1,6.3,6.5,6.8,7.0,7.2,7.5,7.7,8.0,8.3,8.6,9.0,9.3,9.7,10.0,10.4,10.7,11.0,11.4,11.7,12.1,12.5,12.8,13.2,13.6
46,Congo,2.4,2.5,2.6,2.6,2.7,2.8,2.9,3.0,3.0,3.1,3.2,3.3,3.4,3.5,3.5,3.6,3.8,3.9,4.0,4.1,4.2,4.3,4.4,4.6,4.7
250,Democratic Republic of the Congo,36.3,37.7,39.2,40.7,41.9,43.1,44.1,45.0,45.9,47.0,48.2,49.6,51.0,52.5,54.0,55.6,57.2,58.8,60.5,62.2,63.9,65.7,67.5,69.4,71.3
61,Equatorial Guinea,0.4,0.4,0.4,0.4,0.4,0.5,0.5,0.5,0.5,0.5,0.5,0.6,0.6,0.6,0.6,0.6,0.6,0.7,0.7,0.7,0.7,0.7,0.8,0.8,0.8
74,Gabon,1.0,1.0,1.0,1.1,1.1,1.1,1.1,1.2,1.2,1.2,1.3,1.3,1.3,1.3,1.4,1.4,1.4,1.5,1.5,1.6,1.6,1.6,1.7,1.7,1.8
193,Sao Tome and Principe,0.1,0.1,0.1,0.1,0.1,0.1,0.1,0.1,0.1,0.1,0.1,0.1,0.1,0.2,0.2,0.2,0.2,0.2,0.2,0.2,0.2,0.2,0.2,0.2,0.2
5104,Southern Africa,43.1,44.2,45.3,46.4,47.4,48.3,49.1,49.9,50.7,51.4,52.2,52.9,53.7,54.4,55.2,55.9,56.7,57.4,58.1,58.8,59.4,59.9,60.4,60.9,61.3
20,Botswana,1.4,1.5,1.5,1.5,1.6,1.6,1.7,1.7,1.7,1.8,1.8,1.8,1.8,1.9,1.9,1.9,1.9,1.9,2.0,2.0,2.0,2.0,2.0,2.0,2.1
122,Lesotho,1.6,1.7,1.7,1.7,1.8,1.8,1.8,1.8,1.8,1.9,1.9,1.9,1.9,1.9,1.9,1.9,2.0,2.0,2.0,2.0,2.0,2.1,2.1,2.1,2.1
147,Namibia,1.5,1.5,1.6,1.6,1.7,1.7,1.8,1.8,1.9,1.9,1.9,2.0,2.0,2.0,2.0,2.1,2.1,2.1,2.1,2.2,2.2,2.3,2.3,2.3,2.4
202,South Africa,37.7,38.7,39.6,40.5,41.4,42.2,42.9,43.6,44.2,44.9,45.5,46.2,46.9,47.6,48.2,48.9,49.6,50.3,50.9,51.4,51.9,52.4,52.8,53.1,53.5
209,Swaziland,0.9,0.9,0.9,0.9,1.0,1.0,1.0,1.0,1.0,1.1,1.1,1.1,1.1,1.1,1.1,1.1,1.1,1.2,1.2,1.2,1.2,1.2,1.2,1.3,1.3
5105,Western Africa,184.6,189.7,194.8,200.1,205.4,210.9,216.4,222.1,227.9,233.9,240.0,246.3,252.8,259.5,266.4,273.7,281.2,288.9,296.9,305.2,313.7,322.4,331.3,340.5,349.8
53,Benin,5.2,5.4,5.6,5.8,6.0,6.2,6.4,6.5,6.7,7.0,7.2,7.4,7.7,7.9,8.2,8.4,8.7,9.0,9.2,9.5,9.8,10.1,10.3,10.6,10.9
233,Burkina Faso,9.1,9.3,9.6,9.8,10.1,10.4,10.7,11.0,11.3,11.6,12.0,12.3,12.7,13.0,13.4,13.8,14.2,14.7,15.1,15.5,16.0,16.5,16.9,17.4,17.9
35,Cabo Verde,0.4,0.4,0.4,0.4,0.4,0.4,0.4,0.4,0.4,0.4,0.5,0.5,0.5,0.5,0.5,0.5,0.5,0.5,0.5,0.5,0.5,0.5,0.5,0.5,0.5
107,Côte d'Ivoire,12.5,13.0,13.4,13.8,14.2,14.6,15.0,15.4,15.8,16.1,16.4,16.7,16.9,17.1,17.4,17.7,18.0,18.3,18.6,19.0,19.4,19.8,20.3,20.8,21.3
75,Gambia,0.9,1.0,1.0,1.0,1.1,1.1,1.1,1.2,1.2,1.2,1.3,1.3,1.3,1.4,1.4,1.5,1.5,1.6,1.6,1.7,1.7,1.8,1.8,1.9,2.0
81,Ghana,15.0,15.5,15.9,16.3,16.8,17.2,17.6,18.0,18.4,18.8,19.3,19.8,20.3,20.8,21.4,22.0,22.5,23.1,23.7,24.3,24.8,25.4,25.9,26.4,27.0
90,Guinea,6.4,6.7,7.1,7.5,7.8,8.1,8.3,8.5,8.6,8.7,8.9,9.0,9.2,9.4,9.6,9.8,10.1,10.3,10.6,10.9,11.2,11.5,11.7,12.0,12.3
175,Guinea-Bissau,1.0,1.1,1.1,1.1,1.1,1.2,1.2,1.2,1.2,1.3,1.3,1.3,1.4,1.4,1.4,1.5,1.5,1.5,1.6,1.6,1.6,1.7,1.7,1.7,1.8
123,Liberia,2.1,2.0,2.0,2.0,2.1,2.2,2.4,2.6,2.7,2.9,3.0,3.1,3.1,3.2,3.3,3.4,3.5,3.7,3.8,4.0,4.1,4.2,4.3,4.4,4.5
133,Mali,8.1,8.3,8.5,8.8,9.0,9.2,9.5,9.7,10.0,10.3,10.6,10.9,11.2,11.6,11.9,12.3,12.7,13.1,13.6,14.0,14.4,14.9,15.3,15.8,16.3
136,Mauritania,2.1,2.1,2.2,2.3,2.3,2.4,2.5,2.6,2.6,2.7,2.8,2.9,3.0,3.1,3.1,3.2,3.3,3.4,3.5,3.6,3.7,3.8,3.9,4.0,4.1
158,Niger,8.0,8.3,8.6,8.9,9.2,9.5,9.9,10.2,10.6,11.0,11.4,11.8,12.3,12.7,13.2,13.7,14.2,14.7,15.3,15.9,16.5,17.2,17.8,18.5,19.3
159,Nigeria,98.1,100.6,103.2,105.8,108.4,111.2,114.0,116.9,119.9,122.9,126.0,129.3,132.6,136.0,139.6,143.4,147.2,151.3,155.4,159.8,164.2,168.9,173.7,178.6,183.6
187,"Saint Helena, Ascension and Tristan da Cunha",0.0,0.0,0.0,0.0,0.0,0.0,0.0,0.0,0.0,0.0,0.0,0.0,0.0,0.0,0.0,0.0,0.0,0.0,0.0,0.0,0.0,0.0,0.0,0.0,0.0
195,Senegal,7.8,8.0,8.2,8.5,8.7,8.9,9.2,9.4,9.6,9.9,10.1,10.4,10.7,11.0,11.3,11.6,11.9,12.2,12.6,13.0,13.3,13.7,14.1,14.5,15.0
197,Sierra Leone,4.0,4.0,4.0,4.0,3.9,3.9,3.9,4.0,4.0,4.2,4.3,4.5,4.7,4.9,5.1,5.3,5.4,5.5,5.6,5.8,5.9,6.0,6.1,6.2,6.3
217,Togo,3.9,4.0,4.1,4.2,4.3,4.4,4.5,4.6,4.7,4.9,5.0,5.1,5.3,5.4,5.5,5.7,5.8,6.0,6.1,6.3,6.5,6.6,6.8,7.0,7.2
5853,Asia,3141.9,3196.9,3250.1,3301.6,3351.6,3400.2,3447.6,3493.8,3539.4,3584.6,3629.6,3674.5,3719.2,3763.8,3808.2,3852.5,3896.8,3941.0,3985.2,4029.6,4074.0,4118.4,4162.5,4206.0,4248.6
5857,Caucasus and Central Asia,67.0,67.7,68.2,68.7,69.1,69.5,69.9,70.2,70.6,71.0,71.4,71.9,72.5,73.1,73.8,74.5,75.4,76.3,77.2,78.1,79.1,80.1,81.1,82.1,83.1
1,Armenia,3.5,3.4,3.4,3.3,3.2,3.2,3.1,3.1,3.1,3.1,3.1,3.0,3.0,3.0,3.0,3.0,3.0,3.0,3.0,3.0,3.0,3.0,3.0,3.0,3.0
52,Azerbaijan,7.3,7.5,7.6,7.7,7.8,7.8,7.9,8.0,8.1,8.1,8.2,8.3,8.4,8.5,8.6,8.7,8.8,8.9,9.0,9.1,9.2,9.3,9.4,9.5,9.6
73,Georgia,5.4,5.3,5.3,5.2,5.1,5.0,4.9,4.9,4.8,4.7,4.7,4.6,4.6,4.5,4.5,4.4,4.4,4.4,4.4,4.4,4.4,4.4,4.3,4.3,4.3
108,Kazakhstan,16.1,16.1,15.9,15.7,15.5,15.3,15.1,14.9,14.7,14.6,14.6,14.6,14.8,14.9,15.1,15.2,15.4,15.6,15.7,15.9,16.1,16.3,16.4,16.6,16.8
113,Kyrgyzstan,4.4,4.5,4.5,4.5,4.6,4.7,4.7,4.8,4.9,4.9,5.0,5.0,5.0,5.0,5.0,5.1,5.1,5.2,5.3,5.3,5.4,5.5,5.5,5.6,5.7
208,Tajikistan,5.4,5.5,5.6,5.7,5.8,5.9,5.9,6.0,6.1,6.2,6.3,6.4,6.5,6.7,6.8,7.0,7.1,7.3,7.4,7.6,7.8,8.0,8.2,8.4,8.6
213,Turkmenistan,3.8,3.9,4.0,4.1,4.2,4.3,4.3,4.4,4.4,4.5,4.6,4.6,4.6,4.7,4.7,4.8,4.9,4.9,5.0,5.0,5.1,5.2,5.2,5.3,5.4
235,Uzbekistan,21.0,21.5,22.0,22.5,22.9,23.4,23.8,24.2,24.5,24.8,25.1,25.3,25.6,25.8,26.1,26.4,26.7,27.0,27.4,27.8,28.2,28.5,28.9,29.3,29.7
5834,Eastern Asia,1275.2,1292.0,1307.3,1321.0,1333.5,1344.8,1354.8,1364.0,1372.5,1380.8,1389.0,1397.0,1405.1,1413.4,1421.7,1430.3,1439.0,1448.0,1457.1,1466.2,1475.4,1484.6,1493.6,1502.3,1510.6
351,China,1209.1,1225.2,1239.8,1252.9,1264.8,1275.5,1285.0,1293.7,1301.8,1309.6,1317.3,1325.0,1332.6,1340.4,1348.3,1356.5,1364.8,1373.3,1381.9,1390.6,1399.3,1408.0,1416.6,1424.9,1432.8
116,Democratic People's Republic of Korea,20.5,20.8,21.2,21.5,21.8,22.0,22.2,22.4,22.6,22.8,23.0,23.2,23.4,23.6,23.8,24.0,24.1,24.2,24.4,24.5,24.6,24.8,24.9,25.0,25.2
141,Mongolia,2.2,2.2,2.3,2.3,2.3,2.3,2.3,2.4,2.4,2.4,2.4,2.4,2.5,2.5,2.5,2.6,2.6,2.6,2.7,2.7,2.8,2.8,2.8,2.9,2.9
117,Republic of Korea,43.4,43.7,44.0,44.4,44.7,44.9,45.2,45.5,45.7,46.0,46.2,46.4,46.6,46.8,47.0,47.3,47.6,47.9,48.2,48.5,48.7,49.0,49.3,49.5,49.7
5854,Eastern Asia (excluding China),66.1,66.8,67.5,68.1,68.7,69.3,69.8,70.3,70.8,71.2,71.7,72.1,72.5,72.9,73.4,73.8,74.3,74.7,75.2,75.7,76.1,76.6,77.0,77.4,77.8
5303,Southern Asia,1217.4,1243.1,1268.7,1294.4,1320.0,1345.7,1371.4,1397.1,1422.5,1447.8,1472.8,1497.5,1521.8,1545.8,1569.3,1592.2,1614.8,1637.0,1659.2,1681.5,1703.9,1726.4,1749.0,1771.4,1793.5
2,Afghanistan,12.7,13.9,15.2,16.4,17.5,18.3,19.0,19.5,20.0,20.6,21.4,22.2,23.1,24.0,24.8,25.6,26.3,27.0,27.7,28.4,29.1,29.8,30.6,31.3,32.0
16,Bangladesh,109.9,112.4,114.9,117.4,119.9,122.4,124.9,127.5,129.9,132.4,134.7,137.0,139.1,141.2,143.1,144.8,146.4,148.0,149.5,151.2,152.9,154.7,156.6,158.5,160.4
18,Bhutan,0.5,0.5,0.5,0.5,0.5,0.5,0.5,0.5,0.5,0.6,0.6,0.6,0.6,0.6,0.6,0.7,0.7,0.7,0.7,0.7,0.7,0.7,0.8,0.8,0.8
100,India,886.3,903.7,921.1,938.5,955.8,973.1,990.5,1007.7,1025.0,1042.3,1059.5,1076.7,1093.7,1110.5,1127.0,1143.2,1159.0,1174.6,1190.1,1205.6,1221.2,1236.7,1252.1,1267.3,1282.3
102,Iran (Islamic Republic of),57.4,58.3,59.0,59.7,60.5,61.5,62.6,63.7,64.8,65.9,66.8,67.7,68.5,69.3,70.2,71.0,71.8,72.7,73.6,74.5,75.4,76.4,77.4,78.5,79.5
132,Maldives,0.2,0.2,0.2,0.2,0.2,0.3,0.3,0.3,0.3,0.3,0.3,0.3,0.3,0.3,0.3,0.3,0.3,0.3,0.3,0.3,0.3,0.3,0.3,0.4,0.4
149,Nepal,18.6,19.1,19.6,20.1,20.6,21.1,21.6,22.2,22.7,23.2,23.6,24.1,24.5,24.9,25.3,25.6,25.9,26.2,26.5,26.8,27.2,27.5,27.8,28.1,28.4
165,Pakistan,114.2,117.3,120.4,123.5,126.7,130.1,133.6,137.1,140.5,143.8,146.8,149.7,152.4,155.2,158.0,160.9,163.9,167.0,170.1,173.1,176.2,179.2,182.1,185.1,188.2
38,Sri Lanka,17.5,17.7,17.9,18.1,18.2,18.4,18.5,18.6,18.7,18.9,19.0,19.3,19.5,19.7,19.9,20.1,20.3,20.5,20.6,20.8,20.9,21.1,21.3,21.4,21.6
5855,Southern Asia (excluding India),331.1,339.4,347.6,355.9,364.2,372.6,381.0,389.3,397.5,405.5,413.3,420.8,428.1,435.3,442.3,449.1,455.8,462.4,469.1,475.8,482.7,489.8,496.9,504.1,511.2
5304,South-Eastern Asia,452.2,460.6,468.8,477.0,485.0,493.1,501.0,508.9,516.7,524.4,532.0,539.6,547.1,554.5,561.8,569.0,576.0,583.0,590.0,597.1,604.3,611.5,618.8,625.9,633.0
26,Brunei Darussalam,0.3,0.3,0.3,0.3,0.3,0.3,0.3,0.3,0.3,0.3,0.3,0.3,0.4,0.4,0.4,0.4,0.4,0.4,0.4,0.4,0.4,0.4,0.4,0.4,0.4
115,Cambodia,9.4,9.7,10.1,10.4,10.8,11.1,11.4,11.7,12.0,12.2,12.5,12.7,12.9,13.1,13.4,13.6,13.7,13.9,14.1,14.4,14.6,14.9,15.1,15.4,15.7
101,Indonesia,181.8,184.9,188.0,191.1,194.1,197.1,200.0,203.0,206.0,209.0,212.0,215.1,218.2,221.3,224.5,227.7,231.0,234.2,237.5,240.7,243.8,246.8,249.8,252.8,255.7
120,Lao People's Democratic Republic,4.4,4.5,4.6,4.7,4.9,5.0,5.1,5.2,5.3,5.4,5.5,5.5,5.6,5.7,5.8,5.9,6.0,6.1,6.3,6.4,6.5,6.6,6.8,6.9,7.0
131,Malaysia,18.7,19.2,19.7,20.2,20.7,21.3,21.8,22.4,22.9,23.4,23.9,24.4,24.9,25.4,25.8,26.3,26.8,27.3,27.8,28.3,28.8,29.2,29.7,30.2,30.6
28,Myanmar,42.8,43.4,44.1,44.7,45.3,46.0,46.7,47.3,47.9,48.4,48.9,49.2,49.6,49.9,50.2,50.5,50.8,51.2,51.5,51.9,52.4,52.8,53.3,53.7,54.2
171,Philippines,63.5,65.0,66.5,68.1,69.6,71.2,72.8,74.4,76.0,77.7,79.3,81.0,82.6,84.2,85.8,87.4,88.9,90.4,91.9,93.5,95.1,96.7,98.4,100.1,101.8
200,Singapore,3.1,3.2,3.3,3.4,3.5,3.6,3.7,3.7,3.8,3.9,4.0,4.1,4.3,4.4,4.5,4.6,4.7,4.8,5.0,5.1,5.2,5.3,5.4,5.5,5.6
216,Thailand,57.1,57.6,58.1,58.5,59.0,59.6,60.2,60.9,61.6,62.3,63.1,63.8,64.5,65.0,65.5,65.8,66.0,66.2,66.3,66.4,66.6,66.8,67.0,67.2,67.4
176,Timor-Leste,0.8,0.8,0.8,0.9,0.9,0.9,0.9,0.9,0.9,0.9,0.9,0.9,0.9,1.0,1.0,1.0,1.0,1.1,1.1,1.1,1.1,1.1,1.1,1.2,1.2
237,Viet Nam,70.4,71.9,73.3,74.7,76.0,77.1,78.2,79.1,80.0,80.9,81.7,82.5,83.4,84.2,84.9,85.7,86.6,87.4,88.2,89.1,89.9,90.8,91.7,92.5,93.4
5856,Western Asia,130.1,133.6,137.1,140.5,143.9,147.2,150.4,153.7,157.1,160.7,164.5,168.4,172.6,177.0,181.7,186.5,191.6,196.7,201.7,206.6,211.3,215.8,220.1,224.3,228.5
13,Bahrain,0.5,0.5,0.5,0.5,0.6,0.6,0.6,0.6,0.6,0.7,0.7,0.7,0.8,0.8,0.9,1.0,1.0,1.1,1.2,1.2,1.3,1.3,1.3,1.3,1.4
103,Iraq,18.0,18.6,19.1,19.7,20.4,21.0,21.7,22.4,23.1,23.8,24.5,25.2,26.0,26.7,27.4,28.1,28.7,29.4,30.2,31.0,31.9,32.8,33.8,34.8,35.8
112,Jordan,3.5,3.7,4.0,4.1,4.3,4.4,4.5,4.6,4.7,4.8,4.8,4.9,5.0,5.1,5.3,5.4,5.7,5.9,6.2,6.5,6.7,7.0,7.3,7.5,7.7
118,Kuwait,2.0,1.9,1.8,1.7,1.6,1.6,1.6,1.7,1.8,1.9,2.0,2.0,2.1,2.2,2.3,2.4,2.6,2.7,2.8,3.0,3.1,3.2,3.4,3.5,3.6
121,Lebanon,2.8,2.8,2.9,3.0,3.0,3.1,3.1,3.1,3.2,3.2,3.4,3.5,3.7,3.8,4.0,4.1,4.1,4.2,4.3,4.4,4.5,4.6,4.8,4.9,5.0
221,Oman,1.9,2.0,2.0,2.1,2.1,2.2,2.2,2.2,2.2,2.2,2.2,2.3,2.4,2.5,2.5,2.5,2.6,2.6,2.7,2.8,3.0,3.3,3.6,3.9,4.1
179,Qatar,0.5,0.5,0.5,0.5,0.5,0.5,0.5,0.6,0.6,0.6,0.6,0.6,0.7,0.7,0.8,1.0,1.2,1.4,1.6,1.7,1.9,2.0,2.2,2.3,2.3
194,Saudi Arabia,16.7,17.3,17.7,18.2,18.5,18.8,19.1,19.3,19.7,20.2,21.0,21.9,22.8,23.8,24.6,25.3,25.9,26.4,26.8,27.3,27.8,28.3,28.8,29.4,29.9
212,Syrian Arab Republic,12.8,13.2,13.6,13.9,14.3,14.8,15.2,15.6,16.0,16.4,16.7,17.0,17.3,17.7,18.2,18.8,19.6,20.3,21.0,21.5,21.7,21.9,21.9,22.0,22.3
223,Turkey,54.9,55.8,56.7,57.6,58.5,59.4,60.4,61.3,62.2,63.2,64.1,65.0,65.9,66.8,67.7,68.6,69.5,70.4,71.2,72.1,73.1,74.0,74.9,75.8,76.7
225,United Arab Emirates,1.9,2.0,2.1,2.2,2.3,2.5,2.6,2.8,2.9,3.0,3.1,3.2,3.4,3.7,4.2,4.9,5.8,6.8,7.7,8.4,8.9,9.2,9.3,9.5,9.6
299,West Bank and Gaza Strip,2.2,2.3,2.4,2.5,2.6,2.7,2.9,3.0,3.1,3.2,3.3,3.4,3.4,3.5,3.6,3.6,3.7,3.8,3.9,4.0,4.1,4.2,4.3,4.4,4.5
249,Yemen,12.4,13.1,13.7,14.4,15.0,15.6,16.1,16.6,17.0,17.5,18.0,18.6,19.1,19.6,20.1,20.7,21.2,21.7,22.2,22.8,23.3,23.9,24.4,25.0,25.5
5205,Latin America and the Caribbean,453.3,461.5,469.7,477.9,486.1,494.3,502.4,510.4,518.3,526.0,533.6,541.0,548.2,555.3,562.3,569.2,575.9,582.6,589.3,596.0,602.8,609.6,616.4,623.2,629.8
5206,Caribbean,34.5,35.0,35.4,35.9,36.3,36.7,37.1,37.5,37.9,38.3,38.6,39.0,39.3,39.7,40.0,40.3,40.6,40.9,41.1,41.4,41.7,42.0,42.3,42.6,42.9
258,Anguilla,0.0,0.0,0.0,0.0,0.0,0.0,0.0,0.0,0.0,0.0,0.0,0.0,0.0,0.0,0.0,0.0,0.0,0.0,0.0,0.0,0.0,0.0,0.0,0.0,0.0
8,Antigua and Barbuda,0.1,0.1,0.1,0.1,0.1,0.1,0.1,0.1,0.1,0.1,0.1,0.1,0.1,0.1,0.1,0.1,0.1,0.1,0.1,0.1,0.1,0.1,0.1,0.1,0.1
22,Aruba,0.1,0.1,0.1,0.1,0.1,0.1,0.1,0.1,0.1,0.1,0.1,0.1,0.1,0.1,0.1,0.1,0.1,0.1,0.1,0.1,0.1,0.1,0.1,0.1,0.1
12,Bahamas,0.3,0.3,0.3,0.3,0.3,0.3,0.3,0.3,0.3,0.3,0.3,0.3,0.3,0.3,0.3,0.3,0.3,0.3,0.4,0.4,0.4,0.4,0.4,0.4,0.4
14,Barbados,0.3,0.3,0.3,0.3,0.3,0.3,0.3,0.3,0.3,0.3,0.3,0.3,0.3,0.3,0.3,0.3,0.3,0.3,0.3,0.3,0.3,0.3,0.3,0.3,0.3
239,British Virgin Islands,0.0,0.0,0.0,0.0,0.0,0.0,0.0,0.0,0.0,0.0,0.0,0.0,0.0,0.0,0.0,0.0,0.0,0.0,0.0,0.0,0.0,0.0,0.0,0.0,0.0
36,Cayman Islands,0.0,0.0,0.0,0.0,0.0,0.0,0.0,0.0,0.0,0.0,0.0,0.0,0.0,0.0,0.0,0.1,0.1,0.1,0.1,0.1,0.1,0.1,0.1,0.1,0.1
49,Cuba,10.7,10.8,10.8,10.9,10.9,11.0,11.0,11.1,11.1,11.1,11.2,11.2,11.2,11.3,11.3,11.3,11.3,11.3,11.3,11.3,11.3,11.3,11.3,11.3,11.2
55,Dominica,0.1,0.1,0.1,0.1,0.1,0.1,0.1,0.1,0.1,0.1,0.1,0.1,0.1,0.1,0.1,0.1,0.1,0.1,0.1,0.1,0.1,0.1,0.1,0.1,0.1
56,Dominican Republic,7.4,7.5,7.7,7.8,8.0,8.1,8.3,8.4,8.5,8.7,8.8,8.9,9.1,9.2,9.3,9.5,9.6,9.7,9.9,10.0,10.1,10.3,10.4,10.5,10.7
86,Grenada,0.1,0.1,0.1,0.1,0.1,0.1,0.1,0.1,0.1,0.1,0.1,0.1,0.1,0.1,0.1,0.1,0.1,0.1,0.1,0.1,0.1,0.1,0.1,0.1,0.1
87,Guadeloupe,0.4,0.4,0.4,0.4,0.4,0.4,0.4,0.4,0.4,0.4,0.4,0.4,0.4,0.4,0.4,0.4,0.5,0.5,0.5,0.5,0.5,0.5,0.5,0.5,0.5
93,Haiti,7.3,7.4,7.5,7.7,7.8,8.0,8.1,8.3,8.4,8.6,8.7,8.9,9.0,9.1,9.3,9.4,9.5,9.6,9.8,9.9,10.0,10.2,10.3,10.5,10.6
109,Jamaica,2.4,2.4,2.4,2.4,2.5,2.5,2.5,2.5,2.6,2.6,2.6,2.6,2.6,2.7,2.7,2.7,2.7,2.7,2.7,2.7,2.8,2.8,2.8,2.8,2.8
135,Martinique,0.4,0.4,0.4,0.4,0.4,0.4,0.4,0.4,0.4,0.4,0.4,0.4,0.4,0.4,0.4,0.4,0.4,0.4,0.4,0.4,0.4,0.4,0.4,0.4,0.4
142,Montserrat,0.0,0.0,0.0,0.0,0.0,0.0,0.0,0.0,0.0,0.0,0.0,0.0,0.0,0.0,0.0,0.0,0.0,0.0,0.0,0.0,0.0,0.0,0.0,0.0,0.0
151,Netherlands Antilles,,,,,,,,,,,,,,,,,,,,,,,,,
177,Puerto Rico,3.6,3.6,3.6,3.7,3.7,3.7,3.7,3.8,3.8,3.8,3.8,3.8,3.8,3.8,3.8,3.7,3.7,3.7,3.7,3.7,3.7,3.7,3.7,3.7,3.7
188,Saint Kitts and Nevis,0.0,0.0,0.0,0.0,0.0,0.0,0.0,0.0,0.0,0.0,0.0,0.0,0.0,0.0,0.0,0.0,0.1,0.1,0.1,0.1,0.1,0.1,0.1,0.1,0.1
189,Saint Lucia,0.1,0.1,0.1,0.1,0.1,0.1,0.2,0.2,0.2,0.2,0.2,0.2,0.2,0.2,0.2,0.2,0.2,0.2,0.2,0.2,0.2,0.2,0.2,0.2,0.2
191,Saint Vincent and the Grenadines,0.1,0.1,0.1,0.1,0.1,0.1,0.1,0.1,0.1,0.1,0.1,0.1,0.1,0.1,0.1,0.1,0.1,0.1,0.1,0.1,0.1,0.1,0.1,0.1,0.1
220,Trinidad and Tobago,1.2,1.2,1.2,1.2,1.3,1.3,1.3,1.3,1.3,1.3,1.3,1.3,1.3,1.3,1.3,1.3,1.3,1.3,1.3,1.3,1.3,1.3,1.3,1.3,1.3
224,Turks and Caicos Islands,0.0,0.0,0.0,0.0,0.0,0.0,0.0,0.0,0.0,0.0,0.0,0.0,0.0,0.0,0.0,0.0,0.0,0.0,0.0,0.0,0.0,0.0,0.0,0.0,0.0
240,United States Virgin Islands,0.1,0.1,0.1,0.1,0.1,0.1,0.1,0.1,0.1,0.1,0.1,0.1,0.1,0.1,0.1,0.1,0.1,0.1,0.1,0.1,0.1,0.1,0.1,0.1,0.1
348,Latin America,418.7,426.5,434.3,442.1,449.9,457.6,465.3,472.9,480.4,487.8,495.0,502.0,508.9,515.7,522.3,528.9,535.4,541.8,548.2,554.6,561.1,567.6,574.1,580.6,586.9
5204,Central America,117.6,120.1,122.7,125.3,127.8,130.3,132.7,135.1,137.4,139.6,141.7,143.8,145.8,147.8,149.8,151.9,154.0,156.2,158.3,160.6,162.8,165.1,167.4,169.7,171.9
23,Belize,0.2,0.2,0.2,0.2,0.2,0.2,0.2,0.2,0.2,0.2,0.2,0.3,0.3,0.3,0.3,0.3,0.3,0.3,0.3,0.3,0.3,0.3,0.3,0.3,0.3
48,Costa Rica,3.2,3.2,3.3,3.4,3.5,3.6,3.7,3.8,3.8,3.9,4.0,4.1,4.2,4.2,4.3,4.4,4.5,4.5,4.6,4.7,4.7,4.8,4.9,4.9,5.0
60,El Salvador,5.4,5.5,5.6,5.7,5.7,5.8,5.9,5.9,5.9,6.0,6.0,6.0,6.0,6.1,6.1,6.1,6.1,6.2,6.2,6.2,6.3,6.3,6.3,6.4,6.4
89,Guatemala,9.1,9.3,9.5,9.8,10.0,10.2,10.5,10.7,10.9,11.2,11.5,11.8,12.1,12.4,12.7,13.0,13.3,13.7,14.0,14.3,14.7,15.1,15.5,15.9,16.3
95,Honduras,5.0,5.2,5.3,5.5,5.6,5.7,5.9,6.0,6.1,6.2,6.4,6.5,6.6,6.8,6.9,7.0,7.2,7.3,7.5,7.6,7.8,7.9,8.1,8.3,8.4
138,Mexico,87.9,89.8,91.7,93.5,95.4,97.2,98.9,100.7,102.3,103.8,105.3,106.7,108.1,109.4,110.7,112.1,113.5,115.0,116.4,117.9,119.4,120.8,122.3,123.8,125.2
157,Nicaragua,4.2,4.3,4.4,4.6,4.7,4.8,4.8,4.9,5.0,5.1,5.2,5.2,5.3,5.4,5.5,5.5,5.6,5.7,5.7,5.8,5.9,6.0,6.1,6.2,6.3
166,Panama,2.5,2.6,2.6,2.7,2.8,2.8,2.9,2.9,3.0,3.1,3.1,3.2,3.2,3.3,3.4,3.4,3.5,3.6,3.6,3.7,3.7,3.8,3.9,3.9,4.0
5207,South America,301.1,306.4,311.6,316.8,322.1,327.3,332.6,337.9,343.1,348.2,353.3,358.3,363.2,367.9,372.5,377.0,381.4,385.6,389.8,394.0,398.3,402.5,406.7,410.9,415.0
9,Argentina,33.1,33.5,34.0,34.4,34.8,35.3,35.7,36.1,36.5,36.9,37.3,37.6,38.0,38.3,38.6,39.0,39.3,39.7,40.0,40.4,40.7,41.1,41.4,41.8,42.2
19,Bolivia (Plurinational State of),7.0,7.1,7.3,7.5,7.6,7.8,8.0,8.2,8.3,8.5,8.7,8.8,9.0,9.2,9.4,9.5,9.7,9.8,10.0,10.2,10.3,10.5,10.7,10.8,11.0
21,Brazil,152.1,154.6,157.0,159.4,161.9,164.4,166.9,169.5,172.0,174.5,177.0,179.4,181.7,184.0,186.1,188.1,190.0,191.8,193.5,195.2,196.9,198.7,200.4,202.0,203.6
40,Chile,13.5,13.7,14.0,14.2,14.4,14.7,14.9,15.1,15.3,15.5,15.6,15.8,16.0,16.2,16.3,16.5,16.7,16.8,17.0,17.2,17.3,17.5,17.6,17.8,17.9
44,Colombia,34.0,34.6,35.3,35.9,36.6,37.2,37.9,38.6,39.2,39.9,40.6,41.2,41.9,42.5,43.2,43.8,44.5,45.2,45.8,46.4,47.1,47.7,48.3,48.9,49.5
58,Ecuador,10.4,10.6,10.8,11.1,11.3,11.6,11.8,12.0,12.3,12.5,12.8,13.0,13.3,13.5,13.8,14.0,14.3,14.5,14.8,15.0,15.2,15.5,15.7,16.0,16.2
69,French Guiana,0.1,0.1,0.1,0.1,0.1,0.1,0.1,0.2,0.2,0.2,0.2,0.2,0.2,0.2,0.2,0.2,0.2,0.2,0.2,0.2,0.2,0.2,0.2,0.3,0.3
91,Guyana,0.7,0.7,0.7,0.7,0.7,0.7,0.7,0.7,0.7,0.7,0.7,0.8,0.8,0.8,0.8,0.8,0.8,0.8,0.8,0.8,0.8,0.8,0.8,0.8,0.8
169,Paraguay,4.4,4.5,4.6,4.7,4.8,4.9,5.0,5.1,5.2,5.4,5.5,5.6,5.7,5.8,5.9,6.0,6.1,6.2,6.3,6.5,6.6,6.7,6.8,6.9,7.0
170,Peru,22.2,22.6,23.1,23.5,23.9,24.4,24.8,25.2,25.6,26.0,26.4,26.7,27.1,27.4,27.7,28.0,28.3,28.6,28.9,29.3,29.6,30.0,30.4,30.8,31.2
207,Suriname,0.4,0.4,0.4,0.4,0.4,0.4,0.4,0.5,0.5,0.5,0.5,0.5,0.5,0.5,0.5,0.5,0.5,0.5,0.5,0.5,0.5,0.5,0.5,0.5,0.5
234,Uruguay,3.1,3.2,3.2,3.2,3.2,3.2,3.3,3.3,3.3,3.3,3.3,3.3,3.3,3.3,3.3,3.3,3.3,3.3,3.4,3.4,3.4,3.4,3.4,3.4,3.4
236,Venezuela (Bolivarian Republic of),20.2,20.7,21.2,21.6,22.1,22.6,23.0,23.5,23.9,24.4,24.9,25.3,25.8,26.3,26.7,27.2,27.7,28.1,28.6,29.0,29.5,30.0,30.4,30.8,31.3
5500,Oceania,6.6,6.8,6.9,7.1,7.3,7.4,7.6,7.8,7.9,8.1,8.3,8.4,8.6,8.8,9.0,9.1,9.3,9.5,9.7,9.9,10.1,10.3,10.5,10.6,10.8
5,American Samoa,0.0,0.0,0.1,0.1,0.1,0.1,0.1,0.1,0.1,0.1,0.1,0.1,0.1,0.1,0.1,0.1,0.1,0.1,0.1,0.1,0.1,0.1,0.1,0.1,0.1
47,Cook Islands,0.0,0.0,0.0,0.0,0.0,0.0,0.0,0.0,0.0,0.0,0.0,0.0,0.0,0.0,0.0,0.0,0.0,0.0,0.0,0.0,0.0,0.0,0.0,0.0,0.0
66,Fiji,0.7,0.7,0.8,0.8,0.8,0.8,0.8,0.8,0.8,0.8,0.8,0.8,0.8,0.8,0.8,0.8,0.8,0.8,0.9,0.9,0.9,0.9,0.9,0.9,0.9
70,French Polynesia,0.2,0.2,0.2,0.2,0.2,0.2,0.2,0.2,0.2,0.2,0.2,0.2,0.2,0.3,0.3,0.3,0.3,0.3,0.3,0.3,0.3,0.3,0.3,0.3,0.3
88,Guam,0.1,0.1,0.1,0.1,0.1,0.1,0.2,0.2,0.2,0.2,0.2,0.2,0.2,0.2,0.2,0.2,0.2,0.2,0.2,0.2,0.2,0.2,0.2,0.2,0.2
83,Kiribati,0.1,0.1,0.1,0.1,0.1,0.1,0.1,0.1,0.1,0.1,0.1,0.1,0.1,0.1,0.1,0.1,0.1,0.1,0.1,0.1,0.1,0.1,0.1,0.1,0.1
127,Marshall Islands,0.0,0.0,0.1,0.1,0.1,0.1,0.1,0.1,0.1,0.1,0.1,0.1,0.1,0.1,0.1,0.1,0.1,0.1,0.1,0.1,0.1,0.1,0.1,0.1,0.1
145,Micronesia (Federated States of),0.1,0.1,0.1,0.1,0.1,0.1,0.1,0.1,0.1,0.1,0.1,0.1,0.1,0.1,0.1,0.1,0.1,0.1,0.1,0.1,0.1,0.1,0.1,0.1,0.1
148,Nauru,0.0,0.0,0.0,0.0,0.0,0.0,0.0,0.0,0.0,0.0,0.0,0.0,0.0,0.0,0.0,0.0,0.0,0.0,0.0,0.0,0.0,0.0,0.0,0.0,0.0
153,New Caledonia,0.2,0.2,0.2,0.2,0.2,0.2,0.2,0.2,0.2,0.2,0.2,0.2,0.2,0.2,0.2,0.2,0.2,0.2,0.2,0.2,0.2,0.3,0.3,0.3,0.3
160,Niue,0.0,0.0,0.0,0.0,0.0,0.0,0.0,0.0,0.0,0.0,0.0,0.0,0.0,0.0,0.0,0.0,0.0,0.0,0.0,0.0,0.0,0.0,0.0,0.0,0.0
163,Northern Mariana Islands,0.0,0.0,0.1,0.1,0.1,0.1,0.1,0.1,0.1,0.1,0.1,0.1,0.1,0.1,0.1,0.1,0.1,0.1,0.1,0.1,0.1,0.1,0.1,0.1,0.1
180,Palau,0.0,0.0,0.0,0.0,0.0,0.0,0.0,0.0,0.0,0.0,0.0,0.0,0.0,0.0,0.0,0.0,0.0,0.0,0.0,0.0,0.0,0.0,0.0,0.0,0.0
168,Papua New Guinea,4.3,4.4,4.5,4.6,4.7,4.8,5.0,5.1,5.2,5.4,5.5,5.7,5.8,5.9,6.1,6.2,6.4,6.6,6.7,6.9,7.0,7.2,7.3,7.5,7.6
244,Samoa,0.2,0.2,0.2,0.2,0.2,0.2,0.2,0.2,0.2,0.2,0.2,0.2,0.2,0.2,0.2,0.2,0.2,0.2,0.2,0.2,0.2,0.2,0.2,0.2,0.2
25,Solomon Islands,0.3,0.3,0.3,0.3,0.4,0.4,0.4,0.4,0.4,0.4,0.4,0.4,0.4,0.5,0.5,0.5,0.5,0.5,0.5,0.5,0.5,0.5,0.6,0.6,0.6
218,Tokelau,0.0,0.0,0.0,0.0,0.0,0.0,0.0,0.0,0.0,0.0,0.0,0.0,0.0,0.0,0.0,0.0,0.0,0.0,0.0,0.0,0.0,0.0,0.0,0.0,0.0
219,Tonga,0.1,0.1,0.1,0.1,0.1,0.1,0.1,0.1,0.1,0.1,0.1,0.1,0.1,0.1,0.1,0.1,0.1,0.1,0.1,0.1,0.1,0.1,0.1,0.1,0.1
227,Tuvalu,0.0,0.0,0.0,0.0,0.0,0.0,0.0,0.0,0.0,0.0,0.0,0.0,0.0,0.0,0.0,0.0,0.0,0.0,0.0,0.0,0.0,0.0,0.0,0.0,0.0
155,Vanuatu,0.2,0.2,0.2,0.2,0.2,0.2,0.2,0.2,0.2,0.2,0.2,0.2,0.2,0.2,0.2,0.2,0.2,0.2,0.2,0.2,0.2,0.2,0.3,0.3,0.3
243,Wallis and Futuna Islands,0.0,0.0,0.0,0.0,0.0,0.0,0.0,0.0,0.0,0.0,0.0,0.0,0.0,0.0,0.0,0.0,0.0,0.0,0.0,0.0,0.0,0.0,0.0,0.0,0.0
5851,Developed countries,1159.3,1164.8,1170.0,1174.9,1179.6,1184.0,1188.2,1192.2,1196.3,1200.3,1204.5,1208.8,1213.3,1217.9,1222.9,1228.1,1233.6,1239.1,1244.4,1249.3,1253.8,1257.9,1261.6,1265.2,1268.7
3,Albania,3.5,3.4,3.4,3.4,3.4,3.3,3.3,3.3,3.3,3.3,3.3,3.3,3.2,3.2,3.2,3.2,3.2,3.2,3.2,3.2,3.2,3.2,3.2,3.2,3.2
6,Andorra,0.1,0.1,0.1,0.1,0.1,0.1,0.1,0.1,0.1,0.1,0.1,0.1,0.1,0.1,0.1,0.1,0.1,0.1,0.1,0.1,0.1,0.1,0.1,0.1,0.1
10,Australia,17.3,17.5,17.7,17.9,18.1,18.3,18.6,18.8,19.0,19.3,19.5,19.7,20.0,20.2,20.5,20.9,21.3,21.6,22.0,22.4,22.7,23.0,23.3,23.6,23.9
11,Austria,7.7,7.8,7.9,7.9,8.0,8.0,8.0,8.0,8.0,8.0,8.1,8.1,8.1,8.2,8.2,8.3,8.3,8.3,8.4,8.4,8.4,8.5,8.5,8.5,8.6
57,Belarus,10.3,10.3,10.2,10.2,10.2,10.2,10.1,10.1,10.0,10.0,9.9,9.9,9.8,9.7,9.7,9.6,9.6,9.6,9.5,9.5,9.4,9.4,9.4,9.3,9.3
255,Belgium,10.0,10.1,10.1,10.1,10.2,10.2,10.2,10.2,10.2,10.3,10.3,10.3,10.4,10.4,10.5,10.6,10.7,10.8,10.9,10.9,11.0,11.1,11.1,11.1,11.2
17,Bermuda,0.1,0.1,0.1,0.1,0.1,0.1,0.1,0.1,0.1,0.1,0.1,0.1,0.1,0.1,0.1,0.1,0.1,0.1,0.1,0.1,0.1,0.1,0.1,0.1,0.1
80,Bosnia and Herzegovina,4.3,4.1,3.9,3.7,3.6,3.5,3.6,3.6,3.7,3.8,3.9,3.9,3.9,3.9,3.9,3.9,3.9,3.9,3.9,3.8,3.8,3.8,3.8,3.8,3.8
27,Bulgaria,8.7,8.7,8.6,8.5,8.4,8.3,8.2,8.1,8.1,8.0,7.9,7.9,7.8,7.7,7.7,7.6,7.6,7.5,7.4,7.4,7.3,7.3,7.2,7.2,7.1
33,Canada,28.0,28.3,28.7,29.0,29.3,29.6,29.9,30.1,30.4,30.7,31.0,31.3,31.6,31.9,32.3,32.6,33.0,33.4,33.7,34.1,34.5,34.8,35.2,35.5,35.9
98,Croatia,4.8,4.8,4.8,4.7,4.7,4.6,4.6,4.6,4.5,4.5,4.4,4.4,4.4,4.4,4.4,4.4,4.4,4.4,4.3,4.3,4.3,4.3,4.3,4.3,4.3
50,Cyprus,0.8,0.8,0.8,0.8,0.9,0.9,0.9,0.9,0.9,0.9,1.0,1.0,1.0,1.0,1.0,1.0,1.1,1.1,1.1,1.1,1.1,1.1,1.1,1.2,1.2
167,Czech Republic,10.3,10.3,10.3,10.3,10.3,10.3,10.3,10.3,10.3,10.3,10.2,10.2,10.2,10.2,10.2,10.3,10.3,10.4,10.5,10.6,10.6,10.7,10.7,10.7,10.8
54,Denmark,5.2,5.2,5.2,5.2,5.2,5.3,5.3,5.3,5.3,5.3,5.4,5.4,5.4,5.4,5.4,5.4,5.5,5.5,5.5,5.6,5.6,5.6,5.6,5.6,5.7
63,Estonia,1.5,1.5,1.5,1.5,1.4,1.4,1.4,1.4,1.4,1.4,1.4,1.3,1.3,1.3,1.3,1.3,1.3,1.3,1.3,1.3,1.3,1.3,1.3,1.3,1.3
64,Faroe Islands,0.0,0.0,0.0,0.0,0.0,0.0,0.0,0.0,0.0,0.0,0.0,0.0,0.0,0.0,0.0,0.0,0.0,0.0,0.0,0.0,0.0,0.0,0.0,0.0,0.0
67,Finland,5.0,5.0,5.1,5.1,5.1,5.1,5.1,5.2,5.2,5.2,5.2,5.2,5.2,5.2,5.2,5.3,5.3,5.3,5.3,5.4,5.4,5.4,5.4,5.4,5.5
68,France,57.1,57.3,57.6,57.8,58.0,58.2,58.4,58.6,58.9,59.2,59.6,60.1,60.5,61.0,61.4,61.8,62.2,62.6,62.9,63.2,63.6,63.9,64.3,64.6,65.0
79,Germany,81.0,81.6,82.2,82.7,83.1,83.3,83.5,83.5,83.5,83.5,83.6,83.7,83.8,83.8,83.8,83.7,83.6,83.4,83.2,83.0,82.9,82.8,82.7,82.6,82.6
82,Gibraltar,0.0,0.0,0.0,0.0,0.0,0.0,0.0,0.0,0.0,0.0,0.0,0.0,0.0,0.0,0.0,0.0,0.0,0.0,0.0,0.0,0.0,0.0,0.0,0.0,0.0
84,Greece,10.3,10.4,10.5,10.6,10.7,10.8,10.8,10.9,10.9,11.0,11.0,11.0,11.0,11.0,11.0,11.1,11.1,11.1,11.1,11.1,11.1,11.1,11.1,11.1,11.1
85,Greenland,0.1,0.1,0.1,0.1,0.1,0.1,0.1,0.1,0.1,0.1,0.1,0.1,0.1,0.1,0.1,0.1,0.1,0.1,0.1,0.1,0.1,0.1,0.1,0.1,0.1
94,Holy See,0.0,0.0,0.0,0.0,0.0,0.0,0.0,0.0,0.0,0.0,0.0,0.0,0.0,0.0,0.0,0.0,0.0,0.0,0.0,0.0,0.0,0.0,0.0,0.0,0.0
97,Hungary,10.4,10.4,10.4,10.4,10.3,10.3,10.3,10.3,10.3,10.2,10.2,10.2,10.1,10.1,10.1,10.1,10.1,10.0,10.0,10.0,10.0,10.0,10.0,9.9,9.9
99,Iceland,0.3,0.3,0.3,0.3,0.3,0.3,0.3,0.3,0.3,0.3,0.3,0.3,0.3,0.3,0.3,0.3,0.3,0.3,0.3,0.3,0.3,0.3,0.3,0.3,0.3
104,Ireland,3.5,3.6,3.6,3.6,3.6,3.6,3.7,3.7,3.8,3.8,3.9,3.9,4.0,4.1,4.2,4.2,4.3,4.4,4.4,4.5,4.5,4.6,4.6,4.7,4.7
105,Israel,4.6,4.8,5.0,5.2,5.3,5.5,5.6,5.8,5.9,6.0,6.1,6.2,6.4,6.5,6.6,6.8,6.9,7.1,7.3,7.4,7.5,7.6,7.7,7.8,7.9
106,Italy,56.9,56.9,56.9,57.0,57.0,56.9,56.9,56.9,56.9,57.0,57.2,57.5,57.9,58.3,58.7,59.1,59.5,59.9,60.2,60.5,60.7,60.9,61.0,61.1,61.1
110,Japan,122.7,123.2,123.6,124.1,124.5,124.8,125.0,125.3,125.5,125.7,126.0,126.2,126.5,126.8,127.0,127.1,127.2,127.3,127.3,127.3,127.3,127.2,127.1,127.0,126.8
119,Latvia,2.6,2.6,2.6,2.5,2.5,2.5,2.4,2.4,2.4,2.4,2.3,2.3,2.3,2.3,2.2,2.2,2.2,2.1,2.1,2.1,2.1,2.1,2.1,2.0,2.0
125,Liechtenstein,0.0,0.0,0.0,0.0,0.0,0.0,0.0,0.0,0.0,0.0,0.0,0.0,0.0,0.0,0.0,0.0,0.0,0.0,0.0,0.0,0.0,0.0,0.0,0.0,0.0
126,Lithuania,3.7,3.7,3.7,3.7,3.6,3.6,3.6,3.6,3.5,3.5,3.5,3.4,3.4,3.3,3.3,3.2,3.2,3.1,3.1,3.1,3.0,3.0,3.0,3.0,3.0
256,Luxembourg,0.4,0.4,0.4,0.4,0.4,0.4,0.4,0.4,0.4,0.4,0.4,0.4,0.4,0.5,0.5,0.5,0.5,0.5,0.5,0.5,0.5,0.5,0.5,0.5,0.5
134,Malta,0.4,0.4,0.4,0.4,0.4,0.4,0.4,0.4,0.4,0.4,0.4,0.4,0.4,0.4,0.4,0.4,0.4,0.4,0.4,0.4,0.4,0.4,0.4,0.4,0.4
140,Monaco,0.0,0.0,0.0,0.0,0.0,0.0,0.0,0.0,0.0,0.0,0.0,0.0,0.0,0.0,0.0,0.0,0.0,0.0,0.0,0.0,0.0,0.0,0.0,0.0,0.0
273,Montenegro,,,,,,,,,,,,,,,0.6,0.6,0.6,0.6,0.6,0.6,0.6,0.6,0.6,0.6,0.6
150,Netherlands,15.0,15.1,15.2,15.3,15.4,15.5,15.6,15.7,15.8,15.9,16.0,16.0,16.1,16.2,16.3,16.4,16.4,16.5,16.6,16.6,16.7,16.7,16.8,16.8,16.8
156,New Zealand,3.4,3.5,3.6,3.6,3.7,3.7,3.8,3.8,3.8,3.9,3.9,4.0,4.0,4.1,4.1,4.2,4.2,4.3,4.3,4.4,4.4,4.5,4.5,4.6,4.6
162,Norway,4.3,4.3,4.3,4.3,4.4,4.4,4.4,4.4,4.5,4.5,4.5,4.5,4.6,4.6,4.6,4.7,4.7,4.8,4.8,4.9,4.9,5.0,5.0,5.1,5.1
173,Poland,38.2,38.3,38.4,38.4,38.5,38.5,38.5,38.4,38.4,38.4,38.3,38.3,38.3,38.2,38.2,38.2,38.2,38.2,38.2,38.2,38.2,38.2,38.2,38.2,38.2
174,Portugal,9.9,10.0,10.0,10.0,10.1,10.1,10.2,10.2,10.3,10.3,10.4,10.4,10.4,10.5,10.5,10.5,10.6,10.6,10.6,10.6,10.6,10.6,10.6,10.6,10.6
146,Republic of Moldova,4.4,4.4,4.4,4.4,4.3,4.3,4.3,4.2,4.2,4.1,4.0,4.0,3.9,3.8,3.8,3.7,3.7,3.6,3.6,3.6,3.5,3.5,3.5,3.5,3.4
183,Romania,23.3,23.3,23.2,23.1,23.0,22.8,22.7,22.6,22.5,22.4,22.3,22.3,22.2,22.2,22.1,22.1,22.0,22.0,21.9,21.9,21.8,21.8,21.7,21.6,21.6
185,Russian Federation,148.5,148.7,148.8,148.7,148.6,148.4,148.1,147.7,147.3,146.7,146.2,145.5,144.9,144.4,144.0,143.8,143.7,143.7,143.7,143.6,143.4,143.1,142.8,142.5,142.1
190,Saint Pierre and Miquelon,0.0,0.0,0.0,0.0,0.0,0.0,0.0,0.0,0.0,0.0,0.0,0.0,0.0,0.0,0.0,0.0,0.0,0.0,0.0,0.0,0.0,0.0,0.0,0.0,0.0
192,San Marino,0.0,0.0,0.0,0.0,0.0,0.0,0.0,0.0,0.0,0.0,0.0,0.0,0.0,0.0,0.0,0.0,0.0,0.0,0.0,0.0,0.0,0.0,0.0,0.0,0.0
272,Serbia,,,,,,,,,,,,,,,10.0,9.9,9.8,9.8,9.7,9.6,9.6,9.6,9.5,9.5,9.4
186,Serbia and Montenegro,10.5,10.6,10.8,10.9,11.0,11.0,11.0,11.0,10.9,10.9,10.8,10.8,10.7,10.6,,,,,,,,,,,
199,Slovakia,5.3,5.3,5.3,5.3,5.4,5.4,5.4,5.4,5.4,5.4,5.4,5.4,5.4,5.4,5.4,5.4,5.4,5.4,5.4,5.4,5.4,5.4,5.5,5.5,5.5
198,Slovenia,2.0,2.0,2.0,2.0,2.0,2.0,2.0,2.0,2.0,2.0,2.0,2.0,2.0,2.0,2.0,2.0,2.0,2.0,2.0,2.1,2.1,2.1,2.1,2.1,2.1
203,Spain,39.0,39.1,39.2,39.3,39.4,39.5,39.6,39.8,40.0,40.3,40.8,41.4,42.0,42.7,43.4,44.0,44.6,45.2,45.7,46.2,46.5,46.7,46.9,47.1,47.2
210,Sweden,8.6,8.7,8.7,8.8,8.8,8.8,8.9,8.9,8.9,8.9,8.9,8.9,8.9,9.0,9.0,9.1,9.2,9.2,9.3,9.4,9.4,9.5,9.6,9.6,9.7
211,Switzerland,6.7,6.8,6.9,7.0,7.0,7.1,7.1,7.1,7.1,7.2,7.2,7.2,7.3,7.3,7.4,7.5,7.6,7.7,7.7,7.8,7.9,8.0,8.1,8.2,8.2
154,The former Yugoslav Republic of Macedonia,2.0,2.0,2.0,2.0,2.0,2.0,2.0,2.0,2.0,2.1,2.1,2.1,2.1,2.1,2.1,2.1,2.1,2.1,2.1,2.1,2.1,2.1,2.1,2.1,2.1
230,Ukraine,51.7,51.6,51.5,51.4,51.1,50.8,50.4,50.0,49.5,49.1,48.6,48.2,47.8,47.5,47.2,46.9,46.7,46.5,46.3,46.0,45.8,45.5,45.2,44.9,44.6
229,United Kingdom,57.6,57.7,57.9,58.0,58.2,58.4,58.6,58.8,59.0,59.2,59.4,59.7,59.9,60.2,60.5,60.9,61.2,61.6,61.9,62.3,62.7,63.0,63.4,63.7,64.1
231,United States of America,257.1,259.7,262.3,265.1,268.1,271.3,274.6,278.0,281.4,284.5,287.5,290.2,292.9,295.5,298.2,301.0,303.8,306.6,309.5,312.2,314.9,317.5,320.0,322.6,325.1
5801,Least developed countries,523.7,538.6,553.8,569.3,584.8,600.3,615.8,631.3,647.1,663.2,679.6,696.4,713.5,730.7,748.2,765.7,783.5,801.5,819.9,838.8,858.2,878.1,898.4,919.0,940.0
5802,Landlocked developing countries,270.7,277.1,283.6,290.2,297.0,304.1,311.3,318.7,326.2,333.8,341.6,349.5,357.5,365.8,374.3,382.9,391.9,401.0,410.5,420.3,430.4,440.8,451.4,462.3,473.2
5803,Small island developing States,48.9,49.6,50.4,51.2,52.0,52.7,53.5,54.2,54.9,55.6,56.4,57.1,57.8,58.6,59.3,60.0,60.7,61.3,62.0,62.7,63.4,64.1,64.8,65.5,66.2
5858,Low income economies,513.8,527.5,541.5,555.8,570.1,584.5,599.0,613.6,628.4,643.4,658.6,674.1,689.7,705.5,721.4,737.4,753.6,770.1,787.0,804.4,822.4,841.0,860.1,879.4,899.1
5859,Lower-middle-income economies,1767.0,1803.0,1838.9,1874.6,1910.2,1945.8,1981.2,2016.6,2051.8,2086.9,2122.0,2157.1,2192.2,2227.4,2262.9,2298.6,2334.5,2370.7,2407.1,2443.6,2480.2,2516.9,2553.7,2590.5,2627.3
5816,Low-income food-deficit countries,1657.1,1695.6,1734.4,1773.4,1812.5,1851.5,1890.5,1929.6,1969.0,2008.9,2049.1,2089.8,2130.8,2171.9,2213.0,2254.0,2295.1,2336.5,2378.4,2421.1,2464.6,2508.9,2553.7,2598.9,2644.3
