"country_ID","year","Aq.prod","F.prod","Q.Exp","V.Exp","Q.imp","V.imp","Population","GDP","gross.production.ratio","Q.trade.deficit","V.trade.deficit","willingness","gdppc","DTF","corruption","gov_effectiveness","pol_stab","reg_qual","rule_law","voice","energy_adequacy","protein","polyunsatFA","vitaminA","zinc","iron","calories_percentseafood","protein_percentseafood","polyunsatFA_percentseafood","vitaminA_percentseafood","zinc_percentseafood","iron_percentseafood","country_name","region","region2","gross.production.ratio_norm","Q.trade.deficit_norm","V.trade.deficit_norm","willingness_norm","gdppc_norm","DTF_norm","corruption_norm","gov_effectiveness_norm","pol_stab_norm","reg_qual_norm","rule_law_norm","voice_norm","energy_adequacy_norm","protein_norm","polyunsatFA_norm","vitaminA_norm","zinc_norm","iron_norm","calories_percentseafood_norm","protein_percentseafood_norm","polyunsatFA_percentseafood_norm","vitaminA_percentseafood_norm","zinc_percentseafood_norm","iron_percentseafood_norm","mean_econ","mean_nutrition","mean_reliance","econ_opportunity","mean_malnutrition","reliance_mal","mariculture_opportunity"
2,2011,1845,3581,3803,37444,10739,34180,2904780,29655482843,0.515219212510472,0.354129807244622,1.09549444119368,867626.76544763,10209.2009869939,62.09,-0.65,-0.2,-0.29,0.24,-0.49,0.05,121,94.2687,12.9762,798.7169,10.8684,28.2539,0.002651805,0.013648815,0.004553425,0.002526933,0.005117607,0.002911938,"Albania","Europe","Europe",1,0.119118647673411,0.239764483043515,0.36941074562742,0.327133979007766,0.852580122483728,-0.604089219330855,-0.18450184501845,-0.314533622559653,0.236686390532544,-0.472972972972973,0.0467289719626168,0.896296296296296,0.940299391784381,0.47900120043765,0.637499804052973,0.716038190811752,1,0.201996949134266,0.157628377372924,0.301398689021526,0.190652302876815,0.185003370262548,0.12425633856941,0.411085571070422,0.620086209997683,0.193489337872915,0.588914428929578,0.379913790002317,0.27112592586534,0.387439185601603
3,2011,378.25,88274,1265,5868,29131,58357,36717132,4.78e+11,0.00428495366699141,0.0434245305688099,0.100553489727025,8190962.52377607,13018.4459940934,50.7,-0.5,-0.57,-1.36,-1.19,-0.78,-1,135,83.9557,21.7676,495.2772,9.7727,15.0781,0.002346682,0.013232786,0.002710484,0.003543435,0.003938499,0.003569556,"Algeria","North Africa","Africa",0.00882048830292654,0.0146067098882648,0.0220075562011538,1,0.417150768602854,0.696179935737237,-0.464684014869888,-0.525830258302583,-1.47505422993492,-1.17357001972387,-0.752895752895753,-0.934579439252336,1,0.837430596230053,0.803525418122917,0.395307921933172,0.643850652105739,0.552951807184732,0.17875469900249,0.152823712923294,0.179411393448629,0.267345451123677,0.142378183548614,0.152317789348011,0.29251710459904,0.492041043473771,0.178838538232453,0.70748289540096,0.507958956526229,0.301401123533461,0.464760130053214
6,2011,NA,239060,642,7153,82133,209834,21942296,1.43e+11,NA,0.00781659016473281,0.0340888511871289,681491.083427852,6517.09374442857,37.43,-1.34,-1.15,-0.36,-1.08,-1.25,-1.12,114,57.2553,16.1764,968.9086,9.8194,16.9219,0.007388986,0.070190779,0.010818448,0.003299634,0.013276581,0.011511495,"Angola","Sub-Saharan Africa","Africa",NA,0.00262926653106352,0.00746082816588591,0.290159477892129,0.208827587085177,0.513964792793782,-1.2453531598513,-1.06088560885609,-0.390455531453362,-1.06508875739645,-1.20656370656371,-1.04672897196262,0.844444444444444,0.571102855628987,0.597132829238113,0.773339142623926,0.646927368412731,0.620568585299163,0.562844036117212,0.810624116475426,0.716090864447653,0.248951128007999,0.479953273192667,0.49121108353271,0.127269289918564,0.439318454944606,0.551612416962278,0.872730710081436,0.560681545055394,0.55612849433755,0.661674890699702
8,2011,NA,2725,115,899,1639,6422,88152,1761975489,NA,0.0701647345942648,0.139987542821551,274365.538617253,19987.9241423904,64.33,1.31,0.48,0.98,0.62,0.97,0.53,NA,75.8889,17.4025,531.9453,15.0192,23.1234,0.032124289,0.166155261,0.024222612,0.016707677,0.040639714,0.05000173,"Antigua and Barbuda","Caribbean Islands","Latin America and Caribbean",NA,0.0236013126493451,0.0306382575529719,0.116817025743526,0.640474133591421,0.883338368165216,1,0.44280442804428,1,0.611439842209073,0.936293436293436,0.495327102803738,NA,0.756966909623085,0.642392872382994,0.424574745466009,0.989503587965098,0.847993170111316,1,1,1,1,1,1,0.202882682384316,0.539213915294425,1,0.797117317615684,0.460786084705575,0.678812260279361,0.75263446744042
11,2011,368,775063,425781,1440399,44569,160090,41655616,8.22e+11,0.00047480011302307,9.55329937849178,8.99743269410956,5134611.78087326,19733.2335692743,56.57,-0.4,-0.14,0.14,-0.72,-0.59,0.32,130,100.9762,29.8113,1339.7743,18.1096,31.4478,0.0020692,0.011305652,0.001359353,0.00023132,0.002957488,0.003137892,"Argentina","South America","Latin America and Caribbean",0.000977366190773466,1,1,1,0.632313069791679,0.776783017054349,-0.371747211895911,-0.129151291512915,0.151843817787419,-0.710059171597633,-0.569498069498069,0.299065420560748,0.962962962962963,1,1,1,1,1,0.157617957258781,0.130567494680158,0.0899778105750021,0.0174526553341402,0.106914276049537,0.13389810179552,0.72665808719649,1,0.106071382615523,0.27334191280351,0,0,0.126471098473011
14,2011,75350.96,153548,42607,994953,216836,1412568,22340024,9.33e+11,0.490732279157006,0.196494124591857,0.704357595528144,660499.175968874,41763.6077741009,81.15,2.08,1.7,0.93,1.85,1.74,1.48,130,109.459,30.1211,927.3746,14.5842,15.1721,0.007419957,0.042903644,0.004832649,0.006760925,0.020806284,0.024234747,"Australia","Oceania","South East Asia and Oceania",1,0.0660947311362147,0.154158641449209,0.281221722055883,1,1,1,1,1,1,1,1,0.962962962962963,1,1,0.740188577183861,0.96084466733252,0.556399023337653,0.565203201859654,0.495488567110449,0.319880984775458,0.510098970106224,0.752154798647047,1,0.500295018928261,0.781955790026912,0.607137753749805,0.499704981071739,0.218044209973088,0.363844571020665,0.441628981598211
17,2011,0,15150,2540,75293,3892,21981,366711,8311566260,0,0.65262076053443,3.42536736272235,378125.028888586,22665.1675570136,65.4,1.36,0.96,1.09,0.49,0.57,0.95,NA,63.1661,16.4049,476.1618,7.8604,13.7981,0.0152497,0.094553724,0.015254119,0.016677545,0.052727724,0.023445329,"Bahamas","Caribbean Islands","Latin America and Caribbean",0,0.219522053349083,0.749690189265006,0.160994859108635,0.726261189024433,0.898030923021998,1,0.88560885608856,1,0.483234714003945,0.55019305019305,0.88785046728972,NA,0.630061148731142,0.605567638681556,0.380050871838959,0.517863401701879,0.506010991485376,1,1,1,1,1,1,0.371293658149431,0.179142658216316,1,0.628706341850569,0.820857341783684,0.906011777949759,0.816521227878084
20,2011,145071,489326,87614,641393,18722,15397,153405612,3.96e+11,0.296471064280255,4.67973507103942,41.6570111060596,25719295.9667468,2581.39187241729,47.88,-1.05,-0.76,-1.39,-0.8,-0.71,-0.32,107,55.3022,7.2868,168.4932,5.3506,13.817,0.001380973,0.010656719,0.002577359,0.004702445,0.007625294,0.001443714,"Bangladesh","South & South East Asia","South East Asia and Oceania",0.610279540426454,1,1,1,0.0827156792855765,0.657457501441793,-0.975836431226766,-0.70110701107011,-1.50759219088937,-0.788954635108481,-0.685328185328185,-0.299065420560748,0.792592592592593,0.551621323136292,0.268983673752645,0.134483672480523,0.352511312038328,0.506704101967187,0.105193380673464,0.123073052429036,0.170599630769768,0.354790557724152,0.275657175168547,0.061605231835773,0.738599043942406,0.0145399665422279,0.181819838100123,0.261400956057594,0.985460033457772,0.423292078519589,0.476226942538496
23,2011,NA,1703,124,532,5930,22151,280602,4322618070,NA,0.0209106239460371,0.0240169744029615,195143.24725746,15404.8013556568,NA,1.76,1.46,1.27,0.6,1.04,1.19,123,75.932,27.462,391.1581,9.0119,17.7701,0.022854964,0.135514013,0.017830854,0.040908824,0.04173515,0.027626597,"Barbados","Caribbean Islands","Latin America and Caribbean",NA,0.00703370683716152,0.00525645520001075,0.0830864322590858,0.493616882429906,NA,1,1,1,0.591715976331361,1,1,0.911111111111111,0.757396817999735,1,0.312204752527126,0.593727188158002,0.651674210202439,1,1,1,1,1,1,0.147248369181541,0.489999597162401,1,0.852751630818459,0.510000402837599,0.714143124896963,0.787584011218686
25,2011,NA,22108,151573,1264252,296210,2283038,11047744,4.56e+11,NA,0.511707909928767,0.553758632138405,199733.863387294,41275.3952300126,73.79,1.56,1.66,0.93,1.24,1.4,1.34,148,101.8597,33.0345,1931.2502,12.334,15.542,0.005926377,0.040513766,0.003969819,0.003093209,0.023575045,0.027912592,"Belgium","Europe","Europe",NA,0.172123196035846,0.121197924127189,0.0850409857548348,1,1,1,1,1,1,1,1,1,1,1,1,0.812595694441882,0.569964185624522,0.451432165419208,0.467888178999155,0.262768848120425,0.233376753213991,0.85224652441878,1,0.344590526479467,0.829573079737259,0.544618745028593,0.655409473520533,0.170426920262741,0.304659966901761,0.456818379603956
26,2011,5047,275036,6004,25408,178,366,329193,2589828755,0.0183503250483573,33.7303370786517,69.4207650273224,7076034.84972678,7867.20481601978,61.11,-0.26,-0.36,0.15,-0.53,-0.49,0.68,125,68.9232,16.1639,375.2132,13.2048,29.5915,0.007362996,0.050835278,0.008581759,0.002254132,0.014975062,0.011276042,"Belize","Mesoamerica","Latin America and Caribbean",0.0377737637377025,1,1,1,0.252089269122267,0.839123389998078,-0.241635687732342,-0.33210332103321,0.162689804772234,-0.522682445759369,-0.472972972972973,0.635514018691589,0.925925925925926,0.687486334698932,0.596671406402039,0.299478252529888,0.869966241767972,1,0.560864289979015,0.587089969674402,0.568040741221978,0.17006998475556,0.541353984370157,0.481163985110565,0.657972606571994,0.53504740992539,0.484763825851946,0.342027393428006,0.46495259007461,0.474754880337569,0.430581269784854
27,2011,0,25314,1106,1262,80224,32350,9779391,17227124155,0,0.013786398085361,0.0390108191653787,532523.157805255,1761.57433065106,39.64,-0.64,-0.52,0.29,-0.33,-0.71,0.14,118,64.5148,15.4697,709.7672,12.8966,22.1524,0.003822938,0.033766128,0.004151439,0.003612453,0.004706946,0.012016305,"Benin","Sub-Saharan Africa","Africa",0,0.00463733089567666,0.0085380706086462,0.226733181389598,0.0564462214856942,0.544311097684893,-0.594795539033457,-0.47970479704797,0.314533622559653,-0.325443786982248,-0.685328185328185,0.130841121495327,0.874074074074074,0.643513989278424,0.571045827777802,0.566504165522512,0.84966123179335,0.812384160701882,0.291206107813151,0.389960591216635,0.274790574601061,0.272552728340743,0.170157824476131,0.512752009978679,0.0592709608759229,0.516740792327982,0.318569972737733,0.940729039124077,0.483259207672018,0.392367012646748,0.580852739844609
34,2011,319.25,NA,3039,10180,10705,32970,3832310,36495497235,NA,0.283886034563288,0.308765544434334,1106930.45905369,9523.1067515415,53.16,-0.31,-0.76,-0.84,-0.04,-0.35,-0.21,124,79.1284,16.2629,1121.694,9.5784,14.8157,0.002075337,0.012495691,0.002526551,0.001393427,0.004260924,0.004665566,"Bosnia and Herzegovina","Europe","Europe",NA,0.0954907489817344,0.0675777150108415,0.471299437178792,0.305149424339506,0.729959080548156,-0.288104089219331,-0.70110701107011,-0.911062906724512,-0.0394477317554241,-0.337837837837838,-0.196261682242991,0.918518518518519,0.78927986057802,0.600325875263749,0.895285557632993,0.631049667556521,0.543328939966364,0.158085433289952,0.14431109927737,0.167236565694181,0.10513142471159,0.154033965568785,0.199086020551924,0.234879331377718,0.534536560057035,0.1546474181823,0.765120668622282,0.465463439942965,0.26829595458268,0.461743842249182
37,2011,88255,518679,38012,222244,347745,1261681,200517584,2.97e+12,0.170153408948502,0.109309982889761,0.176149121687653,2354002.31912821,14811.6685866313,53.34,0.15,-0.12,-0.14,0.17,0,0.47,133,98.2038,31.7616,879.9547,16.7447,35.0344,0.002071873,0.013383118,0.001054427,0.000744331,0.002634625,0.00240003,"Brazil","South America","Latin America and Caribbean",0.350257265299,0.0367686003060388,0.0385527315446619,1,0.474611097054695,0.732430725290418,0.139405204460967,-0.11070110701107,-0.151843817787419,0.167652859960552,0,0.439252336448598,0.985185185185185,0.979550724799589,1,0.702340151842903,1,1,0.157821568702698,0.154559877508075,0.069794257173205,0.0561583624309005,0.0952426601687008,0.102412530849469,0.380037938840879,0.91311711672014,0.105998209472175,0.619962061159121,0.0868828832798604,0.0959657754694097,0.270947717970385
42,2011,510,129,340,1173,7654,32594,399443,32480415591,3.95348837209302,0.0444212176639666,0.0359882186905565,996515.174295883,81314.2690972179,60.99,0.88,0.89,1.09,1.18,0.87,-0.6,123,73.0483,15.546,284.5088,7.7831,13.4952,0.011030864,0.068418583,0.01043995,0.029943116,0.036872535,0.034813703,"Brunei Darussalam","South & South East Asia","South East Asia and Oceania",1,0.014941965538876,0.00787653166053146,0.424287756240157,1,0.837475626836569,0.817843866171004,0.821033210332103,1,1,0.83976833976834,-0.560747663551402,0.911111111111111,0.728632855453433,0.573862352769201,0.227082091603854,0.512770678564181,0.494902887520271,0.840258191803321,0.790157256907999,0.69103745937405,1,1,1,0.489421250687913,0.261624008637563,0.886908818014228,0.510578749312087,0.738375991362437,0.809241730108713,0.711954519562917
43,2011,642.06,9561,8211,29542,28058,69248,7348328,1.15e+11,0.0671540633824914,0.292643809252263,0.426611598890943,1660697.7818854,15649.8185709729,68.38,-0.22,0.11,0.28,0.55,-0.14,0.44,113,78.2731,23.7549,490.601,8.3085,11.5691,0.002460733,0.014264377,0.002357926,0.003620746,0.005643032,0.006568295,"Bulgaria","Europe","Europe",0.138235247471216,0.0984366017629393,0.0933699940613119,0.707077778486441,0.501467982302842,0.938950374866119,-0.204460966542751,0.101476014760148,0.303687635574837,0.542406311637081,-0.135135135135135,0.411214953271028,0.837037037037037,0.780748523349511,0.876884266293394,0.391575590009668,0.547385384082243,0.42426796164642,0.187442349129747,0.164737422314367,0.156074999634291,0.273178419464235,0.203997676746066,0.280278044156079,0.30771752081695,0.381878526792526,0.210951485240797,0.69228247918305,0.618121473207474,0.361100599324269,0.50711847921044
48,2011,NA,22415,18014,56050,748,3647,495159,3044224922,NA,24.0828877005348,15.3687962709076,834720.296682205,6147.9745334327,55.82,NA,NA,NA,NA,NA,NA,113,68.5958,18.2607,482.5866,11.1121,23.3761,0.006816914,0.047581703,0.007697028,0.006336956,0.010486209,0.010167975,"Cabo Verde","Sub-Saharan Africa","Africa",NA,1,1,0.355400109203208,0.196999880257276,0.766484497294922,NA,NA,NA,NA,NA,NA,0.837037037037037,0.684220626983962,0.674072318616529,0.385178857413172,0.732093774623613,0.857260313960712,0.519267378450024,0.549514857995395,0.509478941359961,0.478111313053829,0.379080301843705,0.433881265385904,0.638099997365121,0.473482265034783,0.478222343014803,0.361900002634879,0.526517734965217,0.501789343105165,0.4555466935383
50,2011,NA,74700,1775,1262,216270,320275,21119065,55215701705,NA,0.00820733342581033,0.00394036374990243,172400.91079541,2614.4955614749,44.62,-1.08,-0.88,-0.66,-0.79,-1.06,-1.05,114,67.6233,14.0986,1052.83,14.3752,22.9265,0.008618021,0.061511875,0.014196899,0.004085248,0.00839717,0.014184167,"Cameroon","Sub-Saharan Africa","Africa",NA,0.00276070084665871,0.000862404446771383,0.0734033936480984,0.0837764225832205,0.612693268887485,-1.00371747211896,-0.81180811808118,-0.715835140997831,-0.779092702169625,-1.02316602316602,-0.981308411214953,0.844444444444444,0.674520258160479,0.520433279734457,0.84032141889209,0.947075208913649,0.840772352446313,0.656463785827025,0.710392590522779,0.939716092122088,0.308224214501494,0.30356077570387,0.605257617805411,0.0402007303811872,0.619625812870917,0.587269179413778,0.959799269618813,0.380374187129083,0.472633088923617,0.642480878720558
51,2011,162152,846532,590587,4148936,388304,2482345,34342780,1.43e+12,0.191548577017762,1.52093977914212,1.67137766909918,576068.193583084,41639.028640081,80.81,2,1.78,1.06,1.69,1.74,1.41,135,98.223,35.6883,944.6656,12.872,22.8181,0.00627309,0.040576036,0.003733397,0.005746573,0.023752564,0.015891902,"Canada","North America","North America",0.394298775280264,0.511598532452698,0.365804688488775,0.245273416402704,1,1,1,1,1,1,1,1,1,0.97974223850798,1,0.753989473486268,0.848040520419646,0.836797052116774,0.477842466412376,0.468607327076041,0.247119687135925,0.433568035282189,0.858663901385327,0.6781289833176,0.503395082524888,0.84014671741112,0.52732173343491,0.496604917475112,0.15985328258888,0.290334479643787,0.3945933111663
60,2011,928111,3465701,774961,4064457,62348,208485,17201305,3.49e+11,0.267798924373453,12.4296047988709,19.4952010936039,1673981.34158333,20289.1582935132,69.66,1.52,1.25,0.46,1.47,1.36,1.07,122,90.0295,18.9682,641.4244,15.9104,31.4028,0.00518686,0.030414831,0.004853595,0.000876512,0.006356776,0.005840937,"Chile","South America","Latin America and Caribbean",0.551258534758174,1,1,0.712733539567148,0.650126595776793,0.95652651525554,1,1,0.498915401301518,1,1,1,0.903703703703704,0.898014760919074,0.700188851138349,0.511956025113273,1,1,0.395100656189485,0.351256900954531,0.32126743496191,0.0661311682182167,0.229799784157728,0.249240693117297,0.782823734020423,0.721310705642973,0.268799439599861,0.217176265979577,0.278689294357027,0.273699700667812,0.254888333312155
61,2011,25388063.29,10839295,3946883,17109509,2911761,5921798,1344130000,1.4e+13,2.34222459025241,1.35549689689504,2.88924225378846,2364146.83513352,10415.659199631,59.45,-0.55,0.1,-0.61,-0.21,-0.39,-1.59,124,89.8205,17.548,1593.013,16.1885,31.1768,0.006563146,0.03526578,0.00382194,0.004345235,0.030212009,0.039251979,"China","East Asia","Asia",1,0.455948508090728,0.6323516115812,1,0.333749530673843,0.816329332930547,-0.511152416356877,0.0922509225092251,-0.661605206073753,-0.207100591715976,-0.376447876447876,-1.48598130841122,0.918518518518519,0.895930054405852,0.647763834194902,1,1,1,0.499937012232333,0.407279875812701,0.25298049391808,0.327839740622698,1,1,0.684409930069154,0.852961885339425,0.581339520430969,0.315590069930846,0.147038114660575,0.292368033584133,0.347989235007463
67,2011,9522,59285,65392,188051,111911,291621,46406446,5.34e+11,0.160613983301004,0.584321469739346,0.644847250369486,1831143.84766529,11507.0221063686,66.85,-0.3,0.06,-1.26,0.37,-0.29,-0.09,115,64.1399,17.4809,2151.2435,11.3612,25.9222,0.002398648,0.018151463,0.002565831,3.49e-05,0.002808338,0.002406229,"Colombia","South America","Latin America and Caribbean",0.330620555341417,0.196548220053702,0.141133959071853,0.779648854848436,0.368720131279843,0.917941394556889,-0.278810408921933,0.055350553505535,-1.36659436008677,0.364891518737673,-0.27992277992278,-0.0841121495327103,0.851851851851852,0.639774484628631,0.645286916410854,1,0.748505124346774,0.950632197438938,0.182713124851567,0.209628869585724,0.169836573491557,0.00263313881705643,0.101522448839151,0.102677050575779,0.36333434411905,0.669098574075412,0.128168534360139,0.63666565588095,0.330901425924588,0.205939677523382,0.365245205388559
69,2011,NA,35547,26,831,16526,34107,4177435,23529134761,NA,0.00157327847028924,0.0243644999560208,689862.337965813,5632.43587536371,34.44,-1.08,-1.2,-0.36,-1.26,-1.16,-1.11,98,53.6182,8.3377,1204.6758,7.8602,17.9486,0.010217528,0.086739633,0.02310178,0.00303125,0.020394074,0.013002429,"Congo","Sub-Saharan Africa","Africa",NA,0.000529203698645713,0.00533251609218915,0.293723719457579,0.180480447173209,0.472908027352868,-1.00371747211896,-1.1070110701107,-0.390455531453362,-1.24260355029586,-1.11969111969112,-1.03738317757009,0.725925925925926,0.534823974962774,0.307776414427105,0.96151788756111,0.517850225186645,0.658220253641764,0.778303639858111,1,1,0.228702064160524,0.737253255942435,0.554831256726179,0.120016471605406,0.337309339992688,0.716515036114541,0.879983528394594,0.662690660007312,0.689077515369576,0.753063074838816
76,2011,3089,19692,24735,128399,39513,72257,4600487,61633610801,0.156865732277067,0.625996507478551,1.77697662510207,852977.715667686,13397.1926887306,56.4,0.59,0.34,0.5,0.45,0.42,1.04,118,79.5574,20.0279,4272.2312,14.577,29.9328,0.002477534,0.017586988,0.002415046,0.000122395,0.004224655,0.003443831,"Costa Rica","Mesoamerica","Latin America and Caribbean",0.322904858304188,0.210566453017083,0.388916516485254,0.36317359779214,0.429286969409413,0.774448685908879,0.548327137546468,0.313653136531365,0.542299349240781,0.443786982248521,0.405405405405405,0.97196261682243,0.874074074074074,0.793558994999896,0.739306433489405,1,0.960370312784119,1,0.188722138081953,0.203109821718376,0.15985586637019,0.00923447064508943,0.15272282791479,0.146952933308274,0.342969679001616,0.825095120125328,0.143433009673112,0.657030320998384,0.174904879874672,0.158389183112163,0.325122736848723
80,2011,6563,67999,38483,178561,38451,124124,4280622,88627632084,0.0965161252371358,1.00083222803048,1.43856949502111,714024.943475879,20704.3817660144,61.76,0.01,0.56,0.6,0.52,0.18,0.48,123,78.6068,22.1113,562.0531,8.8853,10.8979,0.008941725,0.05411009,0.009227834,0.01180932,0.019908163,0.026020977,"Croatia","Europe","Europe",0.198676443168097,0.336649949007557,0.314851320395633,0.304011468145425,0.663431623947928,0.848048773789581,0.00929368029739777,0.51660516605166,0.650759219088937,0.512820512820513,0.173745173745174,0.448598130841121,0.911111111111111,0.784077071500047,0.816212700423623,0.44860543343626,0.58538645401528,0.39965337141407,0.68112141352686,0.624910344685814,0.610805507965602,0.890990799284836,0.719687395053225,1,0.363524160932928,0.407468086758308,0.754585910086056,0.636475839067072,0.592531913241692,0.668667505572474,0.66119788746494
82,2011,3974,19824,4347,66214,13614,30727,11323570,2.14e+11,0.20046408393866,0.319303657999119,2.15491261756761,6964558.85703128,18898.6335581446,NA,0.35,-0.41,0.28,-1.65,-0.61,-1.53,131,82.5926,17.2826,1041.2889,14.1496,38.3092,0.001280082,0.009286474,0.001356567,0.000513954,0.001785732,0.00139525,"Cuba","Caribbean Islands","Latin America and Caribbean",0.412651161472029,0.107404175417956,0.471633164283396,1,0.605569936527029,NA,0.325278810408922,-0.378228782287823,0.303687635574837,-1.62721893491124,-0.588803088803089,-1.42990654205607,0.97037037037037,0.823834120401477,0.637966904539367,0.831109833424754,0.932212099730408,1,0.0975081722229536,0.107248272332496,0.0897934006533247,0.0387768546584934,0.0645548668324238,0.059537207313126,0.519451687540082,0.77464370873141,0.0762364623354695,0.480548312459918,0.22535629126859,0.131073896758123,0.260713688687992
85,2011,4599.58,1024,3303,27593,14019,79580,1116644,28242887109,4.49177734375,0.235608816606035,0.346732847449108,354899.310241267,25292.6511126196,67.78,0.89,1.57,0.6,1.24,1.05,1.05,104,75.0975,26.8079,472.1481,8.9721,11.0419,0.006464056,0.0381797,0.004110385,0.008040761,0.018240501,0.01482311,"Cyprus","West & Central Asia","Asia",1,0.0792517405761806,0.0758873973219398,0.151106010141635,0.810453786605566,0.930711559058578,0.827137546468401,1,0.650759219088937,1,1,0.981308411214953,0.77037037037037,0.749072953955317,0.989582179776243,0.376847317533889,0.591105061626562,0.404934213180248,0.492388992038648,0.440932356368303,0.272073142826278,0.606660169277176,0.659400802030592,0.632522181039434,0.423339786929064,0.388929692927943,0.517329607263405,0.576660213070936,0.611070307072057,0.562249732741524,0.568353375802133
90,2011,12613,715848,680264,3872298,623338,2842192,5570572,2.46e+11,0.0176196622746728,1.09132444997738,1.36243364276587,86552.9140888441,44160.6355684838,85.42,2.45,2.11,1.1,1.91,1.93,1.6,133,130.4213,22.879,1486.0662,17.293,16.5452,0.008317283,0.040445938,0.011433866,0.005261984,0.015920805,0.018258445,"Denmark","Europe","Europe",0.0362697095636015,0.367088818830878,0.298187910185021,0.0368517636881453,1,1,1,1,1,1,1,1,0.985185185185185,1,0.844551445323978,1,1,0.606754049928892,0.633555555965199,0.467104842307988,0.756826393944735,0.397006714187101,0.57554294073242,0.779112578520199,0.347679640453529,0.84540907455792,0.601524837609607,0.652320359546471,0.15459092544208,0.304943078823682,0.46947870753272
91,2011,NA,1476,5,157,477,2264,841802,2342710799,NA,0.010482180293501,0.0693462897526502,1034766.25397526,2782.9712913488,43.52,-0.31,-0.97,0.18,-0.53,-0.79,-1.4,106,57.7924,11.1227,1422.2855,19.1589,30.9142,0.001151754,0.009200173,0.00222501,0.000331701,0.00085959,0.00100913,"Djibouti","Sub-Saharan Africa","Africa",NA,0.00352589111587609,0.0151774182399438,0.440573975647098,0.0891748995012572,0.597588773240326,-0.288104089219331,-0.894833948339483,0.195227765726681,-0.522682445759369,-0.762548262548263,-1.30841121495327,0.785185185185185,0.576460252127797,0.410581422304515,1,1,1,0.0877329947538327,0.106251593383029,0.147277071009139,0.0250262114256858,0.031074493810092,0.0430609439282529,0.137113046126044,0.65035766880137,0.0734038847183385,0.862886953873956,0.34964233119863,0.160203325096439,0.428644389930308
92,2011,NA,409,0,12,444,2192,71402,726828064.9,NA,0,0.00547445255474453,331582.146395985,10179.3796378253,63.88,0.74,0.61,1.21,0.24,0.64,1.01,NA,75.6218,10.1886,755.9732,9.9362,31.1047,0.014894492,0.094785683,0.024371064,0.002676987,0.018432992,0.012406781,"Dominica","Caribbean Islands","Latin America and Caribbean",NA,0,0.00119816152175482,0.141178226415924,0.326178411904589,0.87715925630956,0.687732342007435,0.562730627306273,1,0.236686390532544,0.617760617760618,0.94392523364486,NA,0.754302674648532,0.376100216610336,0.603383710635519,0.654622453309018,1,1,1,1,0.201973592620499,0.666359422289085,0.529414149783589,0.117138699960567,0.443011108826689,0.732957860782196,0.882861300039433,0.556988891173311,0.638943961669439,0.72426935066498
93,2011,800,13114,5424,14783,47530,155195,10027140,1.14e+11,0.0610035077016928,0.114117399537134,0.0952543574213087,734559.747414543,11369.1441427965,62.7,-0.76,-0.58,-0.01,-0.19,-0.76,0.06,107,60.6523,22.846,2468.8125,10.2499,23.1526,0.003941623,0.031101063,0.002619014,0.000219791,0.006023669,0.005055298,"Dominican Republic","Caribbean Islands","Latin America and Caribbean",0.125574456093961,0.0383856711035901,0.0208477660004159,0.312754602332141,0.364302100241146,0.860956251888062,-0.70631970260223,-0.535055350553505,-0.0108459869848156,-0.187376725838264,-0.733590733590734,0.0560747663551402,0.792592592592593,0.604986817473072,0.843333289036741,1,0.675289817452558,0.849064007469457,0.300246745381901,0.359182104473033,0.173356843722917,0.0165828141472679,0.217757843919244,0.215716412869114,0.172372919154251,0.648313867529325,0.213807127418913,0.827627080845749,0.351686132470675,0.274213423698809,0.464373446911779
99,2011,260000,505205,515196,2361396,170520,284636,15177280,1.51e+11,0.514642570837581,3.02132301196341,8.2961958431119,530502.114981942,9949.08178540555,57.5,-0.79,-0.59,-0.71,-1.02,-1.2,-0.32,110,71.9176,17.4473,2868.4479,11.8872,24.1511,0.003008258,0.019795613,0.002546618,4.13e-05,0.005722321,0.003357847,"Ecuador","South America","Latin America and Caribbean",1,1,1,0.225872678963857,0.318798965372486,0.789553181556038,-0.734200743494424,-0.544280442804428,-0.770065075921909,-1.00591715976331,-1.15830115830116,-0.299065420560748,0.814814814814815,0.71735449347018,0.644046611827485,1,0.783159359410535,0.885681510966181,0.229149178845635,0.228616942664427,0.168564833425086,0.00311600668035617,0.206864003180422,0.143283879566213,0.708934328867269,0.671743118305649,0.16326580739369,0.291065671132731,0.328256881694351,0.231501889457436,0.260862786740257
100,2011,800883,293282,10948,23721,264155,523371,83787634,8.44e+11,2.73076083769205,0.0414453635176317,0.0453234894558545,1612622.78574854,10073.0854865767,57.92,-0.66,-0.57,-1.44,-0.33,-0.41,-1.13,151,88.2055,14.482,504.4676,9.2912,26.3524,0.003479733,0.023289806,0.00560642,0.005402607,0.00790999,0.002951067,"Egypt","North Africa","Africa",1,0.0139409774426103,0.00991968796050686,0.686608815475844,0.3227724226712,0.795320352621317,-0.613382899628253,-0.525830258302583,-1.56182212581345,-0.325443786982248,-0.395752895752896,-1.05607476635514,1,0.879820958621867,0.534586040962535,0.402643284687069,0.612128191681402,0.966408712215394,0.265063023035942,0.268970920120919,0.371098159759756,0.407616452865351,0.285949039999173,0.125926025998154,0.406648380710032,0.539762909494582,0.287437270296549,0.593351619289968,0.460237090505418,0.363715950961878,0.447008660030645
103,2011,778.7,37217,15579,76809,14389,31598,6055208,45998442862,0.020923234005965,1.08270206407673,2.43081840622824,1455739.06139629,7596.50913098278,60.32,-0.21,-0.11,0.11,0.49,-0.76,0.02,113,64.6329,16.7538,2104.3196,11.0461,35.1915,0.002792648,0.020800701,0.002478567,0.000434598,0.003473403,0.002250866,"El Salvador","Mesoamerica","Latin America and Caribbean",0.0430700434944467,0.364188506778087,0.532019056077468,0.619812197508588,0.243415352656209,0.828275615851482,-0.195167286245353,-0.101476014760148,0.119305856832972,0.483234714003945,-0.733590733590734,0.0186915887850467,0.837037037037037,0.644691998078479,0.618446872882069,1,0.727745524596601,1,0.212725436450233,0.240224572378581,0.164060425822764,0.0327895949459911,0.125564792544649,0.0960475009324971,0.36050103130296,0.666711569784107,0.145235387179119,0.63949896869704,0.333288430215893,0.220011986502386,0.372674262030684
106,2011,0,78639,119176,213276,42880,142043,1327439,32579417514,0,2.77929104477612,1.50148898572967,229363.062692283,24543.0618762896,76.32,0.93,1.1,0.58,1.4,1.16,1.13,128,101.5637,15.4358,1312.4755,13.3102,16.059,0.00420204,0.024500043,0.005608803,0.002297016,0.007516339,0.006112582,"Estonia","Europe","Europe",0,0.934870163346244,0.328622142588635,0.0976562542590893,0.78643465819244,1,0.864312267657993,1,0.629067245119306,1,1,1,0.948148148148148,1,0.569794449046368,1,0.876910265295958,0.58892387446559,0.320083588401165,0.282947788775573,0.371255894448685,0.173305501232083,0.271718411952271,0.260832153200131,0.429516643677282,0.712476212170993,0.280023889668318,0.570483356322719,0.287523787829007,0.283749060685752,0.379343677940015
116,2011,462,23567,73363,208529,72313,127669,867327,6493459066,0.0196036831162218,1.01452021075049,1.63335657050654,50861.6740633983,7486.74844205242,68.13,-0.45,-0.71,-0.05,-0.5,-0.81,-0.98,123,75.8464,16.2147,460.8525,14.1497,26.4326,0.020521683,0.127946481,0.032426385,0.033601009,0.024702291,0.019143868,"Fiji","Oceania","South East Asia and Oceania",0.0403537753401943,0.341254175925564,0.357483232253109,0.0216554510393938,0.239898284968525,0.93551753494631,-0.4182156133829,-0.654981549815498,-0.0542299349240781,-0.493096646942801,-0.781853281853282,-0.91588785046729,0.911111111111111,0.756542986049822,0.598546628807846,0.367831679093459,0.932218687988025,0.969349847699056,1,1,1,1,0.892996880808979,0.81689477720202,0.200128983905357,0.58087591070011,0.9516486096685,0.799871016094643,0.41912408929989,0.631552734821738,0.723547905021011
118,2011,9345,130910,47621,47911,77084,432347,5388272,2.19e+11,0.071384920938049,0.617780602978569,0.110816080601924,506537.572829232,40643.8279285084,81.31,2.22,2.26,1.37,1.83,1.96,1.55,128,106.1328,17.3152,1179.302,13.3284,12.482,0.012081813,0.055734184,0.017323196,0.007648677,0.018517099,0.023816792,"Finland","Europe","Europe",0.146944380050086,0.207802869118099,0.0242536696484536,0.215669260007914,1,1,1,1,1,1,1,1,0.948148148148148,1,0.63917029529585,0.941265664867338,0.878109328182194,0.457746298093249,0.920312529017297,0.643666793646482,1,0.577078175009361,0.669399921190754,1,0.31893403576491,0.677434637812558,0.801742903143982,0.68106596423509,0.322565362187442,0.508541532162172,0.601791409855505
120,2011,167870.9,523341,261861,1657837,1069984,6502958,65342776,2.45e+12,0.320767721237205,0.2447335661094,0.254935830740411,376751.625952374,37494.5808852688,70.46,1.52,1.37,0.59,1.15,1.44,1.17,142,111.3011,29.5046,1110.6785,13.4948,15.2814,0.01070294,0.059178148,0.007318818,0.008824145,0.033930981,0.049537235,"France","Europe","Europe",0.660293705139574,0.0823210326802724,0.0557963193315163,0.160410103286296,1,0.967511602998929,1,1,0.639913232104121,1,1,1,1,1,1,0.886493482378863,0.889072188856358,0.560407328928231,0.815279112441186,0.683440682958541,0.484444599479985,0.665765006499552,1,1,0.391764232087532,0.815893520306102,0.774821566896544,0.608235767912468,0.184106479693898,0.377689913913826,0.522387938167637
122,2011,2918.92,8601,1055,8860,2603,15044,270862,NA,0.339369840716196,0.405301575105647,0.588939111938314,NA,NA,NA,NA,NA,NA,NA,NA,NA,NA,80.1524,24.0932,508.0217,9.9812,14.3398,0.027061162,0.14859076,0.022081098,0.03661171,0.056883621,0.049754969,"French Polynesia","Oceania","South East Asia and Oceania",0.69858578249342,0.136331295866147,0.128897670684786,NA,NA,NA,NA,NA,NA,NA,NA,NA,NA,0.799493925025575,0.889372213928916,0.405480007002053,0.657587169236526,0.525876491379393,1,1,1,1,1,1,0.321271583014784,0.404040076694723,1,0.678728416985215,0.595959923305277,0.771984406128309,0.758229446763498
125,2011,20,36150,3030,4802,3634,756,1749099,2680483729,0.000553250345781466,0.833791964777105,6.35185185185185,3545613.39814815,1532.49400348408,48.88,-0.5,-0.61,0.01,-0.27,-0.51,-1.22,127,58.3756,19.8121,1402.1167,11.6194,25.0922,0.012927133,0.111877325,0.016032732,0.00413068,0.018466054,0.014501163,"The Gambia","Sub-Saharan Africa","Africa",0.00113885436875256,0.280462613576603,1,1,0.0491057881810697,0.671188861121028,-0.464684014869888,-0.562730627306273,0.0108459869848156,-0.266272189349112,-0.492277992277992,-1.14018691588785,0.940740740740741,0.582277481020193,0.731340429647414,1,0.765516005513054,0.920194012258887,0.984703410338577,1,1,0.311651972746093,0.667554625716707,0.618784266484452,0.466141451225285,0.699641974033447,0.763782379214305,0.533858548774715,0.300358025966553,0.478965727050325,0.532666317985191
127,2011,NA,26547,8506,3923,21462,42098,3875000,28345977228,NA,0.396328394371447,0.0931873248135303,673333.109126324,7315.09089754839,76.61,-0.02,0.55,-0.65,0.65,-0.13,-0.19,110,97.3936,16.231,328.3433,17.3103,23.5751,0.004489554,0.021688704,0.006179627,0.010303985,0.004009738,0.004246075,"Georgia","West & Central Asia","Asia",NA,0.133312986950827,0.0203953666216495,0.286686044971947,0.234397852992326,1,-0.0185873605947955,0.507380073800738,-0.704989154013015,0.641025641025641,-0.125482625482625,-0.177570093457944,0.814814814814815,0.971469245292354,0.599148324186087,0.262068812381592,1,0.864558143901471,0.341984501489944,0.25048000275787,0.409039673749327,0.777416128191036,0.144953499530114,0.181185771397299,0.168698062884187,0.573963262346282,0.350843262852598,0.831301937115813,0.426036737653718,0.38661624271816,0.536060645874043
128,2011,20936,219439,623907,2577770,971979,5278356,81797673,3.43e+12,0.0954069240198871,0.641893497699024,0.488366074588376,649823.543542724,41932.7332209072,79.45,1.71,1.55,0.83,1.55,1.61,1.37,138,98.0915,29.4277,960.3207,12.1866,12.7309,0.00312731,0.021212317,0.002442705,0.002662485,0.007958118,0.007503499,"Germany","Europe","Europe",0.196393175454446,0.215913723815534,0.106885836209342,0.276676342070338,1,1,1,1,0.900216919739696,1,1,1,1,0.978430569098944,1,0.766484668194718,0.802884602714889,0.466874086396038,0.238217772044732,0.244978271669013,0.161686661066412,0.200879444221504,0.287688884853222,0.320184465534373,0.359173815509932,0.721548722289663,0.242272583231543,0.640826184490068,0.278451277710337,0.259732767195452,0.387183348477316
129,2011,0,267169,20373,56340,320872,267694,24928503,85526138706,0,0.0634926076441696,0.210464186720659,319492.17653739,3430.85738866871,63.73,0.04,-0.05,0.16,0.13,-0.04,0.46,134,65.3372,11.595,858.7975,13.1611,25.0868,0.011684035,0.104882857,0.033547339,0.007625291,0.014218629,0.015311675,"Ghana","Sub-Saharan Africa","Africa",0,0.0213570092240431,0.0460630698164638,0.136030661866353,0.109935148734286,0.875099552357674,0.0371747211895911,-0.0461254612546125,0.17353579175705,0.128205128205128,-0.0386100386100386,0.429906542056075,0.992592592592593,0.651717159787867,0.428015822742756,0.685453429082549,0.867087173189481,0.919995980692656,0.890012434390154,1,1,0.575313745657622,0.51400865394955,0.653369911332168,0.0626771779282292,0.583595332418239,0.772117457554916,0.937322822071771,0.416404667581761,0.567021439847938,0.708614982402816
131,2011,108412.4,56669,118644,828482,97964,562514,11104899,2.9e+11,1.91308122606716,1.21109795435058,1.47282023202978,515542.724269974,26114.6004119443,60.42,-0.18,0.5,-0.1,0.49,0.55,0.8,138,115.371,29.9257,907.5957,13.3507,16.277,0.005264378,0.028795798,0.004233425,0.005155261,0.01231113,0.013539725,"Greece","Europe","Europe",1,0.407377033988619,0.322347579567697,0.219503396805775,0.836791552428111,0.829648751819405,-0.16728624535316,0.461254612546125,-0.108459869848156,0.483234714003945,0.530888030888031,0.747663551401869,1,1,1,0.724401951316319,0.879578509630715,0.596918482139386,0.401005464236453,0.332558900820218,0.280217362769993,0.388954666222267,0.445051865401223,0.577758404793202,0.55720391255804,0.776230988811356,0.404257777373893,0.44279608744196,0.223769011188644,0.30076629317175,0.356940958668165
133,2011,NA,2320,701,5402,587,2811,105070,1179028541,NA,1.19420783645656,1.92173603699751,419433.845962291,11221.3623393928,60.36,0.44,0.23,0.36,0.26,0.15,0.81,NA,64.2921,15.9777,368.4729,7.4202,15.6457,0.023119755,0.1336152,0.025637919,0.034542877,0.036818505,0.02339331,"Grenada","Caribbean Islands","Latin America and Caribbean",NA,0.401695704822249,0.42059916520867,0.178582975939392,0.359566719927449,0.828824870238651,0.408921933085502,0.212177121771218,0.390455531453362,0.256410256410256,0.144787644787645,0.757009345794392,NA,0.641292629754527,0.589798051835872,0.294098449086066,0.488861891673233,0.573767125146415,1,1,1,1,1,0.998224223049792,0.34011114147444,0.16091286335912,0.999704037174965,0.65988885852556,0.83908713664088,0.915881432305225,0.832893344113802
136,2011,15944,17205,33087,106068,21446,72216,15049280,1.02e+11,0.926707352513804,1.54280518511611,1.46876038551014,1412429.37853107,6777.73288821791,61.24,-0.47,-0.7,-0.76,-0.11,-1.07,-0.34,118,63.2436,20.4056,2965.6509,11.5796,28.3422,0.000418841,0.003144514,0.000355878,1.22e-05,0.000633872,0.000435179,"Guatemala","Mesoamerica","Latin America and Caribbean",1,0.518953399332494,0.321459024623541,0.6013721690571,0.217179261256507,0.840908466756378,-0.436802973977695,-0.645756457564575,-0.824295010845987,-0.108481262327416,-1.03281853281853,-0.317757009345794,0.874074074074074,0.630834185835327,0.753248785904234,1,0.762893878981613,1,0.0319045345235962,0.0363155804695458,0.0235561500741975,0.00092046686441514,0.0229147053134525,0.0185696773634251,0.531792770853928,0.723421235079941,0.0223635191014387,0.468207229146072,0.276578764920059,0.0786465160852155,0.25571650438919
137,2011,NA,88338,7854,7535,1353,2007,11316351,13396928290,NA,5.80487804878049,3.75435974090683,6675101.29048331,1183.85584628826,36.43,-1.11,-1.15,-1.39,-1,-1.47,-0.94,116,45.063,12.5295,1246.2776,7.2391,16.5491,0.004516082,0.048579322,0.007726278,0.001546662,0.009122267,0.007971962,"Guinea","Sub-Saharan Africa","Africa",NA,1,0.821694833482741,1,0.0379343568670324,0.500233433114547,-1.03159851301115,-1.06088560885609,-1.50759219088937,-0.986193293885601,-1.41891891891892,-0.878504672897196,0.859259259259259,0.449488658398594,0.46251179396769,0.994722567903107,0.476930557129417,0.606897072726726,0.344005228906414,0.561036229206478,0.511415046962641,0.116692714872955,0.329773298229977,0.340174416259711,0.714907297587443,0.379503352794357,0.367182822406363,0.285092702412557,0.620496647205643,0.47732139090413,0.424257390674854
138,2011,NA,3755,4401,2681,444,1247,1673509,2370210331,NA,9.91216216216216,2.14995990376905,1900730.01684042,1416.31167265907,33.69,-1.05,-1.04,-0.73,-1.12,-1.32,-0.93,105,42.9944,13.1199,993.4139,7.7755,15.1878,0.000514599,0.005698079,0.000695083,0.000157544,0.001256806,0.00053004,"Guinea-Bissau","Sub-Saharan Africa","Africa",NA,1,0.470549192682151,0.809276662177635,0.0453829514750823,0.462609507593442,-0.975836431226766,-0.959409594095941,-0.79175704989154,-1.10453648915187,-1.27413127413127,-0.869158878504673,0.777777777777778,0.428855051253856,0.484305717361163,0.79289816779074,0.512269970985313,0.556974781780216,0.0391987450161472,0.0658063683120283,0.0460086868590456,0.0118863960399524,0.0454339979146877,0.0226175247190463,0.581302201583717,0.292373363156287,0.0384919531434846,0.418697798416283,0.707626636843713,0.165039181252422,0.388272129467827
141,2011,NA,770,748,10122,16925,34600,10144890,15849403538,NA,0.0441949778434269,0.292543352601156,458075.246763006,1562.30412927099,43.12,-1.22,-1.66,-1.03,-1.04,-1.41,-0.78,92,47.7101,14.2612,1184.4689,7.8391,18.7248,0.003274237,0.025955957,0.002863339,0.000537087,0.003636866,0.003572835,"Haiti","Caribbean Islands","Latin America and Caribbean",NA,0.0148658652476234,0.0640272584384863,0.195035382953962,0.0500609956528218,0.592096229368632,-1.13382899628253,-1.53136531365314,-1.11713665943601,-1.02564102564103,-1.36100386100386,-0.728971962616822,0.681481481481481,0.475892613475862,0.526435467986115,0.945389651398187,0.516460102829525,0.686685457661951,0.249409698202745,0.299761948936329,0.189529117274186,0.040522195640011,0.131474039955251,0.152457708719292,0.0809973755732234,0.37437497015593,0.177192451454636,0.919002624426777,0.62562502984407,0.332950495914108,0.573940035241827
145,2011,30295,8985,21626,143174,9524,17484,7621414,33791210423,3.3717306622148,2.27068458630827,8.18885838480897,1932693.34380005,4433.71931022249,58.3,-0.8,-0.55,-0.43,-0.11,-0.93,-0.49,118,65.2542,13.7472,4571.009,10.8536,26.8051,0.000885743,0.006665073,0.001210074,3.38e-05,0.001567922,0.001229623,"Honduras","Mesoamerica","Latin America and Caribbean",1,0.763790202576935,1,0.822885735704543,0.142069907488787,0.800538269299426,-0.743494423791822,-0.507380073800738,-0.466377440347072,-0.108481262327416,-0.897683397683398,-0.457943925233645,0.874074074074074,0.650889261985965,0.507461760966729,1,0.715063128684483,0.983010358517814,0.0674700378485718,0.0769740554078936,0.0800967880703063,0.00255014590305178,0.0566809554365535,0.0524696788876459,0.745749169154053,0.638104767891825,0.0560402769256705,0.254250830845947,0.361895232108175,0.142410354347645,0.224062113293264
150,2011,5080,1154199,500979,1960117,40902,99093,319014,12582181171,0.00440132074278352,12.2482763679038,19.7805798593241,126973.461001282,39440.8432576627,81.01,1.95,1.58,1.23,1.03,1.68,1.45,133,104.5555,19.4106,1253.441,12.9869,12.8215,0.042017856,0.193388009,0.045368953,0.021210659,0.086566232,0.070433101,"Iceland","Europe","Europe",0.00906002751633202,1,1,0.0540616804037597,1,1,1,1,1,1,1,1,0.985185185185185,1,0.716519528152699,1,0.855610428421216,0.470196616007258,1,1,1,1,1,1,0.612624341584018,0.725318364674952,1,0.387375658415982,0.274681635325048,0.524100787373048,0.554019097913677
155,2011,322522,3108062,923042,3512734,28300,114519,1247446011,5.78e+12,0.103769487223871,32.6163250883392,30.6738095861822,50471974.0829033,4633.46705912069,50.09,-0.57,0,-1.29,-0.34,-0.11,0.42,108,66.1682,13.3527,317.7054,11.5156,21.9702,0.00077407,0.005481083,0.001090559,0.001755879,0.001558475,0.002549868,"India","South & South East Asia","South East Asia and Oceania",0.213607338466625,1,1,1,0.148470435402593,0.687803806332903,-0.529739776951673,0,-1.39913232104121,-0.335305719921104,-0.106177606177606,0.392523364485981,0.8,0.660006112479193,0.492899256260216,0.253578120416097,0.758677394106935,0.805702428967177,0.058963528018222,0.0633003099196759,0.0721858936735813,0.132477740772327,0.0563394429212567,0.108806321259348,0.672415554773844,0.356321833235168,0.0820122060940686,0.327584445226156,0.643678166764832,0.229759584067716,0.351091606028352
158,2011,6216682.78,4839344,1106188,3348219,241569,267053,244808254,2.17e+12,1.2846127037053,4.57918027561483,12.5376573189592,8125727.85177474,8864.08021193599,57.46,-0.68,-0.25,-0.76,-0.33,-0.61,-0.04,117,59.684,9.6671,201.1079,7.2072,15.5995,0.011681495,0.083907546,0.025718867,0.041002919,0.028039918,0.015797314,"Indonesia","South & South East Asia","South East Asia and Oceania",1,1,1,1,0.284032201312207,0.789003927168868,-0.631970260223048,-0.230627306273063,-0.824295010845987,-0.325443786982248,-0.588803088803089,-0.0373831775700935,0.866666666666667,0.5953283422733,0.356849655889306,0.160515254958928,0.474828902949695,0.572072855079766,0.889818954005736,0.969037262599282,1,1,1,0.674092785241747,0.856806440262441,0.137680397455528,0.922158166974461,0.143193559737559,0.862319602544472,0.891737104772789,0.642557109752164
161,2011,8026,455169,55902,210788,60844,69236,75184322,1.35e+12,0.0176330110354616,0.918775885872066,3.04448552776012,19498526.7779768,17955.871172184,56.98,-0.92,-0.44,-1.42,-1.51,-0.94,-1.55,126,101.1076,25.065,619.7117,16.8412,27.3842,0.002413589,0.011839763,0.002488922,0.002965855,0.00244599,0.002043219,"Iran","West & Central Asia","Asia",0.0362971877109855,0.309048656173754,0.666328802090027,1,0.575360950439767,0.782412874522835,-0.855018587360595,-0.40590405904059,-1.54013015184382,-1.48915187376726,-0.907335907335907,-1.44859813084112,0.933333333333333,1,0.925245070896696,0.49462592730833,1,1,0.183851231317545,0.136735872687115,0.164745840301934,0.223768135422948,0.0884234357246441,0.0871869221925232,0.517407119282907,0.820953250043574,0.147451906274452,0.482592880717093,0.179046749956426,0.16248318249382,0.269697178982657
165,2011,NA,26573,203,115,39937,36574,31867758,4.21e+11,NA,0.0050830057340311,0.00314431016569147,11510909.3891836,13210.8446411574,47.55,-1.21,-1.15,-1.84,-1.09,-1.52,-1.14,115,73.1126,20.1084,181.7944,12.8702,19.7753,0.000669194,0.004343574,0.000516167,0.00216675,0.000648475,0.000454896,"Iraq","West & Central Asia","Asia",NA,0.00170977070206274,0.000688176838746915,1,0.423315808849384,0.652926152747645,-1.12453531598513,-1.06088560885609,-1.99566160520607,-1.07495069033531,-1.46718146718147,-1.06542056074766,0.851851851851852,0.729274226883098,0.742277996553725,0.145100090379868,0.847921931782545,0.725209931796462,0.050974768649639,0.0501633674146234,0.0341659425852351,0.163477178563238,0.0234426091200449,0.0194110284593526,0.356428439097548,0.435830301767485,0.0569391491320222,0.643571560902451,0.564169698232515,0.179229859631226,0.421560136088996
166,2011,43609.37,243290,206112,595507,95173,269358,4576794,2.08e+11,0.179248510008632,2.16565622603049,2.21083836381321,772206.505839812,45446.6598234485,82.02,1.54,1.45,0.93,1.59,1.77,1.32,145,134.1735,24.0195,1344.0272,16.968,15.0102,0.006407426,0.034654278,0.007030562,0.004486617,0.013734204,0.017875504,"Ireland","Europe","Europe",0.36897934230366,0.728461811722214,0.483873306390177,0.328783518974839,1,1,1,1,1,1,1,1,1,1,0.88665166488742,1,1,0.55046174360193,0.488075293546687,0.400217719279676,0.465364460792604,0.338506744411612,0.496496512505427,0.762771967371161,0.582019595878178,0.845591929589312,0.491905449651195,0.417980404121822,0.154408070410688,0.275597843433403,0.354764641394568
168,2011,2326,2063,4903,30595,75657,379927,7765800,2.37e+11,1.12748424624333,0.0648056359623036,0.0805286278679852,623804.04656684,30518.4269489299,71.65,0.71,1.33,-1.19,1.32,1,0.65,155,106.4939,40.7722,846.9955,12.9053,16.7195,0.005638067,0.033969598,0.003233427,0.005363688,0.009125885,0.008213628,"Israel","West & Central Asia","Asia",1,0.021798672575767,0.0176248314048336,0.265597981925752,0.97790360416844,0.983851921017219,0.659851301115242,1,-1.29067245119306,1,0.965250965250965,0.607476635514019,1,1,1,0.676033605002911,0.850234410206002,0.613146068816703,0.429470618320194,0.392310439605969,0.21402585061724,0.404680088119763,0.329904090257112,0.350486631807129,0.456585018014958,0.758176854570327,0.353479619787901,0.543414981985042,0.241823145429673,0.292368865480569,0.379572582400872
169,2011,125346.8,204801,126287,772152,957826,6134321,59379449,2.16e+12,0.612041933388997,0.131847538070589,0.12587407799494,352117.210690474,36376.2216789853,66.5,0.08,0.38,0.5,0.71,0.42,0.9,141,105.9956,33.4388,811.5075,12.7123,15.0093,0.006711254,0.040484982,0.004225875,0.007721025,0.020920447,0.027645979,"Italy","Europe","Europe",1,0.0443495580229096,0.0275493257694223,0.149921471454728,1,0.913135418669156,0.0743494423791822,0.350553505535055,0.542299349240781,0.700197238658777,0.405405405405405,0.841121495327103,1,1,1,0.647708684062548,0.8375190730058,0.550428738340891,0.511218899151762,0.467555756351892,0.279717615853746,0.58253669441155,0.756281832973693,1,0.444364071049412,0.727709948375536,0.599551799790441,0.555635928950588,0.272290051624464,0.404044540263174,0.475825926788498
170,2011,45,3250,1457,11991,27937,104964,2699838,22917372413,0.0138461538461538,0.0521530586677166,0.114239167714645,218335.547549636,8488.42501401936,62.56,-0.29,0.22,-0.08,0.3,-0.43,0.43,115,69.7803,15.6182,1062.4289,7.9662,18.6477,0.013477083,0.087463929,0.015623252,0.009181536,0.028693936,0.017703384,"Jamaica","Caribbean Islands","Latin America and Caribbean",0.0285020206825882,0.0175427249936043,0.0250028607726917,0.0929610526430335,0.27199506150215,0.859033861532969,-0.269516728624535,0.202952029520295,-0.0867678958785249,0.29585798816568,-0.415057915057915,0.401869158878505,0.851851851851852,0.696035626337604,0.576527531070368,0.847982827920901,0.524833778260331,0.68385800696631,1,1,1,0.692729479707765,1,0.755427373841159,0.0872007441188135,0.476778820309445,0.908026142258154,0.912799255881186,0.523221179690555,0.689273900087748,0.781348859276632
171,2011,867265.5,3631583,409445,1871870,2323054,17231696,127817277,4.57e+12,0.238811972630117,0.176252898124624,0.108629469786375,265208.949832913,35754.164908395,77.98,1.57,1.47,0.98,1.09,1.3,1.07,111,77.5564,22.2349,654.063,12.891,21.9484,0.02440605,0.125866208,0.016780737,0.022475786,0.071061205,0.083449044,"Japan","East Asia","Asia",0.49158949544996,0.0592861895373354,0.0237750988843371,0.112918411241377,1,1,1,1,1,1,1,1,0.822222222222222,0.773599675703454,0.820775249426728,0.522043585578695,0.849292289366816,0.804902968199798,1,1,1,1,1,1,0.337513839022602,0.597682150272482,1,0.662486160977398,0.402317849727518,0.634285306252256,0.688268003568305
175,2011,121,145,2562,6479,24836,81105,6760371,69797089967,0.83448275862069,0.10315670800451,0.0798841008569139,860576.906072375,10324.4466859881,57.17,0.1,0.09,-0.52,0.3,0.26,-0.8,138,91.9799,28.2426,311.8405,15.8381,23.1349,0.00329938,0.018323217,0.002715374,0.008537502,0.003479028,0.003084703,"Jordan","West & Central Asia","Asia",1,0.0346988231562503,0.0174837675346704,0.366409116456796,0.330826803169377,0.78502183286189,0.0929368029739777,0.0830258302583025,-0.563991323210412,0.29585798816568,0.250965250965251,-0.747663551401869,1,0.917469361796526,1,0.248897021768015,1,0.848414904002364,0.251324925488343,0.211612434043687,0.17973507059041,0.644138335727704,0.125768138357981,0.13162845512304,0.349883702063419,0.721580247332842,0.257367893221861,0.650116297936581,0.278419752667158,0.267686953689002,0.395301314608533
177,2011,160,123225,15528,54679,16088,11532,41419954,1.09e+11,0.00129843781700142,0.965191447041273,4.741501907735,9451959.76413458,2631.58186993641,56.93,-0.95,-0.57,-1.24,-0.21,-0.96,-0.28,100,60.3132,9.025,921.9886,13.5637,18.3663,9.53e-05,0.00067554,0.000149442,3.56e-05,0.000114306,0.000138847,"Kenya","Sub-Saharan Africa","Africa",0.00267280733165544,0.324661459062326,1,1,0.0843239200887243,0.781726306538873,-0.882899628252788,-0.525830258302583,-1.34490238611714,-0.207100591715976,-0.926640926640927,-0.261682242990654,0.740740740740741,0.601604406092051,0.333147287645828,0.735889714915354,0.893611498354253,0.673538362014905,0.00725932308465198,0.00780172301042291,0.00989181174275517,0.00268595248960484,0.00413220382910035,0.00592478955298735,0.482331637296541,0.417300724627306,0.0062826339515871,0.517668362703459,0.582699275372694,0.0605052580444186,0.368883424009247
183,2011,1477547,1686031,576793,2130589,1293208,3858383,49779440,1.56e+12,0.876346283075459,0.446017191356688,0.552197384241015,404314.449861509,31338.2392409396,81.77,0.46,1.26,0.39,0.99,1.02,0.72,133,96.1283,30.6849,1242.7925,17.4518,32.2177,0.021278822,0.118237917,0.014104674,0.011196954,0.055371371,0.060704116,"South Korea","East Asia","Asia",1,0.150026808211606,0.120856222899921,0.172145568047595,1,1,0.427509293680297,1,0.422993492407809,0.976331360946745,0.984555984555985,0.672897196261682,0.985185185185185,0.958848292415897,1,0.99194091827593,1,1,1,1,0.933611567704752,0.844788945850866,1,1,0.488605719831824,0.992075199966533,0.96306675225927,0.511394280168175,0.00792480003346663,0.0873619564257512,0.494128610820304
187,2011,319,3670,463,1877,31755,117577,3239181,2.47e+11,0.0869209809264305,0.0145803810423555,0.01596400656591,2100750.99721884,76253.8431782602,60.37,0.13,0.02,0.29,0.09,0.55,-0.54,142,108.0437,33.0088,586.3707,17.4215,31.1461,0.004822228,0.027510905,0.003756589,0.007883278,0.009230032,0.007275774,"Kuwait","West & Central Asia","Asia",0.178925037497265,0.00490440295280964,0.00349394906779082,0.894439894163224,1,0.828962183835443,0.120817843866171,0.018450184501845,0.314533622559653,0.0887573964497041,0.530888030888031,-0.504672897196262,1,1,1,0.468014644929142,1,1,0.367325404405615,0.317719839796398,0.248654803756005,0.594778375571546,0.333669042509744,0.31046713133951,0.416352656736218,0.854665628048083,0.36210243289647,0.583647343263782,0.145334371951917,0.229403421219627,0.36369471603739
198,2011,NA,151681,104838,198298,61901,164213,2059709,40660287491,NA,1.69363984426746,1.20756578346416,247606.995128279,19740.7922628876,73.88,0.19,0.71,0.3,0.97,0.75,0.71,132,95.212,26.8778,1315.3406,12.4923,15.01,0.011176392,0.064274566,0.010746936,0.007204193,0.018601378,0.021781452,"Latvia","Europe","Europe",NA,0.569689655509817,0.26429288449683,0.105424000659675,0.632555273419659,1,0.176579925650558,0.654981549815498,0.325379609544468,0.956607495069033,0.723938223938224,0.663551401869159,0.977777777777778,0.949708500176352,0.992162456275572,1,0.823024906249094,0.550454409099477,0.851343551403145,0.742298547158046,0.711357367563592,0.543542700110779,0.672446637955515,0.929444058989358,0.392990453521495,0.803312723972974,0.741738810530072,0.607009546478505,0.196687276027026,0.381956262112151,0.515145211011868
200,2011,25,3155,462,2641,28130,122467,4591698,72014278181,0.00792393026941363,0.0164237468894419,0.0215649930185274,588030.066720014,15683.5833238597,61.63,-0.89,-0.26,-1.56,-0.04,-0.67,-0.42,129,88.3715,33.9161,465.9129,15.1366,22.0438,0.004135216,0.026193682,0.00245157,0.007316245,0.006504446,0.004477599,"Lebanon","West & Central Asia","Asia",0.0163112462085599,0.00552445594575242,0.00471980432624587,0.250366441019498,0.502549908104494,0.84626369703128,-0.827137546468401,-0.239852398523985,-1.69197396963124,-0.0394477317554241,-0.646718146718147,-0.392523364485981,0.955555555555556,0.88147675422567,1,0.371870662127911,0.997238202407086,0.80840152586989,0.314993378476623,0.302507403835599,0.162273449995224,0.551996811019914,0.235138108825228,0.191065214067762,0.15589437112091,0.721510189619986,0.292995727703392,0.84410562887909,0.278489810380014,0.28565070392049,0.471863722320832
203,2011,0,30000,363,3989,39247,81370,6288652,69322560014,0,0.00924911458200627,0.0490229814427922,851942.485117365,11023.4371394696,NA,-1.29,-1.36,-1.28,-1.54,-1.18,-1.56,NA,50.4714,9.9893,490.8367,7.4816,11.0093,0.001366031,0.011282826,0.002546517,0.001663501,0.002362182,0.00205482,"Libya","North Africa","Africa",0,0.00311112478714328,0.0107293742084857,0.362732826132343,0.353224592048955,NA,-1.19888475836431,-1.25461254612546,-1.3882863340564,-1.51873767258383,-1.13899613899614,-1.45794392523364,NA,0.503435676131168,0.368743290911963,0.391763715118596,0.492907081849877,0.403738689280405,0.104055198034105,0.130303880194804,0.168558148068988,0.125507995854217,0.0853937457826529,0.087681952575637,0.145959583435385,0.0103731232916643,0.116916820085067,0.854040416564615,0.989626876708336,0.340152947209716,0.653528037786006
205,2011,NA,137312,91232,410037,101330,347965,3028115,69178303536,NA,0.900345406098885,1.17838575718822,198808.223631687,22845.3356414799,73.45,0.24,0.72,0.64,0.94,0.76,0.84,138,130.7735,22.8476,1479.1042,15.0424,14.8009,0.019131101,0.085984293,0.026614448,0.01197538,0.026151511,0.039288251,"Lithuania","Europe","Europe",NA,0.302849195462905,0.257906422227225,0.0846468747316178,0.732034324692619,1,0.223048327137546,0.66420664206642,0.694143167028199,0.927021696252465,0.733590733590734,0.785046728971963,1,1,0.843392351159759,1,0.991032063732169,0.54278618678484,1,0.993021341790339,1,0.903519711375392,0.945386715403916,1,0.344359204278592,0.828002341971664,0.973654628094941,0.655640795721408,0.171997658028336,0.409226484676616,0.600431027281562
215,2011,7110,46537,25599,160033,20523,41254,21678867,29735787033,0.152781657605776,1.2473322613653,3.87921171280361,720797.668904833,1371.64857522305,44.9,-0.32,-1.02,-0.76,-0.52,-0.86,-0.86,98,43.6091,4.8228,330.7408,7.6555,12.2733,0.002160982,0.020303194,0.007516559,0.002867608,0.00335257,0.006670991,"Madagascar","Sub-Saharan Africa","Africa",0.314497875249995,0.419565168290444,0.849020456848001,0.306895101581225,0.0439518094300125,0.616538049597671,-0.297397769516729,-0.940959409594096,-0.824295010845987,-0.512820512820513,-0.83011583011583,-0.803738317757009,0.725925925925926,0.434986482324083,0.178028004305629,0.263982388744151,0.504364061845292,0.450092744783518,0.164609302393677,0.234478929175001,0.497533401462186,0.216355585584571,0.12119663527135,0.28466022157391,0.386786082279936,0,0.253139012576783,0.613213917720064,1,0.503129220555498,0.622117643432282
217,2011,404286.5,1027105,271661,890203,348980,967953,28572970,6.25e+11,0.393617497724186,0.778442890710069,0.919675852030006,645692.507797383,21873.819907416,76.39,0.05,1.03,0.08,0.59,0.52,-0.44,122,73.8039,13.7983,370.7178,7.0539,13.8758,0.026058139,0.163113467,0.035966967,0.052510481,0.075596762,0.051042102,"Malaysia","South & South East Asia","South East Asia and Oceania",0.810253459972909,0.261844844843325,0.201284093225804,0.274917464802285,0.700903993518037,1,0.0464684014869888,0.950184501845018,0.0867678958785249,0.581854043392505,0.501930501930502,-0.411214953271028,0.903703703703704,0.736169717852429,0.509348057520602,0.295890227011535,0.464729104023317,0.508860445688376,1,1,1,1,1,1,0.449840771272472,0.252914569422621,1,0.550159228727528,0.747085430577379,0.864341038350823,0.765748219768302
218,2011,NA,98209,39117,117754,2735,16980,377000,4194858489,NA,14.3023765996344,6.93486454652532,247047.025265018,11126.9455941645,63.58,-0.53,-0.31,-0.21,-0.4,-0.57,-0.2,119,104.1913,11.2899,458.1596,12.0148,21.0728,0.118372218,0.450663597,0.210947874,0.165148426,0.130006367,0.103517155,"Maldives","South & South East Asia","South East Asia and Oceania",NA,1,1,0.105185581453451,0.356541319057111,0.873039848405789,-0.492565055762082,-0.285977859778598,-0.227765726681128,-0.394477317554241,-0.55019305019305,-0.186915887850467,0.881481481481482,1,0.416753414159849,0.365682327774695,0.791565976129425,0.772792516460457,1,1,1,1,1,1,0.615431725127641,0.490634330123583,1,0.384568274872359,0.509365669876417,0.713698584751586,0.631311314916259
220,2011,2126.72,1903,4445,77525,12848,50247,416268,11974071551,1.11756174461377,0.345968244084682,1.542878181782,238304.208231337,28765.2943560399,NA,0.83,1.21,1.04,1.33,1.3,1.13,133,98.8974,21.3706,640.5476,11.5997,15.5404,0.013152857,0.070724812,0.014521759,0.01732495,0.030957352,0.038525488,"Malta","Europe","Europe",1,0.116373342571654,0.337680754683699,0.101463139168456,0.921727881742076,NA,0.771375464684015,1,1,1,1,1,0.985185185185185,0.986469157515237,0.788870628849189,0.51125620290068,0.764218118762567,0.569905509604898,1,0.816791593670596,0.961219109766067,1,1,1,0.495449023633177,0.601519616855329,0.96300178390611,0.504550976366823,0.398480383144671,0.619465349975209,0.622011047805868
223,2011,NA,333144,233760,284944,1924,665,3683221,12535969842,NA,121.496881496881,428.487218045113,18851082.4691729,3403.53452643759,42.78,-0.56,-0.93,-1.17,-0.77,-0.88,-0.97,126,69.4719,15.1647,1299.7239,21.3209,27.3891,0.003181775,0.022862886,0.005182274,0.001205597,0.002049196,0.004033388,"Mauritania","Sub-Saharan Africa","Africa",NA,1,1,1,0.109059640783083,0.587427567077692,-0.520446096654275,-0.857933579335793,-1.26898047722343,-0.759368836291913,-0.849420849420849,-0.906542056074766,0.933333333333333,0.692959437396563,0.559787110577583,1,1,1,0.242366555169659,0.264040476938265,0.343023238496372,0.0909600074047787,0.0740791870748441,0.172110129030836,0.777264910195771,0.771879586941532,0.197763265685793,0.222735089804229,0.228120413058468,0.212400183276839,0.21620625618283
224,2011,463.2,4889,89347,334020,161712,298827,1252404,20742028226,0.0947433012886071,0.552506925892945,1.11777048258691,69411.493024392,16561.7709828458,73.91,0.63,0.86,0.93,0.85,0.91,0.79,129,76.4262,30.4407,362.2522,11.1805,18.0121,0.011139049,0.073781373,0.007793802,0.01373314,0.02009123,0.020138962,"Mauritius","Sub-Saharan Africa","Africa",0.195027121817996,0.185846761543851,0.24463991038305,0.0295534352032398,0.53068972272521,1,0.585501858736059,0.793357933579335,1,0.838264299802761,0.878378378378378,0.738317757009346,0.955555555555556,0.762326301056358,1,0.289133366926077,0.736600142833425,0.660548958170599,0.848499008885305,0.852091416458975,0.515884571568292,1,0.726305334254859,0.859356785999044,0.237151390334669,0.542281460790961,0.800356186194412,0.762848609665331,0.457718539209039,0.605258510383641,0.673641111689594
226,2011,116803,1464722,267091,1013231,190889,612416,120365271,1.9e+12,0.0797441425744954,1.39919534389095,1.65448159421047,3102466.29741875,15785.2841123915,66.08,-0.4,0.31,-0.68,0.29,-0.56,0.09,129,86.1759,25.8414,1445.3718,28.4892,44.7473,0.003826677,0.025992418,0.002998762,0.000606434,0.003275459,0.003641471,"Mexico","Mesoamerica","Latin America and Caribbean",0.164151664514755,0.470647355250989,0.362106743059914,1,0.50580871196809,0.907368247603878,-0.371747211895911,0.285977859778598,-0.737527114967462,0.285996055226824,-0.540540540540541,0.0841121495327103,0.955555555555556,0.8595763636973,0.953904966090959,1,1,1,0.291490920079819,0.30018303225143,0.19849298835219,0.0457542952831747,0.118409044335916,0.155386499804147,0.500542894958749,0.943056428986689,0.184952796684446,0.499457105041251,0.0569435710133108,0.102624912726449,0.247117824246336
241,2011,329,1213,42,260,3112,14728,620079,8974058270,0.271228359439406,0.0134961439588689,0.0176534492123846,609319.545763172,14472.4434628491,61.65,-0.21,0.1,0.54,-0.06,-0.02,0.23,144,99.882,23.0145,727.1363,11.7252,13.7823,0.003474234,0.019329619,0.00334329,0.004096456,0.007148441,0.009374255,"Montenegro","Europe","Europe",0.558317955754464,0.00453969811153352,0.00386370753258255,0.259430894354216,0.463741288079081,0.846538324224865,-0.195167286245353,0.0922509225092251,0.585683297180043,-0.0591715976331361,-0.0193050193050193,0.214953271028037,1,0.996290219873697,0.849553268867026,0.580367397722277,0.772486382071506,0.505431565791587,0.264644145621016,0.223235238971797,0.221297863260903,0.309069836847097,0.258418764301943,0.400012157922313,0.257978708766375,0.630361674520174,0.279446334487512,0.742021291233625,0.369638325479826,0.321393956292646,0.463701983733654
243,2011,279,918042,278066,1351101,58301,149929,32531964,2.23e+11,0.000303907664355226,4.76948937411022,9.01160549326681,1487370.6887927,6854.79671623883,60.04,-0.4,-0.15,-0.39,-0.1,-0.22,-0.74,140,95.6875,19.118,615.1927,11.7553,33.7061,0.006234908,0.035600677,0.008614661,0.008359077,0.011127387,0.004478703,"Morocco","North Africa","Africa",0.000625587627531368,1,1,0.633280042816341,0.219648621662886,0.824430835141296,-0.371747211895911,-0.138376383763838,-0.422993492407809,-0.0986193293885601,-0.212355212355212,-0.691588785046729,1,0.954451456860739,0.705718542405866,0.491019065334438,0.774469447614128,1,0.474934014428975,0.411147557417079,0.570218578710503,0.630676507835632,0.402259121737105,0.191112323243088,0.570710850421352,0.695410641112519,0.446724683895397,0.429289149578648,0.304589358887481,0.368873399782244,0.393534397453842
244,2011,512,18619,7822,51412,27374,57873,25016921,23811739934,0.0274987915570117,0.285745598012713,0.88835899296736,411448.169854682,951.825363880711,53.83,-0.49,-0.62,0.29,-0.42,-0.57,-0.19,106,49.7352,12.8245,391.388,8.9415,20.1932,0.002761282,0.028080979,0.002478613,0.004561106,0.004274343,0.010056101,"Mozambique","Sub-Saharan Africa","Africa",0.0566056924119647,0.0961162503623774,0.194429954819113,0.175182902678939,0.030499391578586,0.739159091533244,-0.455390334572491,-0.571955719557195,0.314533622559653,-0.414201183431953,-0.55019305019305,-0.177570093457944,0.785185185185185,0.496092322375025,0.47340137289905,0.312388248337659,0.589089054795856,0.740535374672056,0.210336182222812,0.32430354978166,0.164063470638412,0.344126798203695,0.154519067341069,0.42910745027682,0.110566838370196,0.246451741988785,0.271076086410745,0.889433161629804,0.753548258011215,0.451961184952109,0.638019168683921
246,2011,472.75,411140,353607,748063,17331,43391,2240161,19322996885,0.00114985163204748,20.4031504240955,17.2400497799083,445322.690995829,8625.71792161367,63.22,0.28,0.07,0.89,0.04,0.16,0.34,90,63.1942,12.6341,299.6955,9.5002,24.9273,0.006080729,0.045260182,0.011910104,0.009052031,0.00904982,0.007007871,"Namibia","Sub-Saharan Africa","Africa",0.00236694574989347,1,1,0.18960570821107,0.276394345560529,0.868096558921264,0.260223048327138,0.0645756457564575,0.96529284164859,0.0394477317554241,0.154440154440154,0.317757009345794,0.666666666666667,0.630341437023111,0.466372980259962,0.239203430559135,0.625897650100273,0.914146714986369,0.463189678921435,0.522703915927005,0.78834937035529,0.682958573045791,0.327154312605366,0.299035347465073,0.493673399904299,0.289304112968034,0.513898533053327,0.506326600095701,0.710695887031966,0.604338956044338,0.576973673393665
249,2011,39659.9,368926,787533,3478738,829171,3172326,16693074,7.69e+11,0.107500962252593,0.949783579020492,1.09658906430171,242408.882315374,46067.0095873294,75.21,2.16,1.79,1.09,1.81,1.81,1.58,124,124.911,22.4382,1190.207,16.137,15.2804,0.00876459,0.040832256,0.010327524,0.006075511,0.012034764,0.015967197,"Netherlands","Europe","Europe",0.221288502465444,0.319478714304278,0.240004056822948,0.103210792392546,1,1,1,1,1,1,1,1,0.918518518518519,1,0.828279830432645,0.949969544005488,1,0.560370656415966,0.667628441915109,0.471566378308729,0.683595797545441,0.458385783597516,0.435061133126162,0.681341922951817,0.376796413197043,0.792744930895041,0.566263242907462,0.623203586802957,0.207255069104959,0.34257981192765,0.465573966271793
252,2011,1561,3455,1603,18322,2056,12572,254000,NA,0.451808972503618,0.779669260700389,1.45736557429208,NA,NA,NA,NA,NA,NA,NA,NA,NA,NA,71.2073,22.6772,801.365,8.4726,13.5865,0.016958415,0.09560642,0.013556299,0.014300504,0.040571182,0.045955066,"New Caledonia","Oceania","South East Asia and Oceania",0.930039404585563,0.262257358932243,0.318965108709098,NA,NA,NA,NA,NA,NA,NA,NA,NA,NA,0.710269483726921,0.83710223505839,0.639613398032408,0.558196714831222,0.498251087890076,1,1,0.8973137246323,1,1,1,0.503753957408968,0.391926949474051,0.98288562077205,0.496246042591032,0.60807305052595,0.773088777399434,0.695734904629677
253,2011,116591,429257,281056,1173874,30867,142255,4384000,1.44e+11,0.27161117931682,9.10538763080312,8.25189975747777,1012266.70415803,32846.7153284672,89.08,2.34,1.88,1.37,1.97,1.91,1.62,127,118.1914,19.2671,1250.6842,15.7394,15.6535,0.009162535,0.045962515,0.011712807,0.005828532,0.014298382,0.016054904,"New Zealand","Oceania","South East Asia and Oceania",0.559105982536845,1,1,0.430994308669006,1,1,1,1,1,1,1,1,0.940740740740741,1,0.711222393994563,0.998239717266718,1,0.574053170742083,0.69794125749666,0.530815067786376,0.775289957463263,0.439751686408468,0.516891754154109,0.685084499437617,0.79802005824117,0.783089455400687,0.607629037124415,0.20197994175883,0.216910544599313,0.363044274651196,0.342173174494186
254,2011,15740,32902,22716,143950,4438,7585,5807787,24528765813,0.478390371405994,5.1185218566922,18.9782465392221,3233851.78813448,4223.42723880886,54.23,-0.74,-0.9,-0.28,-0.32,-0.72,-0.58,113,71.7796,17.0295,2539.906,12.1915,26.3818,0.002572126,0.017615827,0.002809097,3.28e-05,0.00397699,0.003011004,"Nicaragua","Mesoamerica","Latin America and Caribbean",0.984756663234115,1,1,1,0.135331507278725,0.744651635404938,-0.687732342007435,-0.830258302583025,-0.303687635574837,-0.315581854043392,-0.694980694980695,-0.542056074766355,0.837037037037037,0.715977988691116,0.628624014954529,1,0.803207427338107,0.967486884075988,0.195927530413783,0.203442879553438,0.185938750091262,0.0024746977994112,0.143769647317672,0.128483618970544,0.824017634102568,0.70324331971725,0.143339520691018,0.175982365897432,0.29675668028275,0.206244903727552,0.2053595222904
256,2011,0,380917,31922,100712,1591166,1960297,163770669,8.57e+11,0,0.0200620174136451,0.0513758884495564,437178.652010384,5232.92727099991,42.5,-1.13,-1.08,-1.94,-0.67,-1.22,-0.75,126,66.1648,13.5679,1373.4763,16.0877,24.7763,0.00593261,0.052953158,0.010578391,0.00180332,0.007726818,0.005451371,"Nigeria","Sub-Saharan Africa","Africa",0,0.00674826104729178,0.011244341250684,0.18613820855126,0.167678971371149,0.583582786367506,-1.05018587360595,-0.996309963099631,-2.10412147505423,-0.660749506903353,-1.17760617760618,-0.700934579439252,0.933333333333333,0.659972198593332,0.500843111806075,1,1,0.908609165634335,0.451906954094829,0.611549088496847,0.700201096835265,0.13605707425714,0.279327305009024,0.232617384244947,0.074361956444077,0.718049727904488,0.401943150489675,0.925638043555923,0.281950272095512,0.336642214595097,0.536510488713704
263,2011,1143820.34,2434621,2275166,9265765,208343,671661,4953088,3.07e+11,0.469814537868523,10.9202900985394,13.7953000099753,457075.816520536,61981.5355592309,82.17,2.17,1.84,1.32,1.6,1.89,1.67,137,99.5428,25.7455,881.27,12.4235,13.5981,0.014536553,0.09521209,0.010667899,0.011464808,0.036906947,0.023336849,"Norway","Europe","Europe",0.967103487661222,1,1,0.194609854044786,1,1,1,1,1,1,1,1,1,0.992906811025444,0.950364930092595,0.703389964977282,0.818492185008815,0.498676489032352,1,1,0.706125778554397,0.864998022203411,1,0.995814955705512,0.832342668341202,0.706619254716086,0.92782312607722,0.167657331658798,0.293380745283914,0.521733112060358,0.462953734339978
270,2011,105,316209,134998,316936,1725,4739,173669648,7.51e+11,0.000332058859804749,78.2597101449275,66.8782443553492,158472251.529859,4324.3019643824,52.93,-1.05,-0.81,-2.81,-0.63,-0.91,-0.87,108,73.5509,14.5521,870.4686,12.4994,23.7699,0.000339878,0.001871265,0.000468417,0.000135116,0.000608317,0.000438554,"Pakistan","West & Central Asia","Asia",0.000683536279832728,1,1,1,0.138563841562302,0.726800867821932,-0.975836431226766,-0.747232472324723,-3.04772234273319,-0.621301775147929,-0.878378378378378,-0.813084112149533,0.8,0.733646125757477,0.537173700227241,0.694768774686332,0.823492672539879,0.871701949290717,0.0258896559429732,0.0216109944771576,0.0310052915586391,0.0101942459715013,0.0219908826895075,0.0187136931847344,0.627849475568427,0.558906776355747,0.0215674606374188,0.372150524431573,0.441093223644253,0.0975359458783253,0.278270402904415
275,2011,6517,162957,33586,111582,16060,46108,3681979,62809393855,0.03999214516713,2.09128268991283,2.42001388045458,1362223.34204476,17058.5964382198,65.91,-0.34,0.09,-0.03,0.43,0,0.52,113,82.3206,21.8986,1535.934,14.0357,29.5885,0.006549879,0.039886857,0.005388847,0.000398192,0.007459749,0.006624621,"Panama","Mesoamerica","Latin America and Caribbean",0.0823230018501661,0.703444784452024,0.529654332497649,0.579995869809535,0.546609527643919,0.905033916458408,-0.315985130111524,0.0830258302583025,-0.0325379609544468,0.424063116370809,0,0.485981308411215,0.837037037037037,0.821121009532595,0.808361129444978,1,0.924708074305005,1,0.498926420003958,0.460648089040395,0.356696645083116,0.0300428312848519,0.269672662694238,0.282681550867506,0.488405503250659,0.832118126899414,0.316444699829011,0.511594496749341,0.167881873100586,0.230489325002368,0.331973689892979
278,2011,68592,8169839,431412,1050149,69230,133816,29759891,3.11e+11,0.00839575908411414,6.23157590639896,7.84770879416512,2324086.80576314,10450.3070928586,69.3,-0.25,-0.15,-0.74,0.48,-0.62,0.09,115,70.7091,12.7153,1327.4904,15.8374,29.3906,0.013314816,0.081261549,0.019191305,0.000599831,0.018238473,0.017830007,"Peru","South America","Latin America and Caribbean",0.0172824960433269,1,1,0.989529915408805,0.334859754989167,0.951583225771016,-0.232342007434944,-0.138376383763838,-0.802603036876356,0.473372781065089,-0.598455598455598,0.0841121495327103,0.851851851851852,0.70530010198105,0.469370383003102,1,1,1,1,0.938478989691075,1,0.0452561114548359,0.659327489086692,0.760830548757203,0.66833443328826,0.725027835615109,0.733982189831634,0.33166556671174,0.274972164384891,0.449249008188072,0.446873306976089
279,2011,2301188,2243540,223039,704095,192790,181971,94501233,5.44e+11,1.02569510684008,1.15690129156077,3.86927037824708,2989487.33589418,5756.53864749045,54.99,-0.7,0.08,-1.38,-0.21,-0.54,-0.04,118,58.9389,6.9853,713.906,5.4557,19.6053,0.017037544,0.11135503,0.048387557,0.015874327,0.048686383,0.020409267,"Philippines","South & South East Asia","South East Asia and Oceania",1,0.389146901851014,0.8468446548986,1,0.184457079007908,0.755087468761157,-0.650557620817844,0.07380073800738,-1.49674620390455,-0.207100591715976,-0.521235521235521,-0.0373831775700935,0.874074074074074,0.58789621393358,0.257854154946527,0.56980756900504,0.359435570793463,0.718975604711391,1,1,1,1,1,0.870891066466899,0.684089727151504,0.238039564745082,0.97848184441115,0.315910272848496,0.761960435254918,0.86346074146805,0.685450850838188
280,2011,0,180413,318314,1556786,437766,1578985,38063255,8.7e+11,0,0.727132760424519,0.98594096840692,550986.868146309,22856.6894765043,64.98,0.49,0.62,1.05,0.93,0.75,1.02,136,100.3469,20.9213,1112.4902,12.5578,14.7833,0.004037216,0.023615946,0.00533488,0.003062887,0.006106587,0.006979839,"Poland","Europe","Europe",0,0.244585655680128,0.215787153008213,0.23459450295754,0.732398136241951,0.892263751956719,0.455390334572491,0.571955719557195,1,0.917159763313609,0.723938223938224,0.953271028037383,1,1,0.772285246429325,0.887939499603492,0.827340214988023,0.542140750568974,0.307528387266803,0.272737468278866,0.353124480602439,0.231089015815401,0.22075536003477,0.297839184056794,0.285473089577566,0.725962587292557,0.280512316009179,0.714526910422434,0.274037412707443,0.277255963527798,0.423025546379685
281,2011,8050.39,215432,176138,1067012,388175,2010747,10557560,2.83e+11,0.0373685896245683,0.453759258066594,0.53065452789436,140743.713654677,26805.4361045545,72.64,1.08,0.96,0.72,0.63,1.03,1.1,140,100.3939,29.2538,1060.8799,11.6195,14.7397,0.017005766,0.109210719,0.012355277,0.013294068,0.038617324,0.040733258,"Portugal","Europe","Europe",0.0769224671481208,0.152631007287241,0.11614126349802,0.0599246614720583,0.858928037864342,0.997445967099662,1,0.88560885608856,0.780911062906724,0.621301775147929,0.994208494208494,1,1,1,1,0.846746485987385,0.765522593770671,0.540541829034215,1,1,0.817816103328334,1,1,1,0.252909487453956,0.762110637235447,0.969636017221389,0.747090512546044,0.237889362764553,0.480277101526145,0.651538630843995
292,2011,1.31,2916,6235,13284,67837,167136,20147528,3.65e+11,0.000449245541838134,0.0919114937276118,0.0794801838024124,2183850.27761823,18116.3664346316,63.76,-0.19,-0.31,0.17,0.66,0.05,0.37,135,97.3916,24.1785,975.435,10.7736,14.4382,0.002008951,0.010832638,0.002176926,0.00167938,0.003371621,0.003571746,"Romania","Europe","Europe",0.000924762635696686,0.0309162702898758,0.0173953645632601,0.929821199069834,0.580503708808738,0.875511493148051,-0.176579925650558,-0.285977859778598,0.184381778741865,0.650887573964497,0.0482625482625483,0.345794392523364,1,0.971449295947729,0.892520963362288,0.778548220735547,0.709792522591135,0.52948506658628,0.153028587305715,0.125104717926668,0.144094311973267,0.126706036291926,0.121885335909534,0.152411239614283,0.311912261073481,0.682531072938876,0.137205038170232,0.688087738926519,0.317468927061124,0.208706339758246,0.380920568052625
293,2011,10254,4213622,1767693,3232646,932253,2661541,142960868,3.44e+12,0.00243353580363877,1.89615158116949,1.2145768184672,1292484.31641669,24062.5287753569,54.32,-1.04,-0.46,-0.99,-0.36,-0.74,-0.87,133,92.4059,23.5421,725.7881,10.6554,13.6141,0.006870491,0.040632697,0.007011897,0.007231192,0.012684037,0.01292797,"Russian Federation","North Asia","Asia",0.0050093830082928,0.637808530973751,0.265827348862776,0.550302980559739,0.771036910067653,0.745887457776069,-0.966542750929368,-0.424354243542435,-1.07375271149675,-0.355029585798816,-0.714285714285714,-0.813084112149533,0.985185185185185,0.921718572201466,0.869029003932061,0.579291325291827,0.702005202088214,0.499263249228594,0.523348519613784,0.469261697546322,0.464128993747338,0.545579723460971,0.458532590238925,0.551653990344292,0.445997030694442,0.58701042423276,0.502084252491939,0.554002969305558,0.41298957576724,0.455363110534942,0.489692265854912
301,2011,1,30038,172,719,694,3236,52998,1127973938,3.32911645249351e-05,0.247838616714697,0.222187886279357,348570.438195303,21283.3302766142,61.36,1.05,0.77,0.98,0.4,0.74,1.14,NA,56.2072,16.9789,218.7174,6.022,12.4718,0.020467523,0.146436044,0.01564228,0.054012987,0.05461541,0.029070222,"Saint Kitts and Nevis","Caribbean Islands","Latin America and Caribbean",6.85291720993494e-05,0.0833654785910485,0.0486289676050331,0.148411356824579,0.681982902363783,0.842556229917886,0.975836431226766,0.710332103321033,1,0.394477317554241,0.714285714285714,1,NA,0.560648401578711,0.6267561753141,0.174570363595632,0.396744873676748,0.457372238468145,1,1,1,1,1,1,0.192491446911308,0.0299305125157847,1,0.807508553088692,0.970069487484215,0.984921056473165,0.925859346857636
302,2011,10.9,1513,0,0,1189,7404,179278,1875503372,0.00720423000660939,0,0,253309.477579687,10461.4251162998,65.02,1.23,0.86,0.87,0.46,0.77,1.18,NA,73.1007,8.8582,267.3042,7.3766,16.5062,0.020449701,0.108902569,0.043449211,0.046900397,0.038633286,0.022767572,"Saint Lucia","Caribbean Islands","Latin America and Caribbean",0.0148297581358697,0,0,0.10785195514217,0.335216010415194,0.892813006343888,1,0.793357933579335,0.943600867678959,0.453648915187377,0.743243243243243,1,NA,0.729155528282585,0.326990061321249,0.21335015588444,0.485989411352358,0.605323821950552,1,1,1,1,1,0.97152313505144,0.0915795447386469,0.0809233361483943,0.995253855841907,0.908420455261353,0.919076663851606,0.956407127489453,0.940916991651622
304,2011,NA,74204,38,269,393,2024,109341,1079375927,NA,0.0966921119592875,0.132905138339921,533288.501482213,9871.64857647177,63.79,1.05,0.77,0.87,0.36,0.91,1.04,120,76.8815,17.0781,561.6194,9.0015,20.2522,0.010012001,0.061529093,0.010930262,0.013094446,0.017655057,0.010583941,"Saint Vincent and the Grenadines","Caribbean Islands","Latin America and Caribbean",NA,0.0325243269040051,0.0290881729652375,0.227059042911655,0.316317768873552,0.875923433938429,0.975836431226766,0.710332103321033,0.943600867678959,0.355029585798816,0.878378378378378,0.97196261682243,0.888888888888889,0.766867769360041,0.630418026941187,0.448259273657974,0.593042009365867,0.742699052895698,0.762647953650144,0.710591438950397,0.723492016989806,0.987951118924047,0.638236786681233,0.45163109801605,0.151247327913612,0.444210361477349,0.712425068868613,0.848752672086388,0.555789638522651,0.629252311478441,0.705655793159217
309,2011,11549,63231,33282,76146,204742,469448,28788438,1.37e+12,0.18264775189385,0.162555801936095,0.162203268519623,2918321.09200593,47588.5492641178,69.55,-0.37,-0.32,-0.46,0.03,0.14,-1.86,130,86.2947,22.6252,343.4695,14.2468,23.2082,0.002679948,0.016589777,0.00263938,0.005699167,0.004476105,0.002419787,"Saudi Arabia","West & Central Asia","Asia",0.375976611263264,0.0546788971218085,0.0355004839478689,1,1,0.955016065690825,-0.343866171003717,-0.29520295202952,-0.498915401301518,0.029585798816568,0.135135135135135,-1.73831775700935,0.962962962962963,0.860761354767973,0.83518271606032,0.27414186296568,0.938615886133826,0.851102999151398,0.204140696558939,0.191593162445873,0.174704902755538,0.429991342481003,0.1618128376503,0.103255588799575,0.493231198466588,0.63583473031501,0.210916421781871,0.506768801533412,0.36416526968499,0.277143348502518,0.360616831000091
310,2011,172.3,376728,110985,306598,14268,17449,13357003,28661034906,0.000457359155677306,7.77859545836838,17.5710928993065,1642560.31325577,2145.76839624877,41.68,-0.53,-0.47,-0.3,-0.21,-0.48,-0.26,109,57.2835,23.029,909.9625,13.9354,20.4641,0.014059013,0.112362235,0.014096162,0.006544645,0.014467811,0.019187752,"Senegal","Sub-Saharan Africa","Africa",0.00094146434160174,1,1,0.699355361339932,0.0687569726943603,0.572323071430533,-0.492565055762082,-0.433579335793358,-0.325379609544468,-0.207100591715976,-0.463320463320463,-0.242990654205607,0.807407407407407,0.571384141388187,0.850088519356872,0.726291024323579,0.91810005191547,0.750469958244677,1,1,0.933048144426461,0.493781054250838,0.523016674653126,0.818767366921231,0.553810759675179,0.606756986773781,0.794768873375276,0.446189240324821,0.393243013226219,0.55905036140271,0.544733708975439
322,2011,494.7,869,4690,26006,16916,92439,2052843,59131529881,0.5692750287687,0.277252305509577,0.281331472646827,639681.626596999,28804.7015193076,65.67,0.9,0.99,0.94,0.69,1.04,1.05,127,89.1357,27.1432,690.6633,10.8194,13.4741,0.003602364,0.020872681,0.002881701,0.004024573,0.00791408,0.009732657,"Slovenia","Europe","Europe",1,0.0932593614573172,0.061573379623486,0.272358202923169,0.922990607604522,0.901738390135391,0.836431226765799,0.913284132841328,1,0.680473372781065,1,0.981308411214953,0.940740740740741,0.88909939880655,1,0.5512562942096,0.712809944579577,0.494129097511477,0.274404240760957,0.24105585997412,0.190744528251156,0.303646400813101,0.286096894999445,0.415305656704208,0.470036310321699,0.596272548994431,0.285208930250498,0.529963689678301,0.403727451005569,0.339332689869483,0.40630002364479
326,2011,4768.48,538293,122505,542328,94428,270433,51549958,6.33e+11,0.0088585212885919,1.29733765408565,2.00540614496012,2340690.6701475,12279.3504506832,67.91,0.03,0.41,0.03,0.4,0.12,0.57,125,79.1557,25.7319,589.1621,18.0919,30.9467,0.002921227,0.019495008,0.002822887,0.002342293,0.003259289,0.003066514,"South Africa","Sub-Saharan Africa","Africa",0.0182350824488873,0.436385482862586,0.438911554051092,0.996599367582011,0.393467890159112,0.932496635816878,0.0278810408921933,0.378228782287823,0.0325379609544468,0.394477317554241,0.115830115830116,0.532710280373832,0.925925925925926,0.78955216913214,0.949862902046945,0.470242614505137,1,1,0.222519733437656,0.22514529487814,0.186851532869414,0.176721565020617,0.117824492904525,0.13085230585673,0.456719875420738,0.757052092079988,0.176652487494514,0.543280124579262,0.242947907920012,0.207165036301154,0.320960173331263
332,2011,254847.39,948283,1028887,4148188,1546887,7221474,46742697,1.5e+12,0.268746133801829,0.665133910880368,0.574424002634365,207713.826844769,32090.5744912408,68.22,1.05,1.03,0.04,1.06,1.18,1.07,127,94.359,35.5618,560.1272,11.1157,14.8457,0.013028301,0.077250183,0.006947444,0.018197938,0.038461347,0.042376803,"Spain","Europe","Europe",0.553208345732275,0.223731101886792,0.125720833315544,0.0884386267316949,1,0.936753357317441,0.975836431226766,0.950184501845018,0.0433839479392625,1,1,1,0.940740740740741,0.94120010469416,1,0.447068266922536,0.732330951897813,0.544429115334318,0.992409718815262,0.892152248971905,0.459862743682057,1,1,1,0.398219781533261,0.601479793067728,0.890737451911537,0.601780218466739,0.398520206932272,0.595799356879571,0.630345959103516
333,2011,4189.22,376096,19050,195851,83512,150632,20270000,1.87e+11,0.011138698630137,0.228110930165725,1.3001951776515,1241436.08263848,9225.45633941786,55.88,-0.37,-0.1,-0.7,-0.11,-0.07,-0.55,108,58.5806,4.1898,280.089,11.4849,17.0676,0.014222915,0.117675818,0.088149854,0.042896908,0.020699205,0.060543076,"Sri Lanka","South & South East Asia","South East Asia and Oceania",0.0229287802418481,0.0767296764208705,0.284566140094331,0.528568097711534,0.295611796096575,0.767308378875676,-0.343866171003717,-0.0922509225092251,-0.759219088937093,-0.108481262327416,-0.0675675675675676,-0.514018691588785,0.8,0.584322288844167,0.154661551886813,0.22355440659562,0.756654799018613,0.625911770336191,1,1,1,1,0.748283853518915,1,0.241680898113032,0.172576955981415,0.958047308919819,0.758319101886968,0.827423044018585,0.890342866911534,0.847929818275124
348,2011,NA,41033,232,174,3450,8297,NA,NA,NA,0.0672463768115942,0.0209714354585995,NA,NA,NA,NA,NA,NA,NA,NA,NA,107,70.2023,12.1727,517.9625,12.1088,19.8591,0.000161528,0.001016383,0.000231785,0.000154955,0.000166221,0.000374639,"Sudan (former)","Sub-Saharan Africa","Africa",NA,0.0226196646056413,0.00458989584276911,NA,NA,NA,NA,NA,NA,NA,NA,NA,0.792592592592593,0.700244938053295,0.449340940534778,0.413414305189721,0.797758938289109,0.728283088324279,0.0123041336748968,0.0117380741902814,0.0153422303287865,0.0116910608996269,0.00600895012227608,0.0159863535642947,0.0136047802242052,0.388848269738449,0.0121784671300271,0.986395219775795,0.611151730261551,0.0862721928459539,0.536575139055791
349,2011,96,8950,16092,65346,1334,2971,523439,7914263444,0.0107262569832402,12.0629685157421,21.9946146078761,2663838.25109391,15119.7435498692,44.34,-0.37,-0.11,0.13,-0.6,-0.07,0.33,116,62.5622,24.6438,305.4681,9.3119,22.7189,0.007528607,0.060225401,0.004958878,0.003308609,0.015662456,0.009151299,"Suriname","South America","Latin America and Caribbean",0.0220797776609994,1,1,1,0.484482759752402,0.608848488177299,-0.343866171003717,-0.101476014760148,0.140997830802603,-0.591715976331361,-0.0675675675675676,0.308411214953271,0.859259259259259,0.624037444121886,0.909696967012328,0.24381085951034,0.613491961008056,0.833159138900074,0.573479439563195,0.695535270736962,0.328236289873598,0.249628274738173,0.566203529616256,0.39049832341688,0.70131250748268,0.448110018986143,0.467263521324177,0.29868749251732,0.551889981013856,0.50781695118622,0.439280331618451
351,2011,4725,179840,571390,2836201,585612,3594524,9449213,4.13e+11,0.0262733540925267,0.975714295472087,0.78903381922057,114896.993315388,43707.343669785,83.17,2.22,1.97,1.22,1.91,1.95,1.65,124,96.3513,19.9522,1104.5086,12.4103,12.6347,0.008418395,0.050555,0.009078026,0.005411927,0.025868706,0.018797977,"Sweden","Europe","Europe",0.0540831547927781,0.328201029720057,0.172691232977077,0.0489198646944553,1,1,1,1,1,1,1,1,0.918518518518519,0.961072644341488,0.736512056794137,0.881568946487577,0.817622535003413,0.463346190716133,0.641257598732621,0.583853075749667,0.600889470080946,0.408319629191282,0.935163210916936,0.802135139735799,0.320779056436873,0.652241056043761,0.661936354067875,0.679220943563127,0.347758943956239,0.479785668248737,0.56297208052908
353,2011,NA,2410,89,616,31277,65358,20501167,NA,NA,0.00284554145218531,0.00942501300529392,NA,NA,50.64,-1.04,-0.5,-2.01,-0.93,-0.69,-1.75,NA,124.935,32.807,853.4948,18.6344,24.7036,0.003560069,0.019735783,0.002485281,0.004230875,0.009529494,0.008605636,"Syrian Arab Republic","West & Central Asia","Asia",NA,0.000957154813711595,0.00206279766096337,NA,NA,0.695356054156482,-0.966542750929368,-0.461254612546125,-2.18004338394794,-0.917159763313609,-0.666023166023166,-1.63551401869159,NA,1,1,0.681221053116857,1,0.905943073992661,0.271182487666882,0.227925973828068,0.164504836524179,0.319211495490361,0.344494703656753,0.367214144127074,0.00150997623733748,0.865407490392519,0.282422273548886,0.998490023762662,0.134592509607481,0.194966465234397,0.471834935639677
357,2011,7028.05,211116,56294,97554,3920,2186,47122998,1.01e+11,0.0332899922317588,14.3607142857143,44.6267154620311,46203110.7044831,2143.32712871961,55.38,-0.62,-0.63,-0.05,-0.4,-0.54,-0.14,102,57.1719,12.8298,759.6055,15.189,20.6237,0.000468274,0.003732222,0.00052144,0.000194451,0.000631454,0.000516524,"Tanzania","Sub-Saharan Africa","Africa",0.068526758958146,1,1,1,0.0686787470269792,0.760442699036059,-0.576208178438662,-0.581180811808118,-0.0542299349240781,-0.394477317554241,-0.521235521235521,-0.130841121495327,0.755555555555556,0.570270967958161,0.473597016181545,0.606282848663351,1,0.756322891202191,0.0356700132019131,0.0431029432119588,0.0345149711268737,0.0146709592010154,0.022827293726495,0.0220407786921377,0.627441101197025,0.471182027965958,0.0288044931933989,0.372558898802975,0.528817972034042,0.123419340769596,0.310060454676805
359,2011,817104,1095168,1677253,8048170,1639102,2729150,66902958,9.14e+11,0.746099228611501,1.02327554966073,2.94896579521096,334902.80856677,13661.5783116794,72.67,-0.29,0.21,-1.12,0.22,-0.21,-0.42,112,59.0223,12.9027,513.2421,5.9228,13.9656,0.009958488,0.067294209,0.015556093,0.013909525,0.034246589,0.023317416,"Thailand","South & South East Asia","South East Asia and Oceania",1,0.344199209383846,0.645422954982168,0.142592069715068,0.437758692214939,0.997857907890039,-0.269516728624535,0.193726937269373,-1.21475054229935,0.216962524654832,-0.202702702702703,-0.392523364485981,0.82962962962963,0.588728101604406,0.476288034161532,0.409646694819825,0.390209322120997,0.512153637289784,0.758571687582683,0.777172008798159,1,1,1,0.994985723274252,0.513994585259204,0.190650394957378,0.921788236609182,0.486005414740796,0.809349605042622,0.863741249004919,0.739047752130867
370,2011,NA,6902,3866,11679,12033,36587,1334790,41395401723,NA,0.321283138037065,0.31921174187553,1131423.7768333,31012.6699503293,62.13,-0.28,0.32,0.15,0.4,-0.2,0.48,117,67.9135,20.1074,267.0759,7.6414,19.4543,0.010103415,0.070772159,0.009734585,0.026941091,0.024227066,0.010383967,"Trinidad and Tobago","Caribbean Islands","Latin America and Caribbean",NA,0.108070013142974,0.0698640133571202,0.481727993724289,0.993740659374865,0.853129376870898,-0.260223048327138,0.29520295202952,0.162689804772234,0.394477317554241,-0.193050193050193,0.448598130841121,0.866666666666667,0.67741490806544,0.742241082726839,0.21316793712174,0.503435117521339,0.713438055359358,0.769611266981312,0.817338397974374,0.644348190025885,1,0.875817322739549,0.443097936578863,0.413350669899812,0.340318834897844,0.758368852383331,0.586649330100188,0.659681165102156,0.707305908442324,0.668233115861892
372,2011,7247,95697,30508,220100,43541,73653,10673800,1.09e+11,0.0757286017325517,0.700672928963506,2.98833720282948,1479912.56296417,10211.9207779797,68.47,-0.17,0.03,-0.37,-0.19,-0.14,-0.39,141,94.4049,26.2731,516.4541,10.827,17.6536,0.006906278,0.03719273,0.006933294,0.010462767,0.010839669,0.009577414,"Tunisia","North Africa","Africa",0.155885756927671,0.235685361842041,0.654039945483794,0.630104585427267,0.327221129417324,0.94018619723725,-0.157992565055762,0.0276752767527675,-0.401301518438178,-0.187376725838264,-0.135135135135135,-0.364485981308411,1,0.941657942153284,0.969840665157629,0.412210368344972,0.713310652158445,0.647401862523553,0.526074536352824,0.429533969063929,0.458926131911872,0.789395928983295,0.391858010497965,0.408681227623462,0.400587355819619,0.624574899705493,0.500744967405558,0.599412644180381,0.375425100294507,0.433580707147125,0.491860903960148
373,2011,88444,506918,71226,423399,66199,179339,73517002,1.34e+12,0.174473978039841,1.07593770298645,2.3608863660442,7471882.85872008,18227.0762346919,65.33,0.06,0.36,-0.95,0.38,0.08,-0.16,154,120.2539,36.7664,676.3445,20.1698,28.8644,0.002782424,0.013630217,0.002255366,0.003821252,0.003137033,0.003602349,"Turkey","West & Central Asia","Asia",0.359151067214693,0.361913178553904,0.516713438054764,1,0.584051188915658,0.897069727844451,0.0557620817843866,0.33210332103321,-1.03036876355748,0.374753451676529,0.0772200772200772,-0.149532710280374,1,1,1,0.53982767388834,1,1,0.211946639816261,0.157413591505992,0.149286384570675,0.288306216932794,0.113404893659249,0.153717111074884,0.564365774547804,0.875752479101968,0.179012472926642,0.435634225452196,0.124247520898032,0.149137037555939,0.24629807309229
379,2011,478.4,98353,49039,61077,391116,606459,45706100,3.79e+11,0.00486411192337804,0.125382239540188,0.100710847724248,624939.196219365,8292.10980591212,44.21,-1,-0.81,-0.08,-0.61,-0.83,-0.13,125,84.8418,22.7755,801.1542,10.1237,13.1944,0.007103203,0.040241025,0.007651588,0.00680094,0.012815581,0.014827548,"Ukraine","North Asia","Asia",0.0100126735686282,0.0421748254757159,0.0220419962288147,0.266081296291142,0.265704522678429,0.607063411418999,-0.929368029739777,-0.747232472324723,-0.0867678958785249,-0.601577909270217,-0.801158301158301,-0.121495327102804,0.925925925925926,0.846269153365774,0.840730864241281,0.639445146980384,0.666975436340302,0.483871795830922,0.54107497914868,0.464738328900589,0.506471193032244,0.513118025973402,0.463287954091174,0.632711556510537,0.121203062848546,0.542003681110123,0.520233672942771,0.878796937151454,0.457996318889877,0.488124069443773,0.619008976328034
381,2011,395,73147,48468,153045,106393,438048,8734722,5.03e+11,0.00540008476082409,0.455556286597803,0.349379520052597,1148275.98801958,57586.2631918909,70.95,1.07,1.06,0.91,0.47,0.53,-0.91,122,97.8636,31.7848,362.7687,15.871,26.6928,0.008819104,0.052255854,0.005420003,0.017599718,0.010163695,0.006573702,"United Arab Emirates","West & Central Asia","Asia",0.0111159625446088,0.153235473796665,0.0764666591280239,0.488903184886795,1,0.974239969241754,0.994423791821561,0.977859778597786,0.986984815618221,0.463510848126233,0.511583011583012,-0.850467289719626,0.903703703703704,0.976157341279024,1,0.289545613929731,1,0.978892035390441,0.671780957535641,0.603496015900021,0.358758911960281,1,0.367421302440888,0.280508768169655,0.345944256071218,0.760785691104647,0.546994326001081,0.654055743928782,0.239214308895353,0.361730382555886,0.480088126275072
382,2011,187109.4,598209,631350,2685958,718881,4087967,63258918,2.31e+12,0.312782656228843,0.878239931226448,0.657040039706778,565073.054650392,36516.5904355177,84.37,1.58,1.55,0.35,1.66,1.65,1.3,137,90.7778,25.1976,778.6964,11.4254,17.7893,0.0056073,0.035317963,0.004247787,0.005147956,0.016924039,0.011322349,"United Kingdom","Europe","Europe",0.64385661433812,0.295413576604749,0.143802523806083,0.240591999653986,1,1,1,1,0.379609544468547,1,1,1,1,0.905478808210193,0.930139844341775,0.621520343962617,0.752734785736686,0.65237832243793,0.427126991947209,0.407882530447294,0.28116800716882,0.388403517825173,0.611810217833217,0.483139967521637,0.464732942880588,0.676792272123771,0.433255205457225,0.535267057119412,0.323207727876229,0.374207737154616,0.430576663484289
384,2011,155958,5103718,1521095,5603704,2377881,17426576,311718857,1.55e+13,0.0305577228208925,0.639685080960738,0.321560816077696,889446.096582599,49724.2937086735,85.72,1.27,1.51,0.59,1.45,1.61,1.11,143,104.0201,53.7491,937.759,13.5961,23.1853,0.00512974,0.032364206,0.001928865,0.004765881,0.022275358,0.015048628,"United States","North America","North America",0.0629024390116688,0.215170878649772,0.0703781415357166,0.378700794879764,1,1,1,1,0.639913232104121,1,1,1,1,1,1,0.748476936883284,0.895746093822059,0.850263198620527,0.390749632741476,0.373769977594617,0.127674746438012,0.359576683626696,0.805262362624719,0.642145339554999,0.345430450815384,0.862438623637105,0.44986312376342,0.654569549184616,0.137561376362895,0.248764528178371,0.413998016436977
390,2011,0,85656,94341,233445,29475,61410,3385610,60618737181,0,3.20071246819338,3.80141670737665,987115.081924768,17904.8198643671,58.77,1.24,0.56,0.95,0.43,0.67,1.11,122,107.1745,17.8626,897.6721,19.1219,35.0373,0.002108266,0.0117572,0.002171886,0.000502121,0.00257991,0.002744696,"Uruguay","South America","Latin America and Caribbean",0,1,0.83199391745339,0.420285464851661,0.573725110624197,0.806992008348667,1,0.51660516605166,1,0.424063116370809,0.646718146718147,1,0.903703703703704,1,0.659376924133226,0.716481381392858,1,1,0.160593746509831,0.135782363410226,0.143760706084806,0.0378840772481143,0.0932646928484444,0.117119895906474,0.56520089858585,0.799329253614384,0.114734247001316,0.43479910141415,0.200670746385616,0.151735977875208,0.250068031600361
394,2011,18147.24,166575,17336,23503,51269,265904,29427631,5e+11,0.108943358847366,0.338138056135286,0.0883890426620134,1880377.88073891,16990.8342265132,38.2,-1.16,-1.2,-1.08,-1.47,-1.67,-0.96,124,83.6347,28.2345,1217.4391,14.9639,34.1952,0.005608256,0.034929114,0.004108329,0.000463741,0.009887754,0.007736343,"Venezuela","South America","Latin America and Caribbean",0.224257645957096,0.113739502153594,0.0193451945748596,0.800611302749162,0.544438219431828,0.524537939746794,-1.07806691449814,-1.1070110701107,-1.17136659436009,-1.44970414201183,-1.61196911196911,-0.897196261682243,0.918518518518519,0.83422872641788,1,0.971704977942032,0.985860281503071,1,0.427199813698195,0.403391764258941,0.271937052805112,0.0349883790303886,0.357445934071723,0.330120234392726,0.340478372973308,0.925812868973541,0.304180529709514,0.659521627026692,0.0741871310264588,0.150220773574288,0.345963095920888
