"","country","year","Q.balance","UV.balance","energy_adequacy","gdp","polyunsatFA_percentseafood","calories_percentseafood","protein_percentseafood","vitaminA_percentseafood","thiamin_percentseafood","niacin_percentseafood","riboflavin_percentseafood","B6_percentseafood","iron_percentseafood","calcium_percentseafood","zinc_percentseafood","native","fishmeal","habitat","spp_farmed","prod_ratio","Q.balance_q","UV.balance_q","prod_ratio_q","spp_farmed_q","energy_adequacy_q","gdp_q","vitaminA_percentseafood_q","thiamin_percentseafood_q","niacin_percentseafood_q","riboflavin_percentseafood_q","B6_percentseafood_q","iron_percentseafood_q","calcium_percentseafood_q","zinc_percentseafood_q","vitamins_all","polyunsatFA_percentseafood_q","calories_percentseafood_q","protein_percentseafood_q","native_q","fishmeal_q","habitat_q","trade","fs","nutrition","ecol","totscore"
"1","Albania",2011,0.48177806,0.375072796,121,9640.1,0.004553425,0.002651805,0.013648815,0.002526933,0.003763903,0.020495278,0.003659989,0.010809414,0.002911938,0.001223584,0.005117607,NA,NA,NA,13,0.420794139682011,3,1,4,3,3,3,2,2,2,1,2,1,1,2,1.625,3,2,1,NA,NA,NA,2.66666666666667,3,2.20833333333333,NA,2.625
"2","Algeria",2011,0.144852645,2.431826699,135,13026.2,0.002710484,0.002346682,0.013232786,0.003543435,0.003461462,0.017650792,0.006300444,0.011794188,0.003569556,0.002319956,0.003938499,NA,NA,NA,19,0.0220686300521801,1,5,2,4,5,3,2,2,2,2,2,2,1,2,1.875,2,1,1,NA,NA,NA,2.66666666666667,4,1.95833333333333,NA,2.875
"3","Angola",2011,0.202797192,0.620934469,114,6949,0.010818448,0.007388986,0.070190779,0.003299634,0.012745209,0.070273911,0.016605721,0.025893914,0.011511495,0.035158838,0.013276581,NA,NA,NA,2,0.000906432748538012,2,2,1,1,2,2,2,4,4,4,3,3,5,3,3.5,4,4,4,NA,NA,NA,1.66666666666667,2,3.5,NA,2.38888888888889
"4","Antigua and Barbuda",2011,0.22943958,0.244924846,NA,19987.9,0.024222612,0.032124289,0.166155261,0.016707677,0.02347513,0.060921652,0.042110003,0.102232035,0.05000173,0.055314105,0.040639714,NA,NA,NA,NA,NA,2,1,NA,NA,NA,4,5,5,4,5,5,5,5,5,4.875,5,5,5,NA,NA,NA,NA,NA,4.95833333333333,NA,NA
"5","Argentina",2011,1.073186127,0.706951806,130,NA,0.001359353,0.0020692,0.011305652,0.00023132,0.001323041,0.007026624,0.003723803,0.009819575,0.003137892,0.002462299,0.002957488,6.7,10,7,22,0.00399345939321178,4,2,2,4,4,NA,1,1,1,1,1,2,1,1,1.125,1,1,1,2,5,5,2.66666666666667,NA,1.04166666666667,4,NA
"6","Aruba",2011,0.151807071,0.014442193,NA,36015.1,NA,NA,NA,NA,NA,NA,NA,NA,NA,NA,NA,NA,NA,NA,1,0.0120481927710843,1,1,2,1,NA,5,NA,NA,NA,NA,NA,NA,NA,NA,NA,NA,NA,NA,NA,NA,NA,1.33333333333333,NA,NA,NA,NA
"7","Australia",2011,0.394256248,0.969048299,130,41763.1,0.004832649,0.007419957,0.042903644,0.006760925,0.006820778,0.035344106,0.010148885,0.03000608,0.024234747,0.005535019,0.020806284,3.3,3.2,5.2,35,0.380115146661269,2,3,4,5,4,5,4,3,3,3,3,5,2,4,3.375,3,4,3,1,3,4,3,4.5,3.45833333333333,2.66666666666667,3.65277777777778
"8","Bahamas",2011,2.491753676,0.193924957,NA,22665.2,0.015254119,0.0152497,0.094553724,0.016677545,0.014234366,0.061126433,0.026609922,0.053482926,0.023445329,0.027170062,0.052727724,NA,NA,NA,6,0,5,1,1,2,NA,4,5,4,4,4,5,4,5,5,4.5,4,5,5,NA,NA,NA,2.33333333333333,NA,4.5,NA,NA
"9","Bahrain",2011,0.835628504,0.546903345,NA,39676.7,NA,NA,NA,NA,NA,NA,NA,NA,NA,NA,NA,NA,NA,NA,6,0.000344931921331316,3,2,1,2,NA,5,NA,NA,NA,NA,NA,NA,NA,NA,NA,NA,NA,NA,NA,NA,NA,2,NA,NA,NA,NA
"10","Bangladesh",2011,6.123694681,0.384475714,107,2579.3,0.002577359,0.001380973,0.010656719,0.004702445,0.001532962,0.006579532,0.00341945,0.005862285,0.001443714,0.002824215,0.007625294,5,3,1,30,0.951803277869323,5,1,5,5,1,1,3,1,1,1,1,1,2,2,1.5,2,1,1,2,2,1,3.66666666666667,1,1.83333333333333,1.66666666666667,2.16666666666667
"11","Barbados",2011,0.139044786,1.387737305,123,15401.5,0.017830854,0.022854964,0.135514013,0.040908824,0.021925754,0.098812979,0.044102147,0.103575583,0.027626597,0.0360967,0.04173515,NA,NA,NA,2,0.00573770491803279,1,4,2,1,3,3,5,5,5,5,5,5,5,5,5,5,5,5,NA,NA,NA,2.33333333333333,3,5,NA,3.44444444444444
"12","Belgium",2011,1.057479032,0.610226462,148,40858.7,0.003969819,0.005926377,0.040513766,0.003093209,0.008199457,0.032853716,0.012233429,0.022118825,0.027912592,0.005662678,0.023575045,NA,NA,NA,10,0.00449348222627575,4,2,2,3,5,5,2,3,3,3,3,5,3,4,3.25,2,3,3,NA,NA,NA,2.66666666666667,5,3.08333333333333,NA,3.58333333333333
"13","Belize",2011,0.240907794,2.858216111,125,7857.2,0.008581759,0.007362996,0.050835278,0.002254132,0.005006622,0.020235009,0.014830271,0.027577546,0.011276042,0.022093828,0.014975062,1,3,1,6,0.0183913515228198,2,5,2,2,3,2,2,3,2,4,3,3,4,3,3,4,3,4,1,2,1,3,2.5,3.33333333333333,1.33333333333333,2.94444444444444
"14","Benin",2011,0.017020913,1.521718287,118,1761.6,0.004151439,0.003822938,0.033766128,0.003612453,0.003469005,0.02434998,0.009521409,0.010834167,0.012016305,0.017131141,0.004706946,NA,NA,NA,6,0.0102965403624382,1,4,2,2,2,1,2,2,3,3,2,3,4,2,2.625,2,2,3,NA,NA,NA,2.33333333333333,1.5,2.20833333333333,NA,2.01388888888889
"15","Bermuda",2011,0.384136828,0.581818015,NA,54984.5,NA,NA,NA,NA,NA,NA,NA,NA,NA,NA,NA,NA,NA,NA,NA,NA,2,2,NA,NA,NA,5,NA,NA,NA,NA,NA,NA,NA,NA,NA,NA,NA,NA,NA,NA,NA,NA,NA,NA,NA,NA
"16","Bosnia and Herzegovina",2011,0.209788607,1.047554692,124,9265,0.002526551,0.002075337,0.012495691,0.001393427,0.002979434,0.011107513,0.00409438,0.006566163,0.004665566,0.001585471,0.004260924,NA,NA,NA,15,16.295737704918,2,3,5,4,3,3,2,2,1,1,1,2,1,2,1.5,2,1,1,NA,NA,NA,3.33333333333333,3,1.83333333333333,NA,2.72222222222222
"17","Brazil",2011,0.202590063,1.823799508,133,14830.9,0.001054427,0.002071873,0.013383118,0.000744331,0.002810434,0.00814562,0.004376371,0.010199281,0.00240003,0.002512561,0.002634625,1.2,3.2,1.2,45,0.56307046709061,2,4,5,5,4,3,1,2,1,1,1,1,1,1,1.125,1,1,1,1,3,1,3.66666666666667,3.5,1.04166666666667,1.66666666666667,2.73611111111111
"18","Brunei",2011,0.124030882,3.319584536,123,73265.1,0.01043995,0.011030864,0.068418583,0.029943116,0.017390444,0.051853186,0.026398761,0.044637703,0.034813703,0.022862656,0.036872535,NA,NA,NA,NA,NA,1,5,NA,NA,3,5,5,5,4,4,4,5,4,5,4.5,4,4,4,NA,NA,NA,NA,4,4.5,NA,NA
"19","Bulgaria",2011,1.218528597,0.788201922,113,15603,0.002357926,0.002460733,0.014264377,0.003620746,0.003969856,0.017952529,0.005620053,0.013422034,0.006568295,0.002070876,0.005643032,NA,NA,NA,45,0.574368699989608,4,2,5,5,2,3,2,2,2,2,2,2,1,2,1.875,1,1,1,NA,NA,NA,3.66666666666667,2.5,1.625,NA,2.59722222222222
"20","Cote dIvoire",2011,0.987274622,0.126490997,129,2546.9,NA,NA,NA,NA,NA,NA,NA,NA,NA,NA,NA,NA,NA,NA,NA,NA,4,1,NA,NA,4,1,NA,NA,NA,NA,NA,NA,NA,NA,NA,NA,NA,NA,NA,NA,NA,NA,2.5,NA,NA,NA
"21","Cabo Verde",2011,0.010091783,1.370222125,113,6148,0.007697028,0.006816914,0.047581703,0.006336956,0.009661408,0.062873868,0.013772803,0.025657207,0.010167975,0.026234242,0.010486209,NA,NA,NA,NA,NA,1,4,NA,NA,2,2,3,4,4,3,3,3,4,3,3.375,3,3,4,NA,NA,NA,NA,2,3.125,NA,NA
"22","Cambodia",2011,0.773982711,1.657624381,108,2648.7,NA,NA,NA,NA,NA,NA,NA,NA,NA,NA,NA,5,3,1,29,0.128379089186023,3,4,3,5,1,1,NA,NA,NA,NA,NA,NA,NA,NA,NA,NA,NA,NA,2,2,1,3.33333333333333,1,NA,1.66666666666667,NA
"23","Cameroon",2011,0.124801845,1.889109973,114,2614.5,0.014196899,0.008618021,0.061511875,0.004085248,0.01133456,0.077818927,0.024177093,0.027589716,0.014184167,0.028208488,0.00839717,NA,NA,NA,8,0.00370779220779221,1,4,2,3,2,1,3,4,5,4,3,3,5,3,3.75,4,4,4,NA,NA,NA,2.33333333333333,1.5,3.58333333333333,NA,2.47222222222222
"24","Canada",2011,0.506225631,1.733940222,135,41567.4,0.003733397,0.00627309,0.040576036,0.005746573,0.005275706,0.02511006,0.008788773,0.023111318,0.015891902,0.006612982,0.023752564,5.4,4.1,4.7,17,0.184562394951804,3,4,4,4,5,5,3,3,3,3,3,4,3,4,3.25,2,3,3,2,3,3,3.66666666666667,5,3.08333333333333,2.66666666666667,3.91666666666667
"25","Cayman Islands",2011,0.045567557,0.864939681,NA,49902.1,NA,NA,NA,NA,NA,NA,NA,NA,NA,NA,NA,NA,NA,NA,NA,NA,1,3,NA,NA,NA,5,NA,NA,NA,NA,NA,NA,NA,NA,NA,NA,NA,NA,NA,NA,NA,NA,NA,NA,NA,NA
"26","Chile",2011,1.978076038,2.079619553,122,20266,0.004853595,0.00518686,0.030414831,0.000876512,0.002935246,0.017119888,0.008535284,0.027471232,0.005840937,0.007121842,0.006356776,3.1,3.2,3.2,23,0.279650645449262,5,5,4,4,3,4,1,2,2,2,3,2,3,2,2.125,3,3,2,1,3,2,4.66666666666667,3.5,2.375,2,3.51388888888889
"27","China",2011,2.146690116,0.973412959,124,10518.1,0.00382194,0.006563146,0.03526578,0.004345235,0.002398074,0.015285341,0.01648505,0.010648079,0.039251979,0.038288985,0.030212009,2.6,9.9,5.2,89,3.1274764951141,5,3,5,5,3,3,3,1,2,4,2,5,5,5,3.375,2,3,3,1,5,4,4.33333333333333,3,3.45833333333333,3.33333333333333,3.59722222222222
"28","Hong Kong",2011,0.139710413,11.9130371,NA,NA,NA,NA,NA,NA,NA,NA,NA,NA,NA,NA,NA,NA,NA,NA,NA,NA,1,5,NA,NA,NA,NA,NA,NA,NA,NA,NA,NA,NA,NA,NA,NA,NA,NA,NA,NA,NA,NA,NA,NA,NA,NA
"29","Macao",2011,0.794540385,0.694930704,NA,NA,NA,NA,NA,NA,NA,NA,NA,NA,NA,NA,NA,NA,NA,NA,NA,NA,3,2,NA,NA,NA,NA,NA,NA,NA,NA,NA,NA,NA,NA,NA,NA,NA,NA,NA,NA,NA,NA,NA,NA,NA,NA
"30","Colombia",2011,0.831044605,0.472737233,115,11496.5,0.002565831,0.002398648,0.018151463,3.49e-05,0.001822304,0.009910847,0.003773184,0.01421207,0.002406229,0.002459764,0.002808338,10,3,3,23,0.115011833652654,3,1,3,4,2,3,1,1,1,1,2,1,1,1,1.125,2,1,2,4,2,2,2.33333333333333,2.5,1.375,2.66666666666667,2.06944444444444
"31","Comoros",2011,0.006721092,5.712772568,NA,1347.8,NA,NA,NA,NA,NA,NA,NA,NA,NA,NA,NA,NA,NA,NA,NA,NA,1,5,NA,NA,NA,1,NA,NA,NA,NA,NA,NA,NA,NA,NA,NA,NA,NA,NA,NA,NA,NA,NA,NA,NA,NA
"32","Congo",2011,1.070064563,0.316510011,98,5632.4,0.02310178,0.010217528,0.086739633,0.00303125,0.022339944,0.084067788,0.026328479,0.046137114,0.013002429,0.05486941,0.020394074,NA,NA,NA,2,0.000928543143118539,4,1,1,1,1,2,2,5,5,4,4,3,5,4,4,5,4,4,NA,NA,NA,2,1.5,4.33333333333333,NA,2.61111111111111
"33","Democratic Republic of the Congo",2011,0.116404417,1.359150499,NA,617.1,NA,NA,NA,NA,NA,NA,NA,NA,NA,NA,NA,NA,NA,NA,NA,NA,1,4,NA,NA,NA,1,NA,NA,NA,NA,NA,NA,NA,NA,NA,NA,NA,NA,NA,NA,NA,NA,NA,NA,NA,NA
"34","Cook Islands",2011,0.481280004,0.742386281,NA,NA,NA,NA,NA,NA,NA,NA,NA,NA,NA,NA,NA,NA,NA,NA,5,0.000299490865528601,3,2,1,2,NA,NA,NA,NA,NA,NA,NA,NA,NA,NA,NA,NA,NA,NA,NA,NA,NA,2,NA,NA,NA,NA
"35","Costa Rica",2011,0.327071147,0.651988085,118,13072.1,0.002415046,0.002477534,0.017586988,0.000122395,0.001773319,0.007257914,0.003522357,0.012758999,0.003443831,0.002952176,0.004224655,10,3,3,14,1.14979463137369,2,2,5,4,2,3,1,1,1,1,2,2,2,2,1.5,1,1,2,4,2,2,3,2.5,1.5,2.66666666666667,2.33333333333333
"36","Croatia",2011,2.680663909,0.26946833,123,20571.2,0.009227834,0.008941725,0.05411009,0.01180932,0.013557177,0.072185691,0.017049219,0.044940987,0.026020977,0.006294607,0.019908163,NA,NA,NA,24,0.179764752506505,5,1,4,4,3,4,4,4,4,4,4,5,3,4,4,4,4,4,NA,NA,NA,3.33333333333333,3.5,4,NA,3.61111111111111
"37","Cuba",2011,6.740348821,0.464940617,131,18924.8,0.001356567,0.001280082,0.009286474,0.000513954,0.001314709,0.004869686,0.002511621,0.005313779,0.00139525,0.001777503,0.001785732,NA,NA,NA,13,1.02040155977765,5,1,5,3,4,4,1,1,1,1,1,1,1,1,1,1,1,1,NA,NA,NA,3.66666666666667,4,1,NA,2.88888888888889
"38","Curaçcao",2011,0.634649723,9.822680637,NA,NA,NA,NA,NA,NA,NA,NA,NA,NA,NA,NA,NA,NA,NA,NA,NA,NA,3,5,NA,NA,NA,NA,NA,NA,NA,NA,NA,NA,NA,NA,NA,NA,NA,NA,NA,NA,NA,NA,NA,NA,NA,NA
"39","Cyprus",2011,1.654181441,0.308183499,104,32983.1,0.004110385,0.006464056,0.0381797,0.008040761,0.008579442,0.0371627,0.010722599,0.030029654,0.01482311,0.00594109,0.018240501,NA,NA,NA,15,3.92843434343434,4,1,5,4,1,5,4,3,3,3,4,4,3,4,3.5,2,3,3,NA,NA,NA,3.33333333333333,3,3.16666666666667,NA,3.16666666666667
"40","Denmark",2011,3.3491108,0.319426369,133,43314.1,0.011433866,0.008317283,0.040445938,0.005261984,0.013456548,0.064140969,0.013129243,0.03907607,0.018258445,0.003251138,0.015920805,10,3.3,6,24,0.050137704899726,5,1,3,4,4,5,3,4,4,3,4,4,2,4,3.5,4,4,3,4,3,4,3,4.5,3.83333333333333,3.66666666666667,3.77777777777778
"41","Djibouti",2011,0.135877863,2.296500365,106,2783,0.00222501,0.001151754,0.009200173,0.000331701,0.001945377,0.016667681,0.003621699,0.006845631,0.00100913,0.007375514,0.00085959,NA,NA,NA,NA,NA,1,5,NA,NA,1,1,1,1,2,1,1,1,3,1,1.375,1,1,1,NA,NA,NA,NA,1,1.125,NA,NA
"42","Dominica",2011,1.775420006,0.02965346,NA,10189.4,0.024371064,0.014894492,0.094785683,0.002676987,0.008079677,0.041566949,0.018614409,0.057497821,0.012406781,0.011434778,0.018432992,NA,NA,NA,3,0.00903614457831325,5,1,2,1,NA,3,2,3,3,4,5,3,4,4,3.5,5,5,5,NA,NA,NA,2.66666666666667,NA,4.16666666666667,NA,NA
"43","Dominican Republic",2011,0.485824058,1.943557043,107,11375.6,0.002619014,0.003941623,0.031101063,0.000219791,0.003639428,0.013627612,0.007391367,0.017474011,0.005055298,0.006657781,0.006023669,NA,NA,NA,23,0.153366654766155,3,4,4,4,1,3,1,2,2,2,2,2,3,2,2,2,2,3,NA,NA,NA,3.66666666666667,2,2,NA,2.55555555555556
"44","Ecuador",2011,1.367994367,0.964945031,110,9927,0.002546618,0.003008258,0.019795613,4.13e-05,0.003328438,0.010373473,0.003817369,0.012038944,0.003357847,0.003365322,0.005722321,9.9,3,1,16,0.611144679422625,4,3,5,4,1,3,1,2,1,1,2,2,2,2,1.625,2,2,2,3,2,1,4,2,1.875,2,2.625
"45","Egypt",2011,1.161678431,0.155713078,151,10071.2,0.00560642,0.003479733,0.023289806,0.005402607,0.005358655,0.020686846,0.009909145,0.017244883,0.002951067,0.003914237,0.00790999,9.6,2.9,4.9,16,2.62903118381266,4,1,5,4,5,3,3,3,2,3,2,1,2,2,2.25,3,2,2,3,1,3,3.33333333333333,4,2.41666666666667,2.33333333333333,3.25
"46","El Salvador",2011,2.188674273,1.697206269,113,7596.5,0.002478567,0.002792648,0.020800701,0.000434598,0.00241111,0.009854709,0.004526625,0.009560261,0.002250866,0.003119112,0.003473403,NA,NA,NA,11,0.0899707079825353,5,4,3,3,2,2,1,1,1,2,1,1,2,1,1.25,1,2,2,NA,NA,NA,4,2,1.08333333333333,NA,2.36111111111111
"47","Equatorial Guinea",2011,0.154427582,0.377033481,NA,36754.8,NA,NA,NA,NA,NA,NA,NA,NA,NA,NA,NA,NA,NA,NA,3,0.00210822206605762,2,1,2,1,NA,5,NA,NA,NA,NA,NA,NA,NA,NA,NA,NA,NA,NA,NA,NA,NA,1.66666666666667,NA,NA,NA,NA
"48","Eritrea",2011,1.200593784,2.766962575,NA,1411.2,NA,NA,NA,NA,NA,NA,NA,NA,NA,NA,NA,NA,NA,NA,2,0,4,5,1,1,NA,1,NA,NA,NA,NA,NA,NA,NA,NA,NA,NA,NA,NA,NA,NA,NA,3.33333333333333,NA,NA,NA,NA
"49","Estonia",2011,1.00252512,0.583666443,128,23954.9,0.005608803,0.00420204,0.024500043,0.002297016,0.00514228,0.02325572,0.006113743,0.016962121,0.006112582,0.002213317,0.007516339,NA,NA,NA,14,0.00477416340881709,4,2,2,4,4,4,2,3,3,2,2,2,1,2,2.125,3,2,2,NA,NA,NA,2.66666666666667,4,2.375,NA,3.01388888888889
"50","Falkland Islands",2011,0.001417456,8.520430215,NA,NA,NA,NA,NA,NA,NA,NA,NA,NA,NA,NA,NA,NA,NA,NA,NA,NA,1,5,NA,NA,NA,NA,NA,NA,NA,NA,NA,NA,NA,NA,NA,NA,NA,NA,NA,NA,NA,NA,NA,NA,NA,NA
"51","Faroe Islands",2011,3.07075439,0.53617443,NA,NA,NA,NA,NA,NA,NA,NA,NA,NA,NA,NA,NA,10,3,3,2,0.170019849191131,5,1,4,1,NA,NA,NA,NA,NA,NA,NA,NA,NA,NA,NA,NA,NA,NA,4,2,2,3.33333333333333,NA,NA,2.66666666666667,NA
"52","Fiji",2011,0.863213773,0.387019666,123,7486.8,0.032426385,0.020521683,0.127946481,0.033601009,0.029481294,0.148179576,0.079831693,0.104792761,0.019143868,0.031716975,0.024702291,NA,NA,NA,NA,NA,3,1,NA,NA,3,2,5,5,5,5,5,4,5,4,4.75,5,5,5,NA,NA,NA,NA,2.5,4.58333333333333,NA,NA
"53","Finland",2011,2.003085725,0.311392396,128,40251.4,0.017323196,0.012081813,0.055734184,0.007648677,0.016099391,0.081038838,0.021457434,0.052324798,0.023816792,0.004764462,0.018517099,10,3,3,5,0.0732142857142857,5,1,3,2,4,5,4,5,5,4,4,5,2,4,4.125,5,4,4,4,2,2,3,4.5,4.375,2.66666666666667,3.95833333333333
"54","France",2011,0.793683729,1.184412413,142,37325.3,0.007318818,0.01070294,0.059178148,0.008824145,0.013469504,0.056771683,0.018154888,0.041701697,0.049537235,0.007498749,0.033930981,3.8,9.8,5.6,58,0.392006483785335,3,3,4,5,5,5,4,4,4,4,4,5,3,5,4.125,3,4,4,1,5,4,3.33333333333333,5,4.04166666666667,3.33333333333333,4.125
"55","French Guiana",2011,0.341997063,0.262773308,NA,NA,NA,NA,NA,NA,NA,NA,NA,NA,NA,NA,NA,NA,NA,NA,6,0.000985221674876847,2,1,1,2,NA,NA,NA,NA,NA,NA,NA,NA,NA,NA,NA,NA,NA,NA,NA,NA,NA,1.33333333333333,NA,NA,NA,NA
"56","French Polynesia",2011,0.201877151,0.818076726,NA,NA,0.022081098,0.027061162,0.14859076,0.03661171,0.03883552,0.136960723,0.073511449,0.119495294,0.049754969,0.053451247,0.056883621,NA,NA,NA,10,0.227117958294429,2,2,4,3,NA,NA,5,5,5,5,5,5,5,5,5,5,5,5,NA,NA,NA,2.66666666666667,NA,5,NA,NA
"57","Gabon",2011,0.070511807,3.276896795,122,17100.7,NA,NA,NA,NA,NA,NA,NA,NA,NA,NA,NA,NA,NA,NA,3,0.00355949838453535,1,5,2,1,3,4,NA,NA,NA,NA,NA,NA,NA,NA,NA,NA,NA,NA,NA,NA,NA,2.66666666666667,3.5,NA,NA,NA
"58","Gambia",2011,6.519922974,0.71479985,127,1532.5,0.016032732,0.012927133,0.111877325,0.00413068,0.030005089,0.151212822,0.047843944,0.067498892,0.014501163,0.103661797,0.018466054,NA,NA,NA,5,0.000795180722891566,5,2,1,2,4,1,3,5,5,5,5,4,5,4,4.5,5,4,5,NA,NA,NA,2.66666666666667,2.5,4.5,NA,3.22222222222222
"59","Georgia",2011,0.254426412,0.547173908,110,6322.5,0.006179627,0.004489554,0.021688704,0.010303985,0.00340506,0.018076665,0.009223499,0.012757851,0.004246075,0.003542944,0.004009738,NA,NA,NA,7,0.0244848758805138,2,2,3,2,1,2,4,2,2,3,2,2,2,2,2.375,3,2,2,NA,NA,NA,2.33333333333333,1.5,2.45833333333333,NA,2.09722222222222
"60","Germany",2011,1.464835749,1.028074749,138,42142.5,0.002442705,0.00312731,0.021212317,0.002662485,0.004547968,0.020070109,0.004826905,0.015231363,0.007503499,0.002043267,0.007958118,10,10,7,25,0.167349329593652,4,3,4,4,5,5,2,2,2,2,2,3,1,3,2.125,1,2,2,4,5,5,3.66666666666667,5,2.04166666666667,4.66666666666667,3.56944444444444
"61","Ghana",2011,0.490694167,0.636435767,134,3430.9,0.033547339,0.011684035,0.104882857,0.007625291,0.014542198,0.120539158,0.031154837,0.034076858,0.015311675,0.024179422,0.014218629,NA,NA,NA,5,0.0526598869682502,3,2,3,2,5,1,4,4,5,5,4,4,4,3,4.125,5,4,5,NA,NA,NA,2.66666666666667,3,4.04166666666667,NA,3.23611111111111
"62","Greece",2011,1.80750316,1.163951228,138,26582.6,0.004233425,0.005264378,0.028795798,0.005155261,0.006780032,0.031637184,0.006657176,0.022158953,0.013539725,0.002919457,0.01231113,10,1.9,3.9,29,1.74383060423175,5,3,5,5,5,4,3,3,3,2,3,3,2,3,2.75,3,3,2,4,1,3,4.33333333333333,4.5,2.91666666666667,2.66666666666667,3.91666666666667
"63","Greenland",2011,0.335049876,1.030267914,NA,NA,NA,NA,NA,NA,NA,NA,NA,NA,NA,NA,NA,NA,NA,NA,NA,NA,2,3,NA,NA,NA,NA,NA,NA,NA,NA,NA,NA,NA,NA,NA,NA,NA,NA,NA,NA,NA,NA,NA,NA,NA,NA
"64","Grenada",2011,8.555732434,0.274437386,NA,11221.4,0.025637919,0.023119755,0.1336152,0.034542877,0.021651595,0.099529542,0.041386335,0.102947204,0.02339331,0.034088469,0.036818505,NA,NA,NA,2,0,5,1,1,1,NA,3,5,5,5,5,5,4,5,5,4.875,5,5,5,NA,NA,NA,2.33333333333333,NA,4.95833333333333,NA,NA
"65","Guadeloupe",2011,0.674787601,1.366596488,NA,NA,NA,NA,NA,NA,NA,NA,NA,NA,NA,NA,NA,NA,NA,NA,3,0.00142857142857143,3,4,1,1,NA,NA,NA,NA,NA,NA,NA,NA,NA,NA,NA,NA,NA,NA,NA,NA,NA,2.66666666666667,NA,NA,NA,NA
"66","Guam",2011,2.777777778,0.015211268,NA,NA,NA,NA,NA,NA,NA,NA,NA,NA,NA,NA,NA,NA,NA,NA,9,0.263657957244656,5,1,4,3,NA,NA,NA,NA,NA,NA,NA,NA,NA,NA,NA,NA,NA,NA,NA,NA,NA,3.33333333333333,NA,NA,NA,NA
"67","Guatemala",2011,0.499318963,1.170630718,118,6798.8,0.000355878,0.000418841,0.003144514,1.22e-05,0.000300809,0.001573957,0.000741945,0.001453263,0.000435179,0.000712548,0.000633872,5,1,5,19,1.08183833904455,3,3,5,4,2,2,1,1,1,1,1,1,1,1,1,1,1,1,2,1,3,3.66666666666667,2,1,2,2.22222222222222
"68","Guinea",2011,0.889945582,8.821939918,116,1183.9,0.007726278,0.004516082,0.048579322,0.001546662,0.01097713,0.053265517,0.014850568,0.025208695,0.007971962,0.02490589,0.009122267,NA,NA,NA,3,0.00163265306122449,3,5,1,1,2,1,2,4,4,4,3,3,4,3,3.375,4,2,4,NA,NA,NA,3,1.5,3.45833333333333,NA,2.65277777777778
"69","Guinea-Bissau",2011,0.604978416,1.170255814,105,1413.9,0.000695083,0.000514599,0.005698079,0.000157544,0.001168293,0.006201337,0.001336321,0.002977897,0.00053004,0.006420862,0.001256806,NA,NA,NA,NA,NA,3,3,NA,NA,1,1,1,1,1,1,1,1,3,1,1.25,1,1,1,NA,NA,NA,NA,1,1.08333333333333,NA,NA
"70","Guyana",2011,2.604774329,1.302638945,115,6077.2,NA,NA,NA,NA,NA,NA,NA,NA,NA,NA,NA,NA,NA,NA,10,0.00365548670353183,5,3,2,3,2,2,NA,NA,NA,NA,NA,NA,NA,NA,NA,NA,NA,NA,NA,NA,NA,3.33333333333333,2,NA,NA,NA
"71","Haiti",2011,0.267707519,3.522997809,92,1562.3,0.002863339,0.003274237,0.025955957,0.000537087,0.002627747,0.013509319,0.006856905,0.015731815,0.003572835,0.005056123,0.003636866,NA,NA,NA,5,0.0362976406533575,2,5,3,2,1,1,1,2,2,2,2,2,2,2,1.875,2,2,2,NA,NA,NA,3.33333333333333,1,1.95833333333333,NA,2.09722222222222
"72","Honduras",2011,0.688699875,0.786404013,118,4433.7,0.001210074,0.000885743,0.006665073,3.38e-05,0.000669144,0.003165626,0.001752084,0.00310615,0.001229623,0.001387724,0.001567922,5,1,1,6,4.41920745101485,3,2,5,2,2,2,1,1,1,1,1,1,1,1,1,1,1,1,2,1,1,3.33333333333333,2,1,1.33333333333333,2.11111111111111
"73","Iceland",2011,3.396304905,0.201704522,133,39557.9,0.045368953,0.042017856,0.193388009,0.021210659,0.059622875,0.215970339,0.057352795,0.164926781,0.070433101,0.025471326,0.086566232,3.4,4.6,6,13,0.00459615191382172,5,1,2,3,4,5,5,5,5,5,5,5,4,5,4.875,5,5,5,1,3,4,2.66666666666667,4.5,4.95833333333333,2.66666666666667,4.04166666666667
"74","India",2011,0.272767722,31.40128105,108,4685.9,0.001090559,0.00077407,0.005481083,0.001755879,0.000787366,0.002434853,0.002102841,0.000429495,0.002549868,0.010694848,0.001558475,10,1,1,27,0.853043701747012,2,5,5,5,1,2,2,1,1,1,1,1,3,1,1.375,1,1,1,4,1,1,4,1.5,1.125,2,2.20833333333333
"75","Indonesia",2011,0.902629344,0.56295382,117,8870.3,0.025718867,0.011681495,0.083907546,0.041002919,0.016518878,0.084422431,0.031523969,0.059132396,0.015797314,0.022085993,0.028039918,10,4.8,2.4,44,1.39949242452427,4,2,5,5,2,2,5,5,5,5,5,4,4,4,4.625,5,4,4,4,3,1,3.66666666666667,2,4.54166666666667,2.66666666666667,3.40277777777778
"76","Iran",2011,0.131415694,0.610458827,126,17949.2,0.002488922,0.002413589,0.011839763,0.002965855,0.001787519,0.010206227,0.004893234,0.006687471,0.002043219,0.002093098,0.00244599,1,3,6,NA,NA,1,2,NA,NA,3,4,2,1,1,2,1,1,1,1,1.25,2,1,1,1,2,4,NA,3.5,1.41666666666667,2.33333333333333,NA
"77","Iraq",2011,8.99e-06,0.762425904,115,13226.9,0.000516167,0.000669194,0.004343574,0.00216675,0.000501997,0.002196999,0.001446711,0.002323212,0.000454896,0.001169271,0.000648475,NA,NA,NA,4,0.516470625535018,1,2,4,1,2,3,2,1,1,1,1,1,1,1,1.125,1,1,1,NA,NA,NA,2.33333333333333,2.5,1.04166666666667,NA,1.95833333333333
"78","Ireland",2011,0.315054264,1.255705484,145,45673.5,0.007030562,0.006407426,0.034654278,0.004486617,0.0086988,0.033966651,0.007868646,0.026622665,0.017875504,0.002591481,0.013734204,9.1,7.3,6.7,20,0.181817255797524,2,3,4,4,5,5,3,3,3,2,3,4,1,3,2.75,3,3,3,3,4,5,3,5,2.91666666666667,4,3.63888888888889
"79","Israel",2011,0.043282338,0.807779472,155,30574.3,0.003233427,0.005638067,0.033969598,0.005363688,0.009169595,0.030301141,0.010213589,0.025742539,0.008213628,0.004850243,0.009125885,NA,NA,NA,17,8.08427184466019,1,2,5,4,5,4,3,4,3,3,3,3,2,3,3,2,3,3,NA,NA,NA,2.66666666666667,4.5,2.66666666666667,NA,3.27777777777778
"80","Italy",2011,2.709436321,0.242438514,141,35901.3,0.004225875,0.006711254,0.040484982,0.007721025,0.008562433,0.030974994,0.011549196,0.028321429,0.027645979,0.006577564,0.020920447,10,3.7,4.8,51,0.752426755017036,5,1,5,5,5,5,4,3,3,3,3,5,3,4,3.5,3,3,3,4,3,3,3.66666666666667,5,3.5,3.33333333333333,4.05555555555556
"81","Jamaica",2011,0.283114353,1.371886609,115,8481.2,0.015623252,0.013477083,0.087463929,0.009181536,0.011979147,0.052331219,0.022775705,0.048261654,0.017703384,0.013429191,0.028693936,NA,NA,NA,6,0.0643969089483705,2,4,3,2,2,2,4,4,4,4,4,4,4,5,4.125,5,5,5,NA,NA,NA,3,2,4.70833333333333,NA,3.23611111111111
"82","Japan",2011,1.179162396,0.416200668,111,34315.8,0.016780737,0.02440605,0.125866208,0.022475786,0.012590819,0.117989415,0.047578962,0.092929684,0.083449044,0.090857142,0.071061205,10,9.8,6.2,42,0.234320302238326,4,1,4,5,2,5,5,4,5,5,5,5,5,5,4.875,5,5,5,4,5,4,3,3.5,4.95833333333333,4.33333333333333,3.81944444444444
"83","Jordan",2011,0.019695037,1.180827765,138,11292.2,0.002715374,0.00329938,0.018323217,0.008537502,0.003001741,0.014406801,0.00747866,0.011296647,0.003084703,0.004045355,0.003479028,NA,NA,NA,2,1.15,1,3,5,1,5,3,4,2,2,2,2,1,2,2,2.125,2,2,2,NA,NA,NA,3,4,2.04166666666667,NA,3.01388888888889
"84","Kenya",2011,7.231018373,0.085288228,100,2622.7,0.000149442,9.53e-05,0.00067554,3.56e-05,0.00010799,0.000841584,0.000130564,0.000351824,0.000138847,0.000515414,0.000114306,NA,NA,NA,8,0.120027564078407,5,1,3,3,1,1,1,1,1,1,1,1,1,1,1,1,1,1,NA,NA,NA,3,1,1,NA,1.66666666666667
"85","Kiribati",2011,2.084886751,0.853649556,133,1659.3,NA,NA,NA,NA,NA,NA,NA,NA,NA,NA,NA,10,7,3,4,0.068221907925056,5,3,3,1,4,1,NA,NA,NA,NA,NA,NA,NA,NA,NA,NA,NA,NA,4,4,2,3.66666666666667,2.5,NA,3.33333333333333,NA
"86","North Korea",2011,1.364251999,3.123005766,88,NA,NA,NA,NA,NA,NA,NA,NA,NA,NA,NA,NA,7.5,10,7,NA,NA,4,5,NA,NA,1,NA,NA,NA,NA,NA,NA,NA,NA,NA,NA,NA,NA,NA,3,5,5,NA,NA,NA,4.33333333333333,NA
"87","South Korea",2011,0.889148633,0.55338457,133,31327.1,0.014104674,0.021278822,0.118237917,0.011196954,0.011067969,0.094823848,0.040166343,0.072521686,0.060704116,0.075542145,0.055371371,8.6,10,7,NA,NA,3,2,NA,NA,4,4,4,4,5,5,5,5,5,5,4.75,4,5,5,3,5,5,NA,4,4.58333333333333,4.33333333333333,NA
"88","Kuwait",2011,0.291367247,0.172535491,142,76308.6,0.003756589,0.004822228,0.027510905,0.007883278,0.004000116,0.018181029,0.01067904,0.013756676,0.007275774,0.007566623,0.009230032,NA,NA,NA,7,0.0789995047052997,2,1,3,2,5,5,4,2,2,3,2,2,3,3,2.625,2,3,2,NA,NA,NA,2,5,2.54166666666667,NA,3.18055555555556
"89","Latvia",2011,0.690015828,1.748806295,132,19451,0.010746936,0.011176392,0.064274566,0.007204193,0.0149438,0.070129303,0.019645787,0.048567905,0.021781452,0.007479591,0.018601378,NA,NA,NA,21,0.00351187793729479,3,4,2,4,4,4,4,4,4,4,4,4,3,4,3.875,4,4,4,NA,NA,NA,3,4,3.95833333333333,NA,3.65277777777778
"90","Lebanon",2011,0.424290192,1.783542641,129,16409.3,0.00245157,0.004135216,0.026193682,0.007316245,0.00387092,0.016916438,0.008662113,0.013043507,0.004477599,0.005896171,0.006504446,NA,NA,NA,5,0.387878787878788,3,4,4,2,4,3,4,2,2,2,2,2,3,2,2.375,1,2,2,NA,NA,NA,3.66666666666667,3.5,1.79166666666667,NA,2.98611111111111
"91","Liberia",2011,0.018366822,2.026582476,105,732.6,NA,NA,NA,NA,NA,NA,NA,NA,NA,NA,NA,NA,NA,NA,5,0.00210526315789474,1,4,2,2,1,1,NA,NA,NA,NA,NA,NA,NA,NA,NA,NA,NA,NA,NA,NA,NA,2.33333333333333,1,NA,NA,NA
"92","Libya",2011,0.131247322,1.308926258,NA,11023.4,0.002546517,0.001366031,0.011282826,0.001663501,0.002012167,0.007728832,0.003087657,0.006662001,0.00205482,0.001520337,0.002362182,NA,NA,NA,4,0.000333288894814025,1,3,1,1,NA,3,2,1,1,1,1,1,1,1,1.125,2,1,1,NA,NA,NA,1.66666666666667,NA,1.375,NA,NA
"93","Lithuania",2011,8.317631451,0.185718313,138,22541.7,0.026614448,0.019131101,0.085984293,0.01197538,0.024111933,0.132731846,0.03238058,0.082684446,0.039288251,0.006971199,0.026151511,NA,NA,NA,16,0.0236697532423479,5,1,3,4,5,4,4,5,5,5,5,5,3,4,4.5,5,5,4,NA,NA,NA,3,4.5,4.5,NA,4
"94","Madagascar",2011,1.014255319,3.086683884,98,1371.6,0.007516559,0.002160982,0.020303194,0.002867608,0.004995422,0.021891776,0.006212671,0.009698287,0.006670991,0.007973288,0.00335257,10,1,1,10,0.0829785392188496,4,5,3,3,1,1,2,3,3,2,1,2,3,1,2.125,3,1,2,4,1,1,4,1,2.04166666666667,2,2.34722222222222
"95","Malaysia",2011,2.682615265,0.556556597,122,21866.3,0.035966967,0.026058139,0.163113467,0.052510481,0.044895063,0.162014387,0.072196644,0.118362613,0.051042102,0.051441592,0.075596762,10,8.3,4.3,48,0.3807466123045,5,2,4,5,3,4,5,5,5,5,5,5,5,5,5,5,5,5,4,4,3,3.66666666666667,3.5,5,3.66666666666667,4.05555555555556
"96","Maldives",2011,0.074992149,1.161909657,119,11126.9,0.210947874,0.118372218,0.450663597,0.165148426,0.099203101,0.368674898,0.263012971,0.318165805,0.103517155,0.149267426,0.130006367,NA,NA,NA,NA,NA,1,3,NA,NA,3,3,5,5,5,5,5,5,5,5,5,5,5,5,NA,NA,NA,NA,3,5,NA,NA
"97","Malta",2011,0.288559477,1.416865518,133,28177.5,0.014521759,0.013152857,0.070724812,0.01732495,0.018094672,0.071860487,0.029087869,0.052950432,0.038525488,0.015441484,0.030957352,NA,NA,NA,8,1.10766666666667,2,4,5,3,4,4,5,5,4,5,4,5,4,5,4.625,4,4,4,NA,NA,NA,3.66666666666667,4,4.54166666666667,NA,4.06944444444444
"98","Marshall Islands",2011,1.235025296,0.590528664,NA,3505.3,NA,NA,NA,NA,NA,NA,NA,NA,NA,NA,NA,NA,NA,NA,1,0,4,2,1,1,NA,2,NA,NA,NA,NA,NA,NA,NA,NA,NA,NA,NA,NA,NA,NA,NA,2.33333333333333,NA,NA,NA,NA
"99","Martinique",2011,0.045073771,4.990733283,NA,NA,NA,NA,NA,NA,NA,NA,NA,NA,NA,NA,NA,NA,NA,NA,5,0.01,1,5,2,2,NA,NA,NA,NA,NA,NA,NA,NA,NA,NA,NA,NA,NA,NA,NA,NA,NA,2.66666666666667,NA,NA,NA,NA
"100","Mauritania",2011,2.718084403,0.948076029,126,3375,0.005182274,0.003181775,0.022862886,0.001205597,0.006154415,0.048846508,0.007331333,0.020733558,0.004033388,0.006677465,0.002049196,NA,NA,NA,NA,NA,5,3,NA,NA,3,1,2,3,4,2,3,2,3,1,2.5,3,2,2,NA,NA,NA,NA,2,2.16666666666667,NA,NA
"101","Mauritius",2011,0.13088626,1.450295243,129,16179.3,0.007793802,0.011139049,0.073781373,0.01373314,0.018987485,0.089880176,0.028027539,0.048682436,0.020138962,0.100858969,0.02009123,NA,NA,NA,12,0.0736733854380913,1,4,3,3,4,3,5,5,5,5,4,4,5,4,4.625,4,4,4,NA,NA,NA,2.66666666666667,3.5,4.20833333333333,NA,3.45833333333333
"102","Mayotte",2011,0.09046444,2.940718302,NA,NA,NA,NA,NA,NA,NA,NA,NA,NA,NA,NA,NA,NA,NA,NA,6,0.022715539494063,1,5,2,2,NA,NA,NA,NA,NA,NA,NA,NA,NA,NA,NA,NA,NA,NA,NA,NA,NA,2.66666666666667,NA,NA,NA,NA
"103","Mexico",2011,2.132887627,0.571671824,129,15729.6,0.002998762,0.003826677,0.025992418,0.000606434,0.001974354,0.009072603,0.004355782,0.010761831,0.003641471,0.006801762,0.003275459,9.5,3.4,3.2,46,0.0872403411277509,5,2,3,5,4,3,1,1,1,1,2,2,3,1,1.5,2,2,2,3,3,2,3.33333333333333,3.5,1.5,2.66666666666667,2.77777777777778
"104","Micronesia",2011,0.251257149,3.293853931,NA,3410.3,NA,NA,NA,NA,NA,NA,NA,NA,NA,NA,NA,NA,NA,NA,NA,NA,2,5,NA,NA,NA,1,NA,NA,NA,NA,NA,NA,NA,NA,NA,NA,NA,NA,NA,NA,NA,NA,NA,NA,NA,NA
"105","Republic of Moldova",2011,1.257420591,3.101522654,113,4179.2,0.005361837,0.005843804,0.038979197,0.007248936,0.010413057,0.041096927,0.011944645,0.028863906,0.00876125,0.004561338,0.01156491,NA,NA,NA,NA,NA,4,5,NA,NA,2,2,4,4,3,3,3,3,2,3,3.125,3,3,3,NA,NA,NA,NA,2,3.04166666666667,NA,NA
"106","Montenegro",2011,0.074176404,3.347737179,144,14215.5,0.00334329,0.003474234,0.019329619,0.004096456,0.004266569,0.023610178,0.00544247,0.013701081,0.009374255,0.002055217,0.007148441,NA,NA,NA,7,0.553505535055351,1,5,5,2,5,3,3,2,3,2,2,3,1,2,2.25,2,2,2,NA,NA,NA,3.66666666666667,4,2.08333333333333,NA,3.25
"107","Morocco",2011,0.686375004,0.725523445,140,6746.9,0.008614661,0.006234908,0.035600677,0.008359077,0.004659128,0.025007116,0.009858021,0.030940283,0.004478703,0.008256351,0.011127387,8.3,4.3,4.5,19,0.000639569519335726,3,2,1,4,5,2,4,2,3,3,4,2,3,3,3,4,3,3,3,3,3,2,3.5,3.33333333333333,3,2.94444444444444
"108","Mozambique",2011,3.514800285,0.327704055,106,951.8,0.002478613,0.002761282,0.028080979,0.004561106,0.003396858,0.016807727,0.007490875,0.011369194,0.010056101,0.012959509,0.004274343,NA,NA,NA,12,0.00369505577398885,5,1,2,3,1,1,3,2,2,2,2,3,4,2,2.5,1,2,2,NA,NA,NA,2.66666666666667,1,1.83333333333333,NA,1.83333333333333
"109","Myanmar",2011,0.383490287,2.121049076,107,NA,NA,NA,NA,NA,NA,NA,NA,NA,NA,NA,NA,10,1,1,23,0.245773045674755,2,5,4,4,1,NA,NA,NA,NA,NA,NA,NA,NA,NA,NA,NA,NA,NA,4,1,1,3.66666666666667,NA,NA,2,NA
"110","Namibia",2011,1.158039103,0.451000053,90,8625.7,0.011910104,0.006080729,0.045260182,0.009052031,0.008886738,0.070901559,0.013849207,0.02746151,0.007007871,0.017955163,0.00904982,4.4,10,7.8,10,0.00122539696340655,4,1,1,3,1,2,4,3,4,3,3,2,4,3,3.25,4,3,3,2,5,5,2,1.5,3.41666666666667,4,2.30555555555556
"111","Netherlands",2011,1.473790404,0.33783396,124,46388.3,0.010327524,0.00876459,0.040832256,0.006075511,0.011811094,0.051234707,0.01080722,0.034649302,0.015967197,0.002761542,0.012034764,9.9,10,7.1,13,0.11834740175522,4,1,3,3,3,5,3,4,4,3,4,4,2,3,3.375,4,4,3,3,5,5,2.66666666666667,4,3.45833333333333,4.33333333333333,3.375
"112","Netherlands Antilles",2011,0.090577927,1.832610296,NA,NA,NA,NA,NA,NA,NA,NA,NA,NA,NA,NA,NA,NA,NA,NA,1,NA,1,4,NA,1,NA,NA,NA,NA,NA,NA,NA,NA,NA,NA,NA,NA,NA,NA,NA,NA,NA,NA,NA,NA,NA,NA
"113","New Caledonia",2011,0.151779153,2.536417615,NA,NA,0.013556299,0.016958415,0.09560642,0.014300504,0.025397491,0.091709351,0.041642293,0.068343194,0.045955066,0.031135489,0.040571182,NA,NA,NA,4,0.402215923730997,1,5,4,1,NA,NA,5,5,5,5,5,5,5,5,5,4,5,5,NA,NA,NA,3.33333333333333,NA,4.66666666666667,NA,NA
"114","New Zealand",2011,1.324344129,0.76073849,127,32283,0.011712807,0.009162535,0.045962515,0.005828532,0.014022403,0.051628198,0.013175898,0.039272748,0.016054904,0.004633722,0.014298382,1,10,7,4,0.272318988256908,4,2,4,1,4,4,3,4,4,3,4,4,2,3,3.375,4,4,3,1,5,5,3.33333333333333,4,3.45833333333333,3.66666666666667,3.59722222222222
"115","Nicaragua",2011,2.141066844,0.834371208,113,4223.4,0.002809097,0.002572126,0.017615827,3.28e-05,0.002067685,0.009999017,0.005304868,0.010630788,0.003011004,0.00335269,0.00397699,10,3,3,6,0.469883467946234,5,2,4,2,2,2,1,1,1,2,1,1,2,2,1.375,2,2,2,4,2,2,3.66666666666667,2,1.79166666666667,2.66666666666667,2.48611111111111
"116","Nigeria",2011,0.173419209,1.706140411,126,5230.6,0.010578391,0.00593261,0.052953158,0.00180332,0.006907457,0.057467696,0.012081731,0.021754684,0.005451371,0.041635224,0.007726818,5.9,6.3,4,19,0.347966753004787,2,4,4,4,3,2,2,3,4,3,3,2,5,2,3,4,3,4,2,4,3,3.33333333333333,2.5,3,3,2.94444444444444
"117","Norway",2011,0.463990111,1.920282572,137,62736.7,0.010667899,0.014536553,0.09521209,0.011464808,0.019795472,0.079708113,0.019651385,0.069687951,0.023336849,0.010840872,0.036906947,10,1,3,15,0.467740610376632,3,4,4,4,5,5,4,5,5,4,5,4,3,5,4.375,4,5,5,4,1,2,3.66666666666667,5,4.45833333333333,2.33333333333333,4.375
"118","Oman",2011,0.401276282,1.312989872,127,42479.2,NA,NA,NA,NA,NA,NA,NA,NA,NA,NA,NA,NA,NA,NA,9,0.000990123986226556,2,3,1,3,4,5,NA,NA,NA,NA,NA,NA,NA,NA,NA,NA,NA,NA,NA,NA,NA,2,4.5,NA,NA,NA
"119","Pakistan",2011,0.900180273,1.639835938,108,4322.5,0.000468417,0.000339878,0.001871265,0.000135116,0.000127873,0.001782953,0.000406589,0.001283457,0.000438554,0.000459081,0.000608317,4,3,5,10,0.31332229580574,3,4,4,3,1,2,1,1,1,1,1,1,1,1,1,1,1,1,2,2,3,3.66666666666667,1.5,1,2.33333333333333,2.05555555555556
"120","Palau",2011,0.006629957,1.880604489,NA,13033.7,NA,NA,NA,NA,NA,NA,NA,NA,NA,NA,NA,NA,NA,NA,7,0.0235752849430114,1,4,3,2,NA,3,NA,NA,NA,NA,NA,NA,NA,NA,NA,NA,NA,NA,NA,NA,NA,2.66666666666667,NA,NA,NA,NA
"121","Palestine",2011,0.01268201,1.394173367,NA,NA,NA,NA,NA,NA,NA,NA,NA,NA,NA,NA,NA,NA,NA,NA,NA,NA,1,4,NA,NA,NA,NA,NA,NA,NA,NA,NA,NA,NA,NA,NA,NA,NA,NA,NA,NA,NA,NA,NA,NA,NA,NA
"122","Panama",2011,0.395719268,2.279220386,113,16511.1,0.005388847,0.006549879,0.039886857,0.000398192,0.004757858,0.018608323,0.008818419,0.029834937,0.006624621,0.012208807,0.007459749,10,3,5,17,0.0434814849690435,2,5,3,4,2,4,1,2,2,3,3,2,4,2,2.375,3,3,3,4,2,3,3.33333333333333,3,2.45833333333333,3,2.93055555555556
"123","Papua New Guinea",2011,0.229739571,1.297547389,NA,2345.1,NA,NA,NA,NA,NA,NA,NA,NA,NA,NA,NA,NA,NA,NA,10,0.00924271259535715,2,3,2,3,NA,1,NA,NA,NA,NA,NA,NA,NA,NA,NA,NA,NA,NA,NA,NA,NA,2.33333333333333,NA,NA,NA,NA
"124","Peru",2011,1.001455792,0.801869735,115,10378.6,0.019191305,0.013314816,0.081261549,0.000599831,0.008083901,0.035983518,0.02219758,0.042786475,0.017830007,0.026304706,0.018238473,10,3.1,3.1,26,0.0111690877167394,4,2,2,5,2,3,1,3,3,4,4,4,4,4,3.375,5,5,4,4,3,2,2.66666666666667,2.5,4.125,3,3.09722222222222
"125","Philippines",2011,7.625105916,0.380463059,118,5754.1,0.048387557,0.017037544,0.11135503,0.015874327,0.024495585,0.116042723,0.049301543,0.070147414,0.020409267,0.037457124,0.048686383,10,5.5,2.5,32,1.10166348601315,5,1,5,5,2,2,5,5,5,5,5,4,5,5,4.875,5,5,5,4,4,2,3.66666666666667,2,4.95833333333333,3.33333333333333,3.54166666666667
"126","Poland",2011,0.30696129,1.688920323,136,22520,0.00533488,0.004037216,0.023615946,0.003062887,0.005240919,0.025601791,0.006890011,0.01827458,0.006979839,0.002643843,0.006106587,5,5,5,13,0.146454000847167,2,4,3,3,5,4,2,3,3,2,2,2,1,2,2.125,3,2,2,2,4,3,3,4.5,2.375,3,3.29166666666667
"127","Portugal",2011,0.701905444,1.020854069,140,26932.4,0.012355277,0.017005766,0.109210719,0.013294068,0.022563431,0.087151941,0.029347102,0.071211963,0.040733258,0.015188094,0.038617324,8.7,7.6,6.6,39,0.0424019337975064,3,3,3,5,5,4,4,5,5,5,5,5,4,5,4.75,4,5,5,3,4,5,3,4.5,4.58333333333333,4,4.02777777777778
"128","Qatar",2011,0.120972255,2.58537892,NA,134117.4,NA,NA,NA,NA,NA,NA,NA,NA,NA,NA,NA,NA,NA,NA,3,0.00277242972660762,1,5,2,1,NA,5,NA,NA,NA,NA,NA,NA,NA,NA,NA,NA,NA,NA,NA,NA,NA,2.66666666666667,NA,NA,NA,NA
"129","Reunion",2011,0.215028416,1.663492114,NA,NA,NA,NA,NA,NA,NA,NA,NA,NA,NA,NA,NA,NA,NA,NA,NA,NA,2,4,NA,NA,NA,NA,NA,NA,NA,NA,NA,NA,NA,NA,NA,NA,NA,NA,NA,NA,NA,NA,NA,NA,NA,NA
"130","Romania",2011,1.016079417,1.770761956,135,17624.5,0.002176926,0.002008951,0.010832638,0.00167938,0.003007206,0.014102917,0.003510321,0.008477859,0.003571746,0.00109173,0.003371621,NA,NA,NA,33,2.56707437000615,4,4,5,5,5,4,2,2,2,1,1,2,1,1,1.5,1,1,1,NA,NA,NA,4.33333333333333,4.5,1.16666666666667,NA,3.33333333333333
"131","Russian Federation",2011,0.614053745,1.559256747,133,22569.8,0.007011897,0.006870491,0.040632697,0.007231192,0.010704456,0.045641054,0.014216935,0.031898647,0.01292797,0.005710574,0.012684037,9.3,9.7,7.5,NA,NA,3,4,NA,NA,4,4,4,4,3,4,4,3,3,3,3.5,3,3,3,3,5,5,NA,4,3.16666666666667,4.33333333333333,NA
"132","Saint Helena",2011,0.0691469,4.034904929,NA,NA,NA,NA,NA,NA,NA,NA,NA,NA,NA,NA,NA,NA,NA,NA,NA,NA,1,5,NA,NA,NA,NA,NA,NA,NA,NA,NA,NA,NA,NA,NA,NA,NA,NA,NA,NA,NA,NA,NA,NA,NA,NA
"133","Saint Kitts and Nevis",2011,0.294690155,0.871928462,NA,20572,0.01564228,0.020467523,0.146436044,0.054012987,0.019316964,0.06890539,0.040728196,0.106379305,0.029070222,0.064542882,0.05461541,NA,NA,NA,2,3.22570239669688e-05,2,3,1,1,NA,4,5,5,4,5,5,5,5,5,4.875,5,5,5,NA,NA,NA,2,NA,4.95833333333333,NA,NA
"134","Saint Lucia",2011,0.006342503,1.042932454,NA,10538.2,0.043449211,0.020449701,0.108902569,0.046900397,0.016840967,0.076120558,0.035153847,0.095609187,0.022767572,0.042700865,0.038633286,NA,NA,NA,4,0.0116142781033564,1,3,2,1,NA,3,5,5,5,5,5,4,5,5,4.875,5,5,5,NA,NA,NA,2,NA,4.95833333333333,NA,NA
"135","Saint Vincent and the Grenadines",2011,3.969114878,2.755048962,120,9871.6,0.010930262,0.010012001,0.061529093,0.013094446,0.008784797,0.037032068,0.018270218,0.039893428,0.010583941,0.014925191,0.017655057,NA,NA,NA,NA,NA,5,5,NA,NA,3,3,4,3,3,4,4,3,4,4,3.625,4,4,4,NA,NA,NA,NA,3,3.875,NA,NA
"136","Samoa",2011,1.118307652,1.023639668,127,5671.1,NA,NA,NA,NA,NA,NA,NA,NA,NA,NA,NA,NA,NA,NA,8,0.000436604959832344,4,3,1,3,4,2,NA,NA,NA,NA,NA,NA,NA,NA,NA,NA,NA,NA,NA,NA,NA,2.66666666666667,3,NA,NA,NA
"137","Sao Tome and Principe",2011,0.673080868,0.471634364,121,2839.9,NA,NA,NA,NA,NA,NA,NA,NA,NA,NA,NA,NA,NA,NA,NA,NA,3,1,NA,NA,3,1,NA,NA,NA,NA,NA,NA,NA,NA,NA,NA,NA,NA,NA,NA,NA,NA,2,NA,NA,NA
"138","Saudi Arabia",2011,1.631346912,1.00160224,130,47474,0.00263938,0.002679948,0.016589777,0.005699167,0.00243316,0.011344011,0.005641684,0.009062239,0.002419787,0.003526054,0.004476105,9.7,1.3,4.9,19,0.249313751337603,4,3,4,4,4,5,3,1,1,2,1,1,2,2,1.625,2,2,1,3,1,3,3.66666666666667,4.5,1.875,2.33333333333333,3.34722222222222
"139","Senegal",2011,0.269532161,3.678674347,109,2159,0.014096162,0.014059013,0.112362235,0.006544645,0.030397213,0.165726229,0.048173133,0.070003032,0.019187752,0.072478777,0.014467811,7,7.7,6,11,0.000783501196345877,2,5,1,3,1,1,3,5,5,5,5,4,5,3,4.375,4,5,5,2,4,4,2.66666666666667,1,3.79166666666667,3.33333333333333,2.48611111111111
"140","Seychelles",2011,0.177102053,9.843241056,NA,22556.4,NA,NA,NA,NA,NA,NA,NA,NA,NA,NA,NA,NA,NA,NA,1,0,2,5,1,1,NA,4,NA,NA,NA,NA,NA,NA,NA,NA,NA,NA,NA,NA,NA,NA,NA,2.66666666666667,NA,NA,NA,NA
"141","Sierra Leone",2011,0.708356598,1.055401292,106,1374.6,NA,NA,NA,NA,NA,NA,NA,NA,NA,NA,NA,NA,NA,NA,2,0.000371287128712871,3,3,1,1,1,1,NA,NA,NA,NA,NA,NA,NA,NA,NA,NA,NA,NA,NA,NA,NA,2.33333333333333,1,NA,NA,NA
"142","Singapore",2011,0.559339507,0.513559733,NA,74949.1,NA,NA,NA,NA,NA,NA,NA,NA,NA,NA,NA,NA,NA,NA,48,1.2230180042722,3,1,5,5,NA,5,NA,NA,NA,NA,NA,NA,NA,NA,NA,NA,NA,NA,NA,NA,NA,3,NA,NA,NA,NA
"143","Slovenia",2011,0.814998806,1.125875338,127,28513.5,0.002881701,0.003602364,0.020872681,0.004024573,0.004988749,0.021789327,0.006095956,0.015486109,0.009732657,0.002821205,0.00791408,NA,NA,NA,28,1.57166811086979,3,3,5,5,4,4,3,3,2,2,2,3,2,2,2.375,2,2,2,NA,NA,NA,3.66666666666667,4,2.125,NA,3.26388888888889
"144","Solomon Islands",2011,0.301029904,0.907809903,115,1976.4,NA,NA,NA,NA,NA,NA,NA,NA,NA,NA,NA,NA,NA,NA,4,0.208115381394001,2,3,4,1,2,1,NA,NA,NA,NA,NA,NA,NA,NA,NA,NA,NA,NA,NA,NA,NA,3,1.5,NA,NA,NA
"145","Somalia",2011,6.597698869,0.732914792,NA,NA,NA,NA,NA,NA,NA,NA,NA,NA,NA,NA,NA,NA,NA,NA,NA,NA,5,2,NA,NA,NA,NA,NA,NA,NA,NA,NA,NA,NA,NA,NA,NA,NA,NA,NA,NA,NA,NA,NA,NA,NA,NA
"146","South Africa",2011,1.111196301,0.778605878,125,12290.9,0.002822887,0.002921227,0.019495008,0.002342293,0.002541571,0.018572423,0.004051328,0.012579293,0.003066514,0.018428043,0.003259289,2.4,9.6,7.1,27,0.0112295053458266,4,2,2,5,3,3,2,2,2,1,2,1,4,1,1.875,2,2,2,1,4,5,2.66666666666667,3,1.625,3.33333333333333,2.43055555555556
"147","Spain",2011,0.923345622,0.862202822,127,32530.1,0.006947444,0.013028301,0.077250183,0.018197938,0.015372611,0.062768166,0.022534013,0.048783017,0.042376803,0.013750998,0.038461347,10,9.6,6.8,80,0.269311168373956,4,3,4,5,4,4,5,4,4,4,4,5,4,5,4.375,3,4,4,4,4,5,3.66666666666667,4,4.125,4.33333333333333,3.93055555555556
"148","Sri Lanka",2011,7.254664223,0.725660514,108,8949.3,0.088149854,0.014222915,0.117675818,0.042896908,0.006980789,0.061475911,0.009730927,0.03418845,0.060543076,0.268030073,0.020699205,10,1,1,18,0.0278190301818759,5,2,3,4,1,2,5,3,4,3,4,5,5,4,4.125,5,5,5,4,1,1,3.33333333333333,1.5,4.375,2,3.06944444444444
"149","Saint Pierre and Miquelon",2011,0.882950251,1.361923569,NA,NA,NA,NA,NA,NA,NA,NA,NA,NA,NA,NA,NA,NA,NA,NA,NA,NA,3,4,NA,NA,NA,NA,NA,NA,NA,NA,NA,NA,NA,NA,NA,NA,NA,NA,NA,NA,NA,NA,NA,NA,NA,NA
"150","Sudan",2011,0.010053414,3.368559949,NA,3478.3,NA,NA,NA,NA,NA,NA,NA,NA,NA,NA,NA,NA,NA,NA,1,NA,1,5,NA,1,NA,1,NA,NA,NA,NA,NA,NA,NA,NA,NA,NA,NA,NA,NA,NA,NA,NA,NA,NA,NA,NA
"151","Sudan (former)",2011,1.146941449,1.802489541,107,NA,0.000231785,0.000161528,0.001016383,0.000154955,0.000243038,0.001717278,0.000222038,0.000656393,0.000374639,0.000205849,0.000166221,NA,NA,NA,3,0.0281658404686796,4,4,3,1,1,NA,1,1,1,1,1,1,1,1,1,1,1,1,NA,NA,NA,3.66666666666667,NA,1,NA,NA
"152","Suriname",2011,5.78376035,1.819203027,116,15119.7,0.004958878,0.007528607,0.060225401,0.003308609,0.006994339,0.022214262,0.011904423,0.044497555,0.009151299,0.017940197,0.015662456,NA,NA,NA,6,0.00270498732037194,5,4,2,2,2,3,2,3,3,3,4,3,4,4,3.25,3,4,4,NA,NA,NA,3.66666666666667,2.5,3.41666666666667,NA,3.19444444444444
"153","Sweden",2011,1.340683557,1.101116738,124,43709.2,0.009078026,0.008418395,0.050555,0.005411927,0.011800622,0.054481148,0.014671755,0.037264745,0.018797977,0.005592426,0.025868706,3.3,5.6,5.8,10,0.0741282035726695,4,3,3,3,3,5,3,4,4,4,4,4,3,4,3.75,4,4,4,1,4,4,3.33333333333333,4,3.91666666666667,3,3.75
"154","Syrian Arab Republic",2011,1.281796125,0.49748782,NA,NA,0.002485281,0.003560069,0.019735783,0.004230875,0.003095982,0.015905158,0.004490067,0.009927415,0.008605636,0.002791461,0.009529494,NA,NA,NA,6,1.27118644067797,4,1,5,2,NA,NA,3,2,2,2,1,3,2,3,2.25,1,2,2,NA,NA,NA,3.33333333333333,NA,2.08333333333333,NA,NA
"155","Taiwan",2011,0.903059784,0.501120818,NA,NA,NA,NA,NA,NA,NA,NA,NA,NA,NA,NA,NA,6.4,3.5,4.2,NA,NA,4,1,NA,NA,NA,NA,NA,NA,NA,NA,NA,NA,NA,NA,NA,NA,NA,NA,2,3,3,NA,NA,NA,2.66666666666667,NA
"156","United Republic of Tanzania",2011,0.232200088,1.048922006,102,2206.9,0.00052144,0.000468274,0.003732222,0.000194451,0.000525352,0.003349611,0.000671433,0.001516559,0.000516524,0.003007753,0.000631454,NA,NA,NA,NA,NA,2,3,NA,NA,1,1,1,1,1,1,1,1,2,1,1.125,1,1,1,NA,NA,NA,NA,1,1.04166666666667,NA,NA
"157","Thailand",2011,0.992297717,2.330804995,112,13654.3,0.015556093,0.009958488,0.067294209,0.013909525,0.014872809,0.074576362,0.027609648,0.042740471,0.023317416,0.015449334,0.034246589,9.3,2.6,1.8,39,0.642488160453133,4,5,5,5,2,3,5,4,4,5,4,4,4,5,4.375,5,4,4,3,1,1,4.66666666666667,2.5,4.79166666666667,1.66666666666667,3.98611111111111
"158","Timor-Leste",2011,0.006708445,0.649143287,101,1965.5,NA,NA,NA,NA,NA,NA,NA,NA,NA,NA,NA,NA,NA,NA,NA,NA,1,2,NA,NA,1,1,NA,NA,NA,NA,NA,NA,NA,NA,NA,NA,NA,NA,NA,NA,NA,NA,1,NA,NA,NA
"159","Togo",2011,0.507636435,5.352943584,109,1255.1,NA,NA,NA,NA,NA,NA,NA,NA,NA,NA,NA,NA,NA,NA,5,0.000829118646878368,3,5,1,2,1,1,NA,NA,NA,NA,NA,NA,NA,NA,NA,NA,NA,NA,NA,NA,NA,3,1,NA,NA,NA
"160","Tonga",2011,0.12787718,1.107836437,NA,5030.7,NA,NA,NA,NA,NA,NA,NA,NA,NA,NA,NA,10,7,5,8,0.142660332541568,1,3,3,3,NA,2,NA,NA,NA,NA,NA,NA,NA,NA,NA,NA,NA,NA,4,4,3,2.33333333333333,NA,NA,3.66666666666667,NA
"161","Trinidad and Tobago",2011,0.361733601,1.527771329,117,29765,0.009734585,0.010103415,0.070772159,0.026941091,0.009003643,0.040341815,0.019427729,0.055464337,0.010383967,0.024414087,0.024227066,NA,NA,NA,4,0.000438395852394023,2,4,1,1,2,4,5,4,3,4,5,3,4,4,4,4,4,4,NA,NA,NA,2.33333333333333,3,4,NA,3.11111111111111
"162","Tunisia",2011,0.412828298,0.917837565,141,10218.6,0.006933294,0.006906278,0.03719273,0.010462767,0.010235914,0.052449554,0.017448266,0.035843224,0.009577414,0.00609139,0.010839669,NA,NA,NA,27,0.0801823492263972,3,3,3,5,5,3,4,4,4,4,4,3,3,3,3.625,3,3,3,NA,NA,NA,3,4,3.20833333333333,NA,3.40277777777778
"163","Turkey",2011,0.908930025,1.237996844,154,17873.7,0.002255366,0.002782424,0.013630217,0.003821252,0.002153118,0.012558294,0.004996679,0.007767566,0.003602349,0.00205759,0.003137033,6.4,3.2,5.1,24,0.366945565240703,4,3,4,4,5,4,3,1,2,2,1,2,1,1,1.625,1,2,1,2,3,4,3.66666666666667,4.5,1.20833333333333,3,3.125
"164","Turks and Caicos Islands",2011,0.339943464,1.610068434,NA,NA,NA,NA,NA,NA,NA,NA,NA,NA,NA,NA,NA,NA,NA,NA,NA,NA,2,4,NA,NA,NA,NA,NA,NA,NA,NA,NA,NA,NA,NA,NA,NA,NA,NA,NA,NA,NA,NA,NA,NA,NA,NA
"165","Tuvalu",2011,2.922425257,0.567217379,NA,3488.2,NA,NA,NA,NA,NA,NA,NA,NA,NA,NA,NA,NA,NA,NA,1,0.000224618149146451,5,2,1,1,NA,2,NA,NA,NA,NA,NA,NA,NA,NA,NA,NA,NA,NA,NA,NA,NA,2.66666666666667,NA,NA,NA,NA
"166","Ukraine",2011,0.209861122,1.483530371,125,8281.9,0.007651588,0.007103203,0.040241025,0.00680094,0.01059705,0.049999506,0.015770567,0.029322478,0.014827548,0.005320624,0.012815581,7.7,9.5,6.2,34,0.130862743354965,2,4,3,5,3,2,4,4,4,4,3,4,2,3,3.5,3,3,3,3,4,4,3,2.5,3.16666666666667,3.66666666666667,2.88888888888889
"167","USSR",2011,3.755813953,1.083825576,NA,NA,NA,NA,NA,NA,NA,NA,NA,NA,NA,NA,NA,NA,NA,NA,NA,NA,5,3,NA,NA,NA,NA,NA,NA,NA,NA,NA,NA,NA,NA,NA,NA,NA,NA,NA,NA,NA,NA,NA,NA,NA,NA
"168","United Arab Emirates",2011,1.620048122,0.324890468,122,57594.1,0.005420003,0.008819104,0.052255854,0.017599718,0.007310721,0.032369645,0.019012223,0.029710132,0.006573702,0.013407761,0.010163695,NA,NA,NA,13,0.0055225092152714,4,1,2,3,3,5,5,3,3,4,3,2,4,3,3.375,3,4,4,NA,NA,NA,2.33333333333333,4,3.125,NA,3.15277777777778
"169","United Kingdom",2011,0.49490484,1.610935729,137,36590.2,0.004247787,0.0056073,0.035317963,0.005147956,0.007238044,0.029208308,0.009317407,0.022289466,0.011322349,0.00525779,0.016924039,9.9,1.9,3.5,36,0.331235058699749,3,4,4,5,5,5,3,3,3,3,3,3,2,4,3,3,3,3,3,1,2,3.66666666666667,5,3.33333333333333,2,4
"170","United States of America",2011,2.048564456,0.630328023,143,49781.4,0.001928865,0.00512974,0.032364206,0.004765881,0.00384756,0.017815904,0.006178617,0.01860036,0.015048628,0.00535445,0.022275358,3.7,7.3,5.8,44,0.0731155225477095,5,2,3,5,5,5,3,2,2,2,3,4,2,4,2.75,1,3,3,1,4,4,3.33333333333333,5,2.58333333333333,3,3.63888888888889
"171","Uruguay",2011,1.043711249,0.588638809,122,17904.8,0.002171886,0.002108266,0.0117572,0.000502121,0.002385933,0.008461841,0.004285698,0.011344325,0.002744696,0.001903285,0.00257991,NA,NA,NA,13,0.000871229932155572,4,2,1,3,3,4,1,1,1,1,2,1,1,1,1.125,1,1,1,NA,NA,NA,2.33333333333333,3.5,1.04166666666667,NA,2.29166666666667
"172","Vanuatu",2011,0.099386471,0.642417121,131,2915.2,NA,NA,NA,NA,NA,NA,NA,NA,NA,NA,NA,NA,NA,NA,7,0.000991623391873907,1,2,1,2,4,1,NA,NA,NA,NA,NA,NA,NA,NA,NA,NA,NA,NA,NA,NA,NA,1.33333333333333,2.5,NA,NA,NA
"173","Venezuela",2011,0.652349782,3.810957045,124,17001.9,0.004108329,0.005608256,0.034929114,0.000463741,0.004376351,0.014321263,0.009907483,0.024705671,0.007736343,0.01251801,0.009887754,1,3,3,NA,NA,3,5,NA,NA,3,4,1,2,2,3,3,3,4,3,2.625,2,3,3,1,2,2,NA,3.5,2.54166666666667,1.66666666666667,NA
"174","Viet Nam",2011,1.959322969,3.735916648,116,4717,NA,NA,NA,NA,NA,NA,NA,NA,NA,NA,NA,9.7,2.8,2.2,25,1.13541128160658,5,5,5,4,2,2,NA,NA,NA,NA,NA,NA,NA,NA,NA,NA,NA,NA,3,1,1,5,2,NA,1.66666666666667,NA
"175","Yemen",2011,1.647283971,1.859971565,102,3616.2,NA,NA,NA,NA,NA,NA,NA,NA,NA,NA,NA,NA,NA,NA,1,0.000953828349050305,4,4,1,1,1,2,NA,NA,NA,NA,NA,NA,NA,NA,NA,NA,NA,NA,NA,NA,NA,3,1.5,NA,NA,NA
"176","Yugoslavia SFR",2011,0.756061573,3.989962707,NA,NA,NA,NA,NA,NA,NA,NA,NA,NA,NA,NA,NA,NA,NA,NA,7,NA,3,5,NA,2,NA,NA,NA,NA,NA,NA,NA,NA,NA,NA,NA,NA,NA,NA,NA,NA,NA,NA,NA,NA,NA,NA
"177","Southern Africa",2011,NA,NA,122,11762.2,NA,NA,NA,NA,NA,NA,NA,NA,NA,NA,NA,NA,NA,NA,NA,NA,NA,NA,NA,NA,3,3,NA,NA,NA,NA,NA,NA,NA,NA,NA,NA,NA,NA,NA,NA,NA,NA,3,NA,NA,NA
"178","Eastern Asia",2011,NA,NA,118,30126.9,NA,NA,NA,NA,NA,NA,NA,NA,NA,NA,NA,NA,NA,NA,NA,NA,NA,NA,NA,NA,2,4,NA,NA,NA,NA,NA,NA,NA,NA,NA,NA,NA,NA,NA,NA,NA,NA,3,NA,NA,NA
"179","Southern Asia",2011,NA,NA,111,5823.2,NA,NA,NA,NA,NA,NA,NA,NA,NA,NA,NA,NA,NA,NA,NA,NA,NA,NA,NA,NA,2,2,NA,NA,NA,NA,NA,NA,NA,NA,NA,NA,NA,NA,NA,NA,NA,NA,2,NA,NA,NA
"180","West Bank and Gaza Strip",2011,NA,NA,NA,4358.7,NA,NA,NA,NA,NA,NA,NA,NA,NA,NA,NA,NA,NA,NA,NA,NA,NA,NA,NA,NA,NA,2,NA,NA,NA,NA,NA,NA,NA,NA,NA,NA,NA,NA,NA,NA,NA,NA,NA,NA,NA,NA
"181","Anguilla",2011,NA,NA,NA,NA,NA,NA,NA,NA,NA,NA,NA,NA,NA,NA,NA,NA,NA,NA,NA,NA,NA,NA,NA,NA,NA,NA,NA,NA,NA,NA,NA,NA,NA,NA,NA,NA,NA,NA,NA,NA,NA,NA,NA,NA,NA,NA
"182","British Virgin Islands",2011,NA,NA,NA,NA,NA,NA,NA,NA,NA,NA,NA,NA,NA,NA,NA,NA,NA,NA,NA,NA,NA,NA,NA,NA,NA,NA,NA,NA,NA,NA,NA,NA,NA,NA,NA,NA,NA,NA,NA,NA,NA,NA,NA,NA,NA,NA
"183","Montserrat",2011,NA,NA,NA,NA,NA,NA,NA,NA,NA,NA,NA,NA,NA,NA,NA,NA,NA,NA,NA,NA,NA,NA,NA,NA,NA,NA,NA,NA,NA,NA,NA,NA,NA,NA,NA,NA,NA,NA,NA,NA,NA,NA,NA,NA,NA,NA
"184","Puerto Rico",2011,NA,NA,NA,34121.1,NA,NA,NA,NA,NA,NA,NA,NA,NA,NA,NA,NA,NA,NA,11,0.0136892539356605,NA,NA,2,3,NA,5,NA,NA,NA,NA,NA,NA,NA,NA,NA,NA,NA,NA,NA,NA,NA,NA,NA,NA,NA,NA
"185","United States Virgin Islands",2011,NA,NA,NA,NA,NA,NA,NA,NA,NA,NA,NA,NA,NA,NA,NA,NA,NA,NA,NA,NA,NA,NA,NA,NA,NA,NA,NA,NA,NA,NA,NA,NA,NA,NA,NA,NA,NA,NA,NA,NA,NA,NA,NA,NA,NA,NA
"186","American Samoa",2011,NA,NA,NA,NA,NA,NA,NA,NA,NA,NA,NA,NA,NA,NA,NA,NA,NA,NA,1,0.0039177277179236,NA,NA,2,1,NA,NA,NA,NA,NA,NA,NA,NA,NA,NA,NA,NA,NA,NA,NA,NA,NA,NA,NA,NA,NA,NA
"187","Nauru",2011,NA,NA,NA,NA,NA,NA,NA,NA,NA,NA,NA,NA,NA,NA,NA,NA,NA,NA,1,0,NA,NA,1,1,NA,NA,NA,NA,NA,NA,NA,NA,NA,NA,NA,NA,NA,NA,NA,NA,NA,NA,NA,NA,NA,NA
"188","Niue",2011,NA,NA,NA,NA,NA,NA,NA,NA,NA,NA,NA,NA,NA,NA,NA,NA,NA,NA,NA,NA,NA,NA,NA,NA,NA,NA,NA,NA,NA,NA,NA,NA,NA,NA,NA,NA,NA,NA,NA,NA,NA,NA,NA,NA,NA,NA
"189","Northern Mariana Islands",2011,NA,NA,NA,NA,NA,NA,NA,NA,NA,NA,NA,NA,NA,NA,NA,NA,NA,NA,NA,NA,NA,NA,NA,NA,NA,NA,NA,NA,NA,NA,NA,NA,NA,NA,NA,NA,NA,NA,NA,NA,NA,NA,NA,NA,NA,NA
"190","Tokelau",2011,NA,NA,NA,NA,NA,NA,NA,NA,NA,NA,NA,NA,NA,NA,NA,NA,NA,NA,NA,NA,NA,NA,NA,NA,NA,NA,NA,NA,NA,NA,NA,NA,NA,NA,NA,NA,NA,NA,NA,NA,NA,NA,NA,NA,NA,NA
"191","Wallis and Futuna Islands",2011,NA,NA,NA,NA,NA,NA,NA,NA,NA,NA,NA,NA,NA,NA,NA,NA,NA,NA,NA,NA,NA,NA,NA,NA,NA,NA,NA,NA,NA,NA,NA,NA,NA,NA,NA,NA,NA,NA,NA,NA,NA,NA,NA,NA,NA,NA
"192","Gibraltar",2011,NA,NA,NA,NA,NA,NA,NA,NA,NA,NA,NA,NA,NA,NA,NA,NA,NA,NA,NA,NA,NA,NA,NA,NA,NA,NA,NA,NA,NA,NA,NA,NA,NA,NA,NA,NA,NA,NA,NA,NA,NA,NA,NA,NA,NA,NA
"193","Holy See",2011,NA,NA,NA,NA,NA,NA,NA,NA,NA,NA,NA,NA,NA,NA,NA,NA,NA,NA,NA,NA,NA,NA,NA,NA,NA,NA,NA,NA,NA,NA,NA,NA,NA,NA,NA,NA,NA,NA,NA,NA,NA,NA,NA,NA,NA,NA
"194","Monaco",2011,NA,NA,NA,NA,NA,NA,NA,NA,NA,NA,NA,NA,NA,NA,NA,NA,NA,NA,NA,NA,NA,NA,NA,NA,NA,NA,NA,NA,NA,NA,NA,NA,NA,NA,NA,NA,NA,NA,NA,NA,NA,NA,NA,NA,NA,NA
