"","","country","year","Q.balance","UV.balance","energy_adequacy","gdp","polyunsatFA_percentseafood","calories_percentseafood","protein_percentseafood","vitaminA_percentseafood","thiamin_percentseafood","niacin_percentseafood","riboflavin_percentseafood","B6_percentseafood","iron_percentseafood","calcium_percentseafood","zinc_percentseafood","native","fishmeal","habitat","spp_farmed","prod_ratio","vitamins_all","trade","fs","nutrition","ecol"
"1",1,"Albania",2011,0.937490266505804,0.768587207074744,1,0.067587863098435,0.0214742168067708,0.0223347802366475,0.0301743498682414,0.015255485385937,0.037835666132663,0.055285510365602,0.0138293828702692,0.0338712145202789,0.0281026828722945,0.0045261022783586,0.0393122573626862,NA,NA,NA,0.136363636363636,0.646940033723,0.0285022877235112,0.784339169101183,0.533793931549218,0.0274546953363408,NA
"2",2,"Algeria",2011,0.834621560211448,0.790295820042024,1,0.0929518510445295,0.0127367469080337,0.0197569451156317,0.0292510959829789,0.0214108511382009,0.0347866260170999,0.0475675769042403,0.0238695185832771,0.0369667041097308,0.034455605602881,0.00861674382266104,0.0302421488689707,NA,NA,NA,0.204545454545455,0.446130457505493,0.0297394718808827,0.690349279252988,0.546475925522265,0.0272418693685187,NA
"3",3,"Angola",2011,0.86342435306307,0.887547294972942,1,0.0474298559628705,0.0511769853041861,0.0623569075636886,0.155652592835379,0.0199345290790532,0.128380143515517,0.190349693241363,0.0630545755678265,0.0812870812187165,0.111178756121923,0.131140937232968,0.102073920736528,NA,NA,NA,0.0113636363636364,0.228672343245157,0.103424954589237,0.659881330427056,0.523714927981435,0.0996896474924681,NA
"4",4,"Antigua and Barbuda",2011,0.873989985669618,0.668018822169322,NA,0.145099299402323,0.11472675682033,0.271333395086319,0.368617508391044,0.101126114228007,0.236553174175458,0.164974243098377,0.160032729917294,0.321244532201195,0.48301390789258,0.206341665203683,0.312560648871667,NA,NA,NA,NA,NA,0.248230876948533,NA,NA,0.249138606898723,NA
"5",5,"Argentina",2011,0.993954055901505,0.918162951442487,1,NA,0.00633097133423597,0.0174126352961501,0.0249743894242497,0.00135454112743892,0.0132282678151279,0.0187410607229942,0.0140720309064561,0.0307598038618604,0.0302855128779619,0.0091478356321387,0.0226958713409339,0.633333333333333,1,0.882352941176471,0.238636363636364,0.329683582852541,0.017535615535614,0.747266863398845,NA,0.0171820836672316,0.838562091503268
"6",7,"Aruba",2011,0.838635542423648,0,NA,0.265152962203081,NA,NA,NA,NA,NA,NA,NA,NA,NA,NA,NA,NA,NA,NA,0,0.404902832787525,NA,0.414512791737058,NA,NA,NA
"7",8,"Australia",2011,0.920329385421898,0.992580513825367,1,0.308209045223119,0.0227980309142245,0.062618566407935,0.0950968301206793,0.0408941652430935,0.0686533611649569,0.0955747810750391,0.0385029321137117,0.0942130592025971,0.234091810262443,0.0206123714703478,0.159995012897259,0.255555555555556,0.244444444444444,0.617647058823529,0.386363636363636,0.64001455741133,0.094067186678681,0.850974818886198,0.65410452261156,0.0848228109883897,0.372549019607843
"8",11,"Bahamas",2011,0.921850242460743,0.612921579177678,NA,0.165153935983664,0.0722067099905438,0.128768238815219,0.20971897673575,0.100943651743086,0.143392987115993,0.165529874636782,0.10109481323149,0.168009008716054,0.22646563282184,0.101334248450579,0.405545822556451,NA,NA,NA,0.0568181818181818,0,0.176539504909034,0.511590607212807,NA,0.165728178619435,NA
"9",12,"Bahrain",2011,0.98462908592786,0.857588491354032,NA,0.29258061592371,NA,NA,NA,NA,NA,NA,NA,NA,NA,NA,NA,NA,NA,NA,0.0568181818181818,0.162859241163593,NA,0.668358939481828,NA,NA,NA
"10",13,"Bangladesh",2011,0.844882410576441,0.77443025197822,1,0.0146980943113986,0.0121055950261941,0.0115981416924842,0.0235342736786524,0.028429165377161,0.0153445733097504,0.0175279676344337,0.0129147510343655,0.0183206553897824,0.0139188958968884,0.0104981698482148,0.0586022572255316,0.444444444444444,0.222222222222222,0,0.329545454545455,0.702538561926671,0.021944554464516,0.773950408160444,0.507349047155699,0.020254040555769,0.222222222222222
"11",14,"Barbados",2011,0.831118816561216,0.922674513142258,1,0.110744320424748,0.0844231317314037,0.193021397848779,0.300618279334191,0.247674681185381,0.220933236474912,0.267784642076856,0.167607710789854,0.325467774129728,0.266858798033063,0.134640166746329,0.320987123264107,NA,NA,NA,0.0113636363636364,0.354369473784875,0.243994266587529,0.702720934496117,0.555372160212374,0.230001540146782,NA
"12",16,"Belgium",2011,0.99521612080426,0.883442280655952,1,0.301434528611546,0.0187073133314439,0.0500000388631521,0.0897931994872295,0.018684535104215,0.0825524276853177,0.0888176149955293,0.0464292571825866,0.0694206543037549,0.26962165448823,0.0210886762363434,0.181293284695235,NA,NA,NA,0.102272727272727,0.337719413875005,0.0972385130864016,0.738792605111739,0.650717264305773,0.0851280596702762,NA
"13",17,"Belize",2011,0.878164983997418,0.752171659949283,1,0.0542328369299545,0.0405727376313978,0.062137330754352,0.112698756685848,0.0136035555987026,0.0503640603760773,0.0545793234397197,0.0563035576744484,0.0865793262703406,0.108904160968377,0.0823944600493786,0.115139226836151,0,0.222222222222222,0,0.0568181818181818,0.433714223859956,0.0709834589016494,0.688016955935552,0.527116418464977,0.0712069542077085,0.0740740740740741
"14",18,"Benin",2011,0.651332962560838,0.90092504700333,1,0.00857301444266417,0.0195683822875356,0.0322291106502204,0.0748188034719392,0.0218287854201696,0.0348626703020734,0.0657444592053494,0.0361170008266209,0.0339490218687748,0.116055476229383,0.0638783235431839,0.0361533102398292,NA,NA,NA,0.0568181818181818,0.394201110506302,0.051073630954423,0.648819706690156,0.504286507221332,0.0486550312768254,NA
"15",19,"Bermuda",2011,0.918103646186485,0.872192419144753,NA,0.407245526789078,NA,NA,NA,NA,NA,NA,NA,NA,NA,NA,NA,NA,NA,NA,NA,NA,NA,NA,NA,NA,NA
"16",22,"Bosnia and Herzegovina",2011,0.86632560561712,0.989036584559241,1,0.064778131584723,0.0118647119102317,0.0174644838101515,0.0276153306335499,0.00839160906067087,0.0299270907397246,0.0298137219226636,0.0154811226622783,0.0205331904701605,0.0450436169437356,0.00587632829338177,0.0327223540164943,NA,NA,NA,0.159090909090909,0.896012826607426,0.0234736292636387,0.917125005594596,0.532389065792362,0.0222485054966402,NA
"17",24,"Brazil",2011,0.863336882079238,0.858192895929099,1,0.106470172726204,0.00488530283679504,0.0174352181669218,0.0295847135987684,0.0044610478927327,0.0282233277594072,0.0217772284775656,0.0165533726759489,0.0319533528081693,0.0231573924922121,0.00933536671219158,0.0202122969451988,0.0222222222222222,0.244444444444444,0.0294117647058823,0.5,0.666780018092311,0.0194591732204283,0.796103265366883,0.553235086363102,0.0188707836696283,0.0986928104575163
"18",25,"Brunei",2011,0.821337928618971,0.716858771269745,1,0.544178552407747,0.0493825084968807,0.093125355090931,0.151719725553418,0.181272506401144,0.175210791017733,0.140368807464445,0.100291889077398,0.140205374874299,0.336289879716555,0.0852630117428028,0.28358219885246,NA,NA,NA,NA,NA,0.180310557393355,NA,0.772089276203874,0.157882913480733,NA
"19",26,"Bulgaria",2011,0.983082081326197,0.943835920459688,1,0.112253680328808,0.0110652528599015,0.0207205062807585,0.0315404085038654,0.0218790031749635,0.0399119684822802,0.0483862788028718,0.0212823819049739,0.0420835942248546,0.0634249421420211,0.00768740871025864,0.0433540090557546,NA,NA,NA,0.5,0.668133291474627,0.0360011983122473,0.865017097753504,0.556126840164404,0.0319396140129549,NA
"20",29,"Cote dIvoire",2011,0.998903744218014,0.512086200857938,1,0.0144553982275695,NA,NA,NA,NA,NA,NA,NA,NA,NA,NA,NA,NA,NA,NA,NA,NA,NA,NA,0.507227699113785,NA,NA
"21",30,"Cote dIvoire",2011,0.998903744218014,0.512086200857938,NA,NA,NA,NA,NA,NA,NA,NA,NA,NA,NA,NA,NA,NA,NA,NA,NA,NA,NA,NA,NA,NA,NA
"22",31,"Cabo Verde",2011,0.606589117311346,0.925671897759161,1,0.0414298694459863,0.036378186378276,0.0575237507929773,0.105478404835993,0.0383268468682929,0.0972909956902761,0.170271183631818,0.0522826134689372,0.0805430282134073,0.0981996729049224,0.0978426377837711,0.0806094096164052,NA,NA,NA,NA,NA,0.0894207985222288,NA,0.520714934722993,0.0831587936531888,NA
"23",32,"Cambodia",2011,0.978069323918365,0.880737840270339,1,0.0152179433304644,NA,NA,NA,NA,NA,NA,NA,NA,NA,NA,NA,0.444444444444444,0.222222222222222,0,0.318181818181818,0.566073880188216,NA,0.808293681458973,0.507608971665232,NA,0.222222222222222
"24",33,"Cameroon",2011,0.821868349463064,0.849890123850191,1,0.0149617641308671,0.0671943802814849,0.0727404236800012,0.136392320503833,0.0246917666546793,0.114158773430181,0.210821557561634,0.0918441600953673,0.0866175808427639,0.136998120403622,0.105208689366877,0.0645397956560191,NA,NA,NA,0.0795454545454545,0.324627813400707,0.104360055501393,0.66546209557132,0.507480882065434,0.101018869861497,NA
"25",34,"Canada",2011,0.941727271401738,0.87011604763934,1,0.306743130914313,0.0175864255176728,0.0529292475701744,0.0899313894197469,0.0347518186844637,0.0530768139725017,0.0678067814896959,0.0333312063827712,0.072540407413711,0.153495704866514,0.024634327732475,0.182658822533751,0.488888888888889,0.344444444444444,0.544117647058824,0.181818181818182,0.59080054967784,0.0777869853844853,0.800881289572973,0.653371565457156,0.0711584495984979,0.459150326797386
"26",35,"Cayman Islands",2011,0.735625780734185,0.965759990713022,NA,0.369175200355355,NA,NA,NA,NA,NA,NA,NA,NA,NA,NA,NA,NA,NA,NA,NA,NA,NA,NA,NA,NA,NA
"27",38,"Chile",2011,0.941611553615572,0.827217116443584,1,0.147182440788523,0.022897336884681,0.0437522211136273,0.0673815864127468,0.00526146186191327,0.0294816121682792,0.0461270770225848,0.0323673331254141,0.086245144132903,0.0563982957128268,0.026532920414734,0.0488443759405001,0.233333333333333,0.244444444444444,0.323529411764706,0.25,0.619107031927967,0.0414072775473944,0.795978567329041,0.573591220394261,0.0422990331627464,0.267102396514161
"28",39,"China",2011,0.934609430537173,0.993641008977581,1,0.0741646273454067,0.0180062120421702,0.0553797889710565,0.0781468395837048,0.026266102047855,0.0240661460874328,0.0411494073565218,0.0625957329756883,0.0333640821092748,0.379165872291297,0.142819737273442,0.232347118227774,0.177777777777778,0.988888888888889,0.617647058823529,1,0.783572771000757,0.117721774796161,0.903941070171837,0.537082313672703,0.0993915489969287,0.594771241830065
"29",40,"Hong Kong",2011,0.831527608134897,0.415321738145493,NA,NA,NA,NA,NA,NA,NA,NA,NA,NA,NA,NA,NA,NA,NA,NA,NA,NA,NA,NA,NA,NA,NA
"30",41,"Macao",2011,0.980313211431889,0.914115764982689,NA,NA,NA,NA,NA,NA,NA,NA,NA,NA,NA,NA,NA,NA,NA,NA,NA,NA,NA,NA,NA,NA,NA
"31",42,"Colombia",2011,0.984158239952573,0.823198190004136,1,0.0814934498274536,0.0120509402363812,0.0201959804551463,0.040166651510602,0.000165131818790555,0.0182615566721823,0.0265668124411355,0.0142597985228874,0.0445669540752286,0.0232172779698099,0.00913837736768576,0.0215485577090718,1,0.222222222222222,0.294117647058824,0.25,0.558584187268601,0.019715558322099,0.788646872408437,0.540746724913727,0.0209216398889929,0.505446623093682
"32",43,"Comoros",2011,0.571796058963148,0.588752137998616,NA,0.00547339593993422,NA,NA,NA,NA,NA,NA,NA,NA,NA,NA,NA,NA,NA,NA,NA,NA,NA,NA,NA,NA,NA
"33",44,"Congo",2011,0.99420339634877,0.728525566803621,0.833333333333333,0.0375677058403614,0.109412839629524,0.0862538766839066,0.192377902254055,0.0183093461654381,0.225108867177975,0.227776569260513,0.100024646947469,0.144918548801322,0.1255819331919,0.204682476678672,0.156824150328101,NA,NA,NA,0.0113636363636364,0.230313976199293,0.150403317318924,0.651014313117228,0.435450519586847,0.144661014283534,NA
"34",45,"Democratic Republic of the Congo",2011,0.815905876556485,0.927586421964939,NA,0,NA,NA,NA,NA,NA,NA,NA,NA,NA,NA,NA,NA,NA,NA,NA,NA,NA,NA,NA,NA,NA
"35",46,"Cook Islands",2011,0.937401730709289,0.929704198968846,NA,NA,NA,NA,NA,NA,NA,NA,NA,NA,NA,NA,NA,NA,NA,NA,0.0454545454545455,0.153236743760366,NA,0.673447557812834,NA,NA,NA
"36",47,"Costa Rica",2011,0.904337697031557,0.899063417540001,1,0.0932956704966206,0.0113360614645263,0.0208624497195297,0.0389139654313057,0.000694952445306125,0.0177677174438341,0.0193686190341543,0.0133060473245195,0.0399994429983374,0.0332410384677007,0.010975601397589,0.0324433602644728,1,0.222222222222222,0.294117647058824,0.147727272727273,0.715411430597802,0.0209745974219892,0.83960418172312,0.54664783524831,0.0217190232719341,0.505446623093682
"37",48,"Croatia",2011,0.915594940578332,0.690555028525026,1,0.149468577973233,0.043635809571751,0.0754752405899467,0.119966237804963,0.0714644127063551,0.136565948365235,0.195536918923881,0.0647409440567603,0.141158702708551,0.251347696155249,0.0234464480696714,0.153086354054741,NA,NA,NA,0.261363636363636,0.589006434328033,0.129668428130055,0.731718801143797,0.574734288986616,0.116038610273373,NA
"38",49,"Cuba",2011,0.83666962863559,0.819273797836578,1,0.13713602141718,0.00631776277729471,0.0107457629363943,0.0204934183055616,0.00306601404537253,0.013144269275767,0.0128886487356325,0.00946279810799325,0.0165965089229262,0.0134507091270385,0.00659281327934956,0.0136823169861487,NA,NA,NA,0.136363636363636,0.707279075152627,0.0111105098100285,0.787740833874931,0.56856801070859,0.0114946384090435,NA
"39",50,"Curaçcao",2011,0.961080166903586,0.460852046348881,NA,NA,NA,NA,NA,NA,NA,NA,NA,NA,NA,NA,NA,NA,NA,NA,NA,NA,NA,NA,NA,NA,NA
"40",51,"Cyprus",2011,0.956918033652524,0.722234392135428,1,0.242441402753402,0.0193737433440086,0.0545426259838629,0.0846134271565525,0.0486441339425299,0.0863832228100272,0.100509165524543,0.0406844373544571,0.0942871605411598,0.143170633181935,0.0221274511171615,0.140258118413182,NA,NA,NA,0.159090909090909,0.799104557291863,0.0845080403606245,0.826085661026605,0.621220701376701,0.0758721926699473,NA
"41",54,"Denmark",2011,0.896538244807222,0.730689979700642,1,0.319826996643453,0.0540947109666685,0.0701996352811455,0.0896426752100046,0.0318174196035727,0.135551463365552,0.173709204141262,0.0498355239561588,0.122723214447793,0.176357708062306,0.012091049783144,0.122414210652029,1,0.255555555555556,0.735294117647059,0.261363636363636,0.502028807385956,0.103062474251477,0.709752343964607,0.659913498321727,0.094403346860876,0.663616557734205
"42",55,"Djibouti",2011,0.829146669254958,0.803807312824791,1,0.0162239335791755,0.0104350918568848,0.00966158237508065,0.0203018986433457,0.00196239213961401,0.0195023094608013,0.0449001054232301,0.0136837879646749,0.0214116562750913,0.0097205944940235,0.0274793886042047,0.00655811087391245,NA,NA,NA,NA,NA,0.018152293154444,NA,0.508111966789588,0.0168742652828058,NA
"43",56,"Dominica",2011,0.950863631075169,0.169771711140906,NA,0.0717024605937215,0.115430574729535,0.125767260004491,0.210233741446796,0.0161641282145691,0.0813448730712206,0.112459198229667,0.0706924637822025,0.18062922987872,0.119827672027169,0.0426247899439792,0.141738826078692,NA,NA,NA,0.0227272727272727,0.385306639485432,0.0956851476532774,0.501980660567169,NA,0.110628432491549,NA
"44",57,"Dominican Republic",2011,0.93820612064492,0.84318491134689,1,0.0805878338850175,0.0123030833389681,0.0332318222168272,0.068904476307902,0.00128472797236608,0.0365807791683138,0.036651497323226,0.0280176729628979,0.0548203771011273,0.0488086253249492,0.0248014759728014,0.0462820011368213,NA,NA,NA,0.25,0.578188172811242,0.0346558946203129,0.786526401601017,0.540293916942509,0.0356078671660182,NA
"45",58,"Ecuador",2011,0.973178262888508,0.991579164829094,1,0.0697369219395013,0.0119598505003753,0.0253462774439752,0.043815358392705,0.000203886627747634,0.0334455528413973,0.0278220538750874,0.0144278087319155,0.0377360579411235,0.0324103895072606,0.0125170783702428,0.0439639275978713,0.988888888888889,0.222222222222222,0,0.170454545454545,0.672360815329492,0.0253158444365807,0.879039414349031,0.534868460969751,0.0257862038027001,0.403703703703704
"46",59,"Egypt",2011,0.987171793689644,0.561133744600627,1,0.0708170693249379,0.0264665155922558,0.0293295393209262,0.0515696910548685,0.0326689535879432,0.053913059152705,0.0558052911194275,0.0375913384164752,0.0541001475472886,0.0284806888172734,0.014565119093,0.0607922377936618,0.955555555555555,0.211111111111111,0.573529411764706,0.170454545454545,0.771746815067693,0.0422396044409718,0.773350784452655,0.535408534662469,0.0404802346814387,0.580065359477124
"47",60,"El Salvador",2011,0.932951499109292,0.875169112851036,1,0.0522800323295154,0.0116372175109964,0.0235246939171935,0.0460458553076575,0.00258547863606035,0.0241975677099856,0.0264144934110352,0.0171247024473036,0.0299446891376707,0.0217163927534804,0.011598451431008,0.0266644688091347,NA,NA,NA,0.113636363636364,0.541857867308892,0.0200307805419598,0.783326159756407,0.526140016164758,0.021950364642866,NA
"48",61,"Equatorial Guinea",2011,0.840100534954649,0.769817587748187,NA,0.270693773721857,NA,NA,NA,NA,NA,NA,NA,NA,NA,NA,NA,NA,NA,NA,0.0227272727272727,0.286169223421604,NA,0.632029115374813,NA,NA,NA
"49",62,"Eritrea",2011,0.984351310734388,0.75982870821319,NA,0.0059483012397725,NA,NA,NA,NA,NA,NA,NA,NA,NA,NA,NA,NA,NA,NA,0.0113636363636364,0,NA,0.581393339649193,NA,NA,NA
"50",63,"Estonia",2011,0.999784127443355,0.872940944162201,1,0.174814588431637,0.0264778135072562,0.0354319581905479,0.0542554557788144,0.0138632370404706,0.0517316880588223,0.0627754075491171,0.0231596017781226,0.0532113275466665,0.0590225239048017,0.00821886616467373,0.0577641375020349,NA,NA,NA,0.147727272727273,0.341846709986366,0.0412183486930887,0.738190593863974,0.587407294215818,0.040537456092848,NA
"51",66,"Falkland Islands",2011,0.438572591188056,0.494415191741904,NA,NA,NA,NA,NA,NA,NA,NA,NA,NA,NA,NA,NA,NA,NA,NA,NA,NA,NA,NA,NA,NA,NA
"52",67,"Faroe Islands",2011,0.903965713832875,0.852913075228692,NA,NA,NA,NA,NA,NA,NA,NA,NA,NA,NA,NA,NA,1,0.222222222222222,0.294117647058824,0.0113636363636364,0.585209980184392,NA,0.780696256415319,NA,NA,0.505446623093682
"53",68,"Fiji",2011,0.987409154398788,0.775986529557683,1,0.0514583113296375,0.15362123018848,0.173308646895889,0.283824369965256,0.203422653963712,0.297103942677913,0.401730849180655,0.303466678582964,0.329293790888405,0.184911342395436,0.118299102730083,0.189964452662128,NA,NA,NA,NA,NA,0.253524101635162,NA,0.525729155664819,0.23990427819372,NA
"54",69,"Finland",2011,0.94053608609004,0.724678807761639,1,0.296885475163726,0.0820163012936127,0.102004309619421,0.123570436299615,0.0462698932370412,0.162195120561948,0.219558130302546,0.0815028570043836,0.164368606789061,0.230054153416276,0.0177373687555274,0.142385806351136,1,0.222222222222222,0.294117647058824,0.0454545454545455,0.527819280319918,0.13300899205224,0.731011391390532,0.648442737581863,0.124696634875506,0.505446623093682
"55",70,"France",2011,0.98022087185647,0.960060707430892,1,0.274967172358414,0.0345850749925065,0.090354885463194,0.131213300483853,0.05338786788941,0.135682078473085,0.153714147387337,0.0689451690155896,0.130976479708943,0.478526651090388,0.0279391871130248,0.260954743250325,0.311111111111111,0.977777777777778,0.676470588235294,0.647727272727273,0.642112860520621,0.163765790491013,0.860798146602661,0.637483586179207,0.142389053169787,0.655119825708061
"56",71,"French Guiana",2011,0.908157454724339,0.684617906529889,NA,NA,NA,NA,NA,NA,NA,NA,NA,NA,NA,NA,NA,NA,NA,NA,0.0568181818181818,0.234349927911539,NA,0.609041763055256,NA,NA,NA
"57",72,"French Polynesia",2011,0.863035132823944,0.952614902606207,NA,NA,0.104573738295742,0.228557509286942,0.329638269465517,0.221653769914007,0.391407989827749,0.371290776363704,0.279434416151177,0.375509001525641,0.480630071735537,0.199391210133746,0.437514426516993,NA,NA,NA,0.102272727272727,0.604933707216615,0.344603957771069,0.806861247548922,NA,0.31087283447425,NA
"58",73,"Gabon",2011,0.772996473759427,0.719913036875438,1,0.123472381710004,NA,NA,NA,NA,NA,NA,NA,NA,NA,NA,NA,NA,NA,NA,0.0227272727272727,0.321847461689493,NA,0.604918990774786,0.561736190855002,NA,NA
"59",74,"Gambia",2011,0.839515683416526,0.92076821702018,1,0.00685691343015709,0.0758981508181478,0.109146005212664,0.24816360903299,0.0249668773547634,0.302384549365932,0.409960944459711,0.181835618362801,0.21206609880892,0.140060462209815,0.386730326594469,0.141993150472233,NA,NA,NA,0.0454545454545455,0.219752527512123,0.22499975345358,0.66001214264961,0.503428456715079,0.203018708426586,NA
"60",75,"Georgia",2011,0.882838405956702,0.857705207336393,1,0.0427369826135222,0.0291841169198324,0.0378610234756419,0.0480165165352998,0.0623489485905106,0.034218012764935,0.0487230965576998,0.0349842199876131,0.0399958344322617,0.0409911215601292,0.013179798626125,0.0307901440135917,NA,NA,NA,0.0681818181818182,0.453207765080778,0.0381538970666083,0.731250459457958,0.521368491306761,0.0382084394057855,NA
"61",76,"Germany",2011,0.967323586871621,0.993466143804542,1,0.311050986402278,0.0114671940834919,0.0263520896142383,0.046959315838621,0.0160763122396479,0.045740168624749,0.0541319008727679,0.0182664950368012,0.0477709489716223,0.0724594861315947,0.00758439757681429,0.0611624550948637,1,1,0.882352941176471,0.272727272727273,0.584131559154874,0.0403990205686076,0.848307096610346,0.655525493201139,0.0370882512804738,0.96078431372549
"62",77,"Ghana",2011,0.939059918550061,0.893366140088732,1,0.0210771061937689,0.15893572578702,0.0986436776815879,0.232641446500223,0.0461282807429365,0.146496376262485,0.326734204103751,0.118376517863489,0.107008940206736,0.147890418367057,0.0901759589028224,0.109320481328338,NA,NA,NA,0.0454545454545455,0.505372062932231,0.136516397222202,0.779266040523675,0.510538553096884,0.143850184340586,NA
"63",78,"Greece",2011,0.949330623415958,0.964173022000719,1,0.194497690267363,0.0199570817668558,0.0444071328145181,0.0637886193176206,0.0311711649978967,0.0682425829022586,0.0855168031688523,0.0252259657460474,0.069546790662194,0.130772484502012,0.0108535244924071,0.0946473361358248,1,0.1,0.426470588235294,0.318181818181818,0.743782441007244,0.0644970815759366,0.885762028807974,0.597248845133681,0.0585572260460443,0.508823529411765
"64",79,"Greenland",2011,0.906400750649391,0.992963264574227,NA,NA,NA,NA,NA,NA,NA,NA,NA,NA,NA,NA,NA,NA,NA,NA,NA,NA,NA,NA,NA,NA,NA
"65",80,"Grenada",2011,0.816255396726654,0.694866964018495,NA,0.0794327803008682,0.121436793826383,0.195258487611035,0.296404422897171,0.209126078089148,0.218169319581889,0.269728889844247,0.157281035633104,0.323492558849135,0.225963102952642,0.127147314722421,0.283166581316225,NA,NA,NA,0.0113636363636364,0,0.226759360123601,0.503707453581716,NA,0.2206522350294,NA
"66",81,"Guadeloupe",2011,0.966329437051955,0.926297140219385,NA,NA,NA,NA,NA,NA,NA,NA,NA,NA,NA,NA,NA,NA,NA,NA,0.0227272727272727,0.259659921036274,NA,0.717428832769205,NA,NA,NA
"67",82,"Guam",2011,0.912548788600767,0.0122433598034219,NA,NA,NA,NA,NA,NA,NA,NA,NA,NA,NA,NA,NA,NA,NA,NA,0.0909090909090909,0.615095693714595,NA,0.513295947372928,NA,NA,NA
"68",83,"Guatemala",2011,0.940551379958,0.962822675354383,1,0.0463047648582063,0.00157344919617776,0.00346955859434615,0.00686314629777575,2.76733557709144e-05,0.00292269953763804,0.00394635929259079,0.00273373542445845,0.00446155502699423,0.00417593733113737,0.00261939078606024,0.00482180957752189,0.444444444444444,0,0.588235294117647,0.204545454545455,0.711261602461302,0.00321364504152149,0.871545219257895,0.523152382429103,0.00341957403822469,0.344226579520697
"69",84,"Guinea",2011,0.990019714957509,0.486208908388697,1,0.00424568334303369,0.0365168620030182,0.0380851455840713,0.107692326504343,0.00931951424044244,0.110555365133999,0.144200880001775,0.0563807355224204,0.0791331979104705,0.0769850758221731,0.0928864624375773,0.0701174937621023,NA,NA,NA,0.0227272727272727,0.268755750190544,0.07994734060387,0.581661457845583,0.502122841671517,0.0747157326293084,NA
"70",85,"Guinea-Bissau",2011,0.956981700630731,0.96289826279121,1,0.00596852591342491,0.00318163604372258,0.00427857114180482,0.0125300320377613,0.000907795067186185,0.0116681854856714,0.0165018125240132,0.0049938063987999,0.00925401367712553,0.00509234260463379,0.0239175144122776,0.00961363438443031,NA,NA,NA,NA,NA,0.0102436380692672,NA,0.502984262956713,0.00926721307067515,NA
"71",86,"Guyana",2011,0.918053179836046,0.93760806015995,1,0.0408995335591006,NA,NA,NA,NA,NA,NA,NA,NA,NA,NA,NA,NA,NA,NA,0.102272727272727,0.323660042946908,NA,0.726440427647635,0.52044976677955,NA,NA
"72",87,"Haiti",2011,0.887193917848083,0.702824264935682,0.333333333333333,0.00708013390232082,0.0134614396471781,0.0275934040376855,0.0574864282761839,0.00320609451343568,0.0263815801405596,0.0363305333589298,0.0259854205619118,0.0493440448860355,0.0344872824025331,0.0188255765932438,0.027921883010979,NA,NA,NA,0.0454545454545455,0.480025442477831,0.0278103019334536,0.690014541753865,0.170206733617827,0.0291839715844251,NA
"73",88,"Honduras",2011,0.968076285374835,0.9432970232748,1,0.0285886998006746,0.00562323257916266,0.00741418542900797,0.0146759905347064,0.000158470836001057,0.00663604591252088,0.00826502896947163,0.00657471459244353,0.0096571577754831,0.0118506684756286,0.00513852023784845,0.0120068467739068,0.444444444444444,0,0,0.0568181818181818,0.807123313162788,0.00753593169666301,0.906165540604141,0.514294349900337,0.00800007837419828,0.148148148148148
"74",90,"Iceland",2011,0.895340458684099,0.622203386699393,1,0.291690730283003,0.214982553373735,0.354919307930395,0.429052575170946,0.128393646594752,0.600974415317188,0.585667278514088,0.217992324125546,0.518316077100157,0.680391293005132,0.094996144180858,0.665843385481526,0.266666666666667,0.4,0.735294117647059,0.136363636363636,0.339258288432664,0.436571820539906,0.618934044605385,0.645845365141502,0.408320818254029,0.467320261437909
"75",91,"India",2011,0.888796786671647,0.186603822254426,1,0.0304778341322079,0.00505660634698944,0.00647071482381204,0.0120484733000617,0.0105864150006883,0.00782789364659828,0.0062822252610478,0.00790844225767073,0.00124349363827561,0.0246049034120859,0.0398640587342477,0.0119341771669326,1,0,0,0.295454545454545,0.695076450029617,0.0137814511396934,0.590159019651897,0.515238917066104,0.0121661275989464,0.333333333333333
"76",92,"Indonesia",2011,0.991231069216701,0.864414408027674,1,0.0618215839215343,0.121820572098918,0.0986222184628224,0.186092918932817,0.248244467708633,0.166424152640791,0.228738820815464,0.119780115113211,0.18576727159761,0.152581936911195,0.082365227109738,0.215638639421572,1,0.422222222222222,0.205882352941176,0.488636363636364,0.728798315576094,0.174942578914777,0.86148126427349,0.530910791960767,0.164188758255706,0.542701525054466
"77",93,"Iran",2011,0.826288479692626,0.883532122138781,1,0.129828172670773,0.0116863110526787,0.020322209662853,0.0261596915448025,0.0179133507386025,0.0179108738599318,0.027368265914915,0.0185187061753013,0.0209145040010998,0.0197104176338242,0.00777032056535662,0.018761250971707,0,0.222222222222222,0.735294117647059,NA,NA,0.0186084612325923,NA,0.564914086335387,0.0188214456473702,0.31917211328976
"78",94,"Iraq",2011,0.00540384226155344,0.935989742328766,1,0.0944552184526926,0.00233338687871815,0.00558466875009209,0.00952410696076538,0.0130744192367827,0.00495096383636048,0.00563685687269268,0.0054135562454585,0.00719610942511409,0.00436641353081404,0.00432345663053497,0.00493414092828342,NA,NA,NA,0.0340909090909091,0.660895591673823,0.0062369895882551,0.534096392088047,0.547227609226346,0.00612164357232877,NA
"79",95,"Ireland",2011,0.901133524895207,0.946267348470484,1,0.337500365167719,0.0332184397485512,0.0540641867875286,0.0767897909228042,0.0271222321103503,0.0875865230573924,0.0918373374609662,0.0298324912169369,0.0835778008496193,0.172658304178328,0.00962982281894763,0.105594115883385,0.9,0.7,0.838235294117647,0.215909090909091,0.589779774598572,0.0759798284469907,0.812393549321421,0.668750182583859,0.0701737313668009,0.812745098039216
"80",96,"Israel",2011,0.7312216535198,0.949625702387545,1,0.224397997607496,0.0152160442492157,0.0475642485630434,0.0752703452347354,0.0324332819614119,0.0923328135444842,0.0818917225829334,0.0387489643093652,0.0808112565761048,0.0793196917004032,0.0180574237389745,0.0701453246754116,NA,NA,NA,0.181818181818182,0.848263582720928,0.0617175598861361,0.843036979542758,0.612198998803748,0.0574355561032803,NA
"81",97,"Italy",2011,0.914681086803227,0.665611024912744,1,0.264300529661731,0.0199212868620079,0.0566310810863785,0.089729321873329,0.0467079921305454,0.0862117476352803,0.0837200854635168,0.0438275115821812,0.0889176110770782,0.267046037963181,0.0245021806672306,0.160873194366614,1,0.3,0.558823529411765,0.568181818181818,0.686527214345417,0.100225795110703,0.755606442020463,0.632150264830866,0.0880080046097584,0.619607843137255
"82",98,"Jamaica",2011,0.891983621882578,0.925385410765584,1,0.0589069837296246,0.0739567868926966,0.113792264015844,0.19398526399105,0.0555520272531568,0.120657137147305,0.141665852655153,0.0865154854137004,0.151596722120656,0.170995537860514,0.0500660860317093,0.220669573158636,NA,NA,NA,0.0568181818181818,0.519078102716612,0.124714802705104,0.778815711788258,0.529453491864812,0.125404794230947,NA
"83",99,"Japan",2011,0.985893091888138,0.793140576329038,1,0.252424151855839,0.0794444776791839,0.206125765485817,0.279207816480627,0.136054545843415,0.126823670340776,0.319815995746398,0.180828043819207,0.292003984950833,0.806131890349971,0.33895525234644,0.546573329568083,1,0.977777777777778,0.764705882352941,0.465909090909091,0.607060300506327,0.34339833912064,0.795364656241168,0.626212075927919,0.301087706600977,0.914161220043573
"84",100,"Jordan",2011,0.663823744305691,0.960775996362012,1,0.0799631161877539,0.0127599306278624,0.0278058249579298,0.0405478089486878,0.0516521187169281,0.0301519773716887,0.0387656679873899,0.0283495981677567,0.0354027584878668,0.0297716802165731,0.0150543296328586,0.0267077382639066,NA,NA,NA,0.0113636363636364,0.715423596209632,0.0319819836056211,0.780007778959112,0.539981558093877,0.0306335848526771,NA
"85",102,"Kenya",2011,0.830654817362475,0.419077285903816,1,0.0150231872138115,0.000594726417740649,0.000736118791746629,0.00138398537843548,0.000169370626020236,0.000978806791473455,0.00195921431001825,0.000409004189745319,0.000999346481768309,0.00131322022394116,0.00188386987692127,0.000825127348543889,NA,NA,NA,0.0795454545454545,0.561491879064744,0.00106724498105399,0.603741327443678,0.507511593606906,0.00102298094875951,NA
"86",103,"Kiribati",2011,0.937109971229993,0.962659411620227,1,0.00780672402983364,NA,NA,NA,NA,NA,NA,NA,NA,NA,NA,NA,1,0.666666666666667,0.294117647058824,0.0340909090909091,0.523008491882587,NA,0.807592624910935,0.503903362014917,NA,0.65359477124183
"87",104,"North Korea",2011,0.973412750585542,0.731264022401236,0,NA,NA,NA,NA,NA,NA,NA,NA,NA,NA,NA,NA,0.722222222222222,1,0.882352941176471,NA,NA,NA,NA,NA,NA,0.868191721132898
"88",105,"South Korea",2011,0.989943027424436,0.860368625056289,1,0.230036936246585,0.0667571372219344,0.179705344311982,0.262279070398832,0.0677562678091972,0.111471152858076,0.256960947523023,0.152642105884715,0.227854499535342,0.586404373620268,0.281813914389006,0.425881673987435,0.844444444444444,1,0.882352941176471,NA,NA,0.263848116950883,NA,0.615018468123293,0.238138771594528,0.908932461873638
"89",106,"Kuwait",2011,0.894443157852345,0.585342697521875,1,0.566976253985946,0.0176963798796906,0.0406716235321725,0.0609371775806343,0.047690505258313,0.0402170327886968,0.0490062670172351,0.0405188074643348,0.0431354912359387,0.0702595473695432,0.0281924298118332,0.0709464595920562,NA,NA,NA,0.0681818181818182,0.532999688311284,0.0487458175672439,0.670928514561835,0.783488126992973,0.0462974292300408,NA
"90",109,"Latvia",2011,0.96823968796789,0.868101456423584,1,0.141077585593441,0.0508379435511411,0.0943548500470346,0.142523299833471,0.0435783475332165,0.150545101827108,0.189957328883802,0.0746142026837974,0.152559376275071,0.21039173883749,0.0278677072588277,0.143034109707353,NA,NA,NA,0.227272727272727,0.320930006214069,0.124068489125833,0.719090383535181,0.57053879279672,0.116387636948937,NA
"91",110,"Lebanon",2011,0.926613689737213,0.863460105159116,1,0.11829336713101,0.0115092234651446,0.0348673948697665,0.0580139889267011,0.0442568715727881,0.038914551356714,0.0455750568816124,0.0328495910591207,0.0408937512884789,0.0432277605850287,0.0219598551483402,0.04998030489804,NA,NA,NA,0.0454545454545455,0.641391802946562,0.0397072178487654,0.810488532614297,0.559146683565505,0.038368031822885,NA
"92",112,"Liberia",2011,0.657847230594364,0.833313514622944,1,0.000865166595131247,NA,NA,NA,NA,NA,NA,NA,NA,NA,NA,NA,NA,NA,NA,0.0454545454545455,0.286073552712298,NA,0.592411432643202,0.500432583297566,NA,NA
"93",113,"Libya",2011,0.826178739893913,0.936471807400851,NA,0.0779496375663575,0.0119593716546283,0.0114719040362661,0.0249237338372954,0.0100270256660262,0.020175648688348,0.0206463591213818,0.011653132582763,0.0208344428704817,0.0198224891656216,0.00563330872853827,0.0181165707111699,NA,NA,NA,0.0340909090909091,0.160520262006554,0.0158636221917913,0.641056936433773,NA,0.0159330897329564,NA
"94",114,"Lithuania",2011,0.8186713108911,0.602717649603634,1,0.164228844429563,0.126066563711986,0.161560299120557,0.190701647498511,0.0724699788900134,0.242973063981109,0.359816579864835,0.123037315365916,0.259799613622532,0.379516278170217,0.0259708607176984,0.201112356527815,NA,NA,NA,0.170454545454545,0.450901467683804,0.208087005892517,0.624096809392846,0.582114422214782,0.194820414315563,NA
"95",117,"Madagascar",2011,0.998788390059265,0.7340246848288,0.833333333333333,0.00565167269287035,0.035522574367281,0.0181880565625806,0.0449417849887727,0.017318422033039,0.0502511482732397,0.0590746232819336,0.023535768213762,0.0303785531979259,0.0644170374811699,0.0297097257146962,0.0257349793818548,1,0,0,0.102272727272727,0.536347013067074,0.0375525321972026,0.756386695985046,0.419492503013102,0.036279333954205,0.333333333333333
"96",119,"Malaysia",2011,0.915532653310808,0.861717426437721,1,0.15916967976851,0.170407295856893,0.220083458112213,0.361867142121701,0.317927806282343,0.45249689539604,0.439268791272307,0.274434966951649,0.37194858843221,0.493064427992495,0.191893045065033,0.58146241018617,1,0.811111111111111,0.485294117647059,0.534090909090909,0.640127623659392,0.390312116447281,0.80579256780264,0.579584839884255,0.352259529788096,0.765468409586057
"97",120,"Maldives",2011,0.77826958380624,0.96458729894895,1,0.0787249167230336,1,1,1,1,1,1,1,1,1,0.556888156821293,1,NA,NA,NA,NA,NA,0.944611019602662,NA,0.539362458361517,0.959717105165572,NA
"98",122,"Malta",2011,0.893614290647662,0.917772573103099,1,0.206444479900045,0.0687345568098185,0.111053036982987,0.156837721857895,0.104863973163845,0.182310421763905,0.194654544099969,0.110517024240441,0.166335193573244,0.372147601520931,0.0575740936651668,0.238080555601646,NA,NA,NA,0.0795454545454545,0.71286876352384,0.178310425953643,0.841418542424867,0.603222239950023,0.160282611207259,NA
"99",123,"Marshall Islands",2011,0.981931012880461,0.875699230082126,NA,0.0216344083121911,NA,NA,NA,NA,NA,NA,NA,NA,NA,NA,NA,NA,NA,NA,0,0,NA,0.619210080987529,NA,NA,NA
"100",124,"Martinique",2011,0.734693149481273,0.620638483779019,NA,NA,NA,NA,NA,NA,NA,NA,NA,NA,NA,NA,NA,NA,NA,NA,0.0454545454545455,0.392210521441812,NA,0.582514051567368,NA,NA,NA
"101",125,"Mauritania",2011,0.914408307238637,0.987417272895317,1,0.0206583805429651,0.0244556194715066,0.026812237783554,0.0506222678014503,0.00725421597216959,0.0619354640593165,0.132210799042629,0.0277893980983784,0.0650662749465509,0.0389364574894982,0.0248749183702341,0.0157089736318404,NA,NA,NA,NA,NA,0.0467220627013271,NA,0.510329190271482,0.0432424206061025,NA
"102",126,"Mauritius",2011,0.825942935142469,0.912269435851153,1,0.116570524560619,0.0368369964606283,0.0940393572886253,0.163620859136286,0.0831139871700752,0.191311260448793,0.243547300364697,0.106485197490668,0.152919387321432,0.194524454098081,0.376272776913946,0.154494569037269,NA,NA,NA,0.125,0.528245086550694,0.18783361660562,0.755485819181439,0.55828526228031,0.163378740520955,NA
"103",127,"Mayotte",2011,0.79432547626821,0.745456497956817,NA,NA,NA,NA,NA,NA,NA,NA,NA,NA,NA,NA,NA,NA,NA,NA,0.0568181818181818,0.448098516377246,NA,0.662626830200758,NA,NA,NA
"104",128,"Mexico",2011,0.935161573003886,0.868040868261949,1,0.113201992804511,0.0141034864550231,0.0322606996340646,0.0575673427314515,0.00362602103480233,0.0197944392825803,0.024292408061439,0.0164750845194777,0.0337216444857991,0.035150340902356,0.0253386792762333,0.0251418147726257,0.944444444444444,0.266666666666667,0.323529411764706,0.511363636363636,0.539758668905426,0.0229425540419142,0.780987036723754,0.556600996402255,0.0261338146505321,0.511546840958606
"105",129,"Micronesia",2011,0.881765458914392,0.718695033814935,NA,0.0209227994244208,NA,NA,NA,NA,NA,NA,NA,NA,NA,NA,NA,NA,NA,NA,NA,NA,NA,NA,NA,NA,NA
"106",130,"Republic of Moldova",2011,0.980392731111068,0.732892952194525,1,0.0266823370434374,0.0253069360939198,0.0493024199375135,0.0863876753736377,0.0438492860358987,0.104868698296149,0.111183889255963,0.0453311772866046,0.0906228062853363,0.0846099973969766,0.0169794987323556,0.0889071525731822,NA,NA,NA,NA,NA,0.0732940632328083,NA,0.513341168521719,0.0679408670243216,NA
"107",132,"Montenegro",2011,0.777333370889355,0.714865895409406,1,0.101860445257426,0.0157369098957475,0.0292830809571501,0.0427812218997946,0.0247596360138654,0.0429032621223921,0.0637371571442451,0.0206071356234341,0.0429607366793343,0.0905319359668807,0.00762898387275619,0.0549341382359618,NA,NA,NA,0.0681818181818182,0.665612958227268,0.0435078732073587,0.719270741508676,0.550930222628713,0.0396240180374147,NA
"108",133,"Morocco",2011,0.967786840354859,0.924282189430698,1,0.0459160016868876,0.040728727559783,0.0526066665107635,0.0788900448804816,0.050571677031277,0.0468608212454122,0.0675274639109677,0.0373969431708862,0.0971495864270514,0.0432384257838136,0.0307658538057592,0.0855415736113772,0.811111111111111,0.366666666666667,0.514705882352941,0.204545454545455,0.204918293623347,0.0573815431233181,0.698995774469635,0.522958000843444,0.0573888894488702,0.564161220043573
"109",134,"Mozambique",2011,0.892404907662475,0.736727390424867,1,0.0025071104709128,0.0116374355991584,0.0232596979109738,0.0622022889920676,0.0275732956985384,0.034135324812482,0.0452800917228744,0.0283960448058303,0.0356307991177433,0.0971189134403675,0.0483136692408655,0.032825577627798,NA,NA,NA,0.125,0.324393423793191,0.0436592145583124,0.651175240626844,0.501253555235456,0.0405793762698817,NA
"110",135,"Myanmar",2011,0.917959454898182,0.822562161352715,1,NA,NA,NA,NA,NA,NA,NA,NA,NA,NA,NA,NA,1,0,0,0.25,0.610310837829708,NA,0.783610818026868,NA,NA,0.333333333333333
"111",136,"Namibia",2011,0.987440377360807,0.812089961280663,0.166666666666667,0.0599893783010226,0.0563525777077279,0.0513040834831874,0.100326472439529,0.0547678176384714,0.0894812083058828,0.192052688264421,0.0525731340530852,0.0862145844818677,0.0676714687915658,0.0669528079577979,0.0695602062616832,0.377777777777778,1,1,0.102272727272727,0.249210003313906,0.0849092394693468,0.682913447318459,0.113328022483845,0.0806597317622926,0.792592592592593
"112",138,"Netherlands",2011,0.966801913079809,0.743911549661617,1,0.3428546602517,0.0488494915468886,0.0739787135363941,0.0904999942777784,0.0367436826452017,0.11896292128854,0.138690690655556,0.0410062024760632,0.108808332191642,0.154223092676762,0.0102643324485858,0.0925214328224945,0.988888888888889,1,0.897058823529412,0.136363636363636,0.560531623789539,0.0876525859006056,0.757081695510322,0.67142733012585,0.0831408078696278,0.9619825708061
"113",139,"Netherlands Antilles",2011,0.79443279094189,0.857055607472058,NA,NA,NA,NA,NA,NA,NA,NA,NA,NA,NA,NA,NA,NA,NA,NA,0,NA,NA,NA,NA,NA,NA
"114",140,"New Caledonia",2011,0.838619799137127,0.780358595674343,NA,NA,0.0641572655734552,0.143204336843904,0.212055125590759,0.0865496252058758,0.255933336936439,0.248510394202806,0.158254297081161,0.214720035703429,0.443921085450606,0.116129537300621,0.312033476911769,NA,NA,NA,0.0340909090909091,0.643864209194267,0.229506473599088,0.754280868001913,NA,0.205042592436439,NA
"115",141,"New Zealand",2011,0.975954062861258,0.935466882892236,1,0.237197219781529,0.0554171833578213,0.0773407563756184,0.101885093764,0.0352481164012313,0.141256095325478,0.139758348346839,0.0500129261583135,0.123341442286337,0.155070386689291,0.0172495685604275,0.109933969119702,0,1,0.882352941176471,0.0340909090909091,0.617297353459832,0.0964838566109524,0.842906099737775,0.618598609890764,0.0915012623986417,0.627450980392157
"116",142,"Nicaragua",2011,0.934833949142222,0.95726901380078,1,0.0270134224417473,0.0132042757758185,0.0216616113027834,0.038977965101514,0.000152415397101513,0.0207353499495389,0.0268060437796931,0.0200839141504753,0.0333097304402713,0.029059710574134,0.012469947484022,0.0305382350171705,1,0.222222222222222,0.294117647058824,0.0568181818181818,0.654456189753888,0.0216444183490508,0.848853050898964,0.513506711220874,0.0224544726338657,0.505446623093682
"117",144,"Nigeria",2011,0.850028743365462,0.873930152062341,1,0.0345579747760867,0.0500388637845709,0.0500526984342408,0.117398767835359,0.0108736910775215,0.0695272101079801,0.15560263691488,0.0458524367075579,0.0682760316039348,0.0526348909756333,0.155304791863093,0.0593832151146444,0.544444444444445,0.588888888888889,0.441176470588235,0.204545454545455,0.633995195785083,0.0771818630456557,0.785984697070962,0.517278987388043,0.0759041122199469,0.52483660130719
"118",145,"Norway",2011,0.934270046423787,0.846027904963169,1,0.465314310155108,0.0504632254194231,0.122743208309334,0.211180026247743,0.0693782413401956,0.199456931094815,0.215947479026579,0.0746354886666001,0.218947077942402,0.225417661115144,0.0404088846153038,0.283846907915146,1,0,0.294117647058824,0.159090909090909,0.654144835917111,0.166004833964523,0.811480929101356,0.732657155077554,0.155675011972062,0.431372549019608
"119",146,"Oman",2011,0.921840111414091,0.935740324962189,1,0.313573078112933,NA,NA,NA,NA,NA,NA,NA,NA,NA,NA,NA,NA,NA,NA,0.0909090909090909,0.234688029795531,NA,0.69742282205727,0.656786539056467,NA,NA
"120",147,"Pakistan",2011,0.990998503907892,0.883283922789969,1,0.0277557428709898,0.00210700188448084,0.00280243879459074,0.00403754499075953,0.00077198368354722,0.00117925601832346,0.00451342737508117,0.00145856892771017,0.00392779529610524,0.00420854153937943,0.00167368746610159,0.00462523163677609,0.333333333333333,0.222222222222222,0.588235294117647,0.102272727272727,0.626851398167396,0.00279481149287805,0.833711274955085,0.513877871435495,0.00284595251025959,0.381263616557734
"121",148,"Palau",2011,0.570627448664382,0.850955005190415,NA,0.093008030693564,NA,NA,NA,NA,NA,NA,NA,NA,NA,NA,NA,NA,NA,NA,0.0681818181818182,0.450629059981368,NA,0.624070504612055,NA,NA,NA
"122",149,"Palestine",2011,0.626145066208074,0.921582600945283,NA,NA,NA,NA,NA,NA,NA,NA,NA,NA,NA,NA,NA,NA,NA,NA,NA,NA,NA,NA,NA,NA,NA
"123",150,"Panama",2011,0.920646437266464,0.805589673807158,1,0.119055912233905,0.0254349917733827,0.0552677025713078,0.0884019595256978,0.00236502432748356,0.0478561615948012,0.0501656422647979,0.0334439331148487,0.093675096812437,0.0639690798111893,0.0455127469365829,0.0573288275561611,1,0.222222222222222,0.588235294117647,0.181818181818182,0.492326275069213,0.0492895640522877,0.739520795380945,0.559527956116952,0.0512201060262445,0.603485838779956
"124",151,"Papua New Guinea",2011,0.874101831367201,0.938532240045992,NA,0.012943791137548,NA,NA,NA,NA,NA,NA,NA,NA,NA,NA,NA,NA,NA,NA,0.102272727272727,0.386846287484631,NA,0.733160119632608,NA,NA,NA
"125",153,"Peru",2011,0.9998754778648,0.947892901071223,1,0.0731196858733651,0.090873093863239,0.112421349428671,0.180220907581101,0.00358603697174864,0.0813874570642908,0.097309695316275,0.0843172076702499,0.134386316895817,0.172218780130213,0.098105543955926,0.140242518332422,1,0.233333333333333,0.308823529411765,0.284090909090909,0.399741925951616,0.101444194542118,0.782503434962546,0.536559842936683,0.108642627928178,0.514052287581699
"126",154,"Philippines",2011,0.826112450176882,0.771954432165024,1,0.0384793142786945,0.229293896811321,0.143872859096539,0.24700452904577,0.0960798142210723,0.24684082773806,0.314534043461955,0.187378031232986,0.22039133107382,0.19713573721182,0.139716004994904,0.374458423157837,1,0.5,0.220588235294118,0.352272727272727,0.712498585379908,0.222066776636557,0.770188489240605,0.519239657139347,0.217882318004189,0.573529411764706
"127",155,"Poland",2011,0.898905989753085,0.87632402693872,1,0.164066297978357,0.025179131689948,0.0340394407599172,0.0522934627682335,0.018500922085903,0.0527261109973757,0.0691409934137092,0.0261113036892194,0.0573368458595814,0.0674006654832869,0.00982518914765975,0.04691983520807,0.444444444444444,0.444444444444444,0.588235294117647,0.136363636363636,0.575046585398121,0.0434952332356007,0.783425534029975,0.582033148989178,0.0417703546457185,0.492374727668845
"128",156,"Portugal",2011,0.969702056641316,0.995129414475974,1,0.197117909098332,0.0584631638237405,0.143604382303654,0.242245862073128,0.0804552135015748,0.22736193745716,0.236144790316499,0.111502738634851,0.223737581428684,0.393475777174436,0.056628677637659,0.297003722180808,0.855555555555556,0.733333333333333,0.823529411764706,0.431818181818182,0.490613715465018,0.203288804791459,0.81848172886077,0.598558954549166,0.188238531502927,0.804139433551198
"129",157,"Qatar",2011,0.81920060348965,0.775846754573889,NA,1,NA,NA,NA,NA,NA,NA,NA,NA,NA,NA,NA,NA,NA,NA,0.0227272727272727,0.304825193900682,NA,0.63329085065474,NA,NA,NA
"130",158,"Reunion",2011,0.868437288629657,0.879903973648927,NA,NA,NA,NA,NA,NA,NA,NA,NA,NA,NA,NA,NA,NA,NA,NA,NA,NA,NA,NA,NA,NA,NA
"131",159,"Reunion",2011,0.868437288629657,0.879903973648927,NA,NA,NA,NA,NA,NA,NA,NA,NA,NA,NA,NA,NA,NA,NA,NA,NA,NA,NA,NA,NA,NA,NA
"132",160,"Romania",2011,0.998634583876061,0.865157220125844,1,0.127395968398573,0.0102071233529496,0.0169036209373306,0.0239246741080492,0.0101231799803121,0.0302070724290108,0.03794114064151,0.0132602813207657,0.0265423205509677,0.0344767621113403,0.00403414567039848,0.025881526294363,NA,NA,NA,0.363636363636364,0.770122311738246,0.0228083036248335,0.877971371913384,0.563697984199286,0.0212274406724543,NA
"133",161,"Russian Federation",2011,0.958256225734415,0.895174360827107,1,0.164439330847946,0.0331299481063011,0.0579763966842364,0.0900571318280715,0.0437418383280652,0.10780641917604,0.123513452426946,0.0539713926961876,0.100162060136659,0.12486262156479,0.0212673796029068,0.0975158663706005,0.922222222222222,0.966666666666667,0.955882352941177,NA,NA,0.0841051287877745,NA,0.582219665423973,0.0776367733564368,0.948257080610022
"134",163,"Saint Helena",2011,0.771323296213473,0.670808401899938,NA,NA,NA,NA,NA,NA,NA,NA,NA,NA,NA,NA,NA,NA,NA,NA,NA,NA,NA,NA,NA,NA,NA
"135",164,"Saint Kitts and Nevis",2011,0.895413837606749,0.967659086322737,NA,0.14947457046913,0.0740469995350076,0.172851075522527,0.32485651165864,0.327026139561541,0.194632882478331,0.186636490216818,0.15477851054632,0.334280854351908,0.280804946217789,0.240774885496889,0.420066559267649,NA,NA,NA,0.0113636363636364,0.00144716660415504,0.267375158517156,0.621506696844547,NA,0.24643235044122,NA
"136",165,"Saint Lucia",2011,0.566833335603522,0.990080139728457,NA,0.0743151888048192,0.205880966324372,0.172700506153693,0.24156201386845,0.283956285399036,0.169671272845332,0.20621337916496,0.133582458929584,0.300426601349525,0.219918157157983,0.159280773870944,0.297126507431842,NA,NA,NA,0.0340909090909091,0.40240431849863,0.221271929518651,0.65310593127687,NA,0.217301720226884,NA
"137",166,"Saint Vincent and the Grenadines",2011,0.881999590519067,0.76084696369411,1,0.0693219415986331,0.0517071007334144,0.0845174794968148,0.1364305307858,0.07924641467757,0.0884534964598678,0.100154722196671,0.0693837028485014,0.12529245691343,0.102218115004365,0.0556477679337248,0.135754679714611,NA,NA,NA,NA,NA,0.0945189194685927,NA,0.534660970799317,0.0935278606149791,NA
"138",167,"Samoa",2011,0.990428739809502,0.994486367076995,1,0.0378575928293794,NA,NA,NA,NA,NA,NA,NA,NA,NA,NA,NA,NA,NA,NA,0.0795454545454545,0.178913299794841,NA,0.721276135560446,0.51892879641469,NA,NA
"139",168,"Sao Tome and Principe",2011,0.966112660921455,0.822647012969372,1,0.0166501498498505,NA,NA,NA,NA,NA,NA,NA,NA,NA,NA,NA,NA,NA,NA,NA,NA,NA,NA,0.508325074924925,NA,NA
"140",169,"Saudi Arabia",2011,0.958107869329884,0.999622201883943,1,0.350987226245934,0.0123996395021647,0.0225725466908668,0.0367009491988398,0.0344647545479919,0.0244198634124471,0.0304554110811777,0.0213646321897195,0.0283792315643412,0.0233482551121346,0.0131167808404799,0.0343776010471193,0.966666666666667,0.0333333333333333,0.573529411764706,0.204545454545455,0.611285164962912,0.0262408162244264,0.856338412058913,0.675493613122967,0.0255999695624802,0.524509803921569
"141",170,"Senegal",2011,0.887775357186214,0.69262033702658,1,0.0115497867795054,0.0667167814298727,0.118708706211197,0.249239724018971,0.0395844949179002,0.30633772306353,0.449340118596501,0.183087335296143,0.219937487879438,0.185335284047138,0.270384271524826,0.11123727586682,0.666666666666667,0.744444444444444,0.735294117647059,0.113636363636364,0.218744604319243,0.220655498899037,0.599713432844012,0.505774893389753,0.199991745713849,0.715468409586057
"142",173,"Seychelles",2011,0.851827523546953,0.460358613887012,NA,0.164338956541671,NA,NA,NA,NA,NA,NA,NA,NA,NA,NA,NA,NA,NA,NA,0,0,NA,0.437395379144655,NA,NA,NA
"143",174,"Sierra Leone",2011,0.970485186490793,0.987275568767779,1,0.00567414455248415,NA,NA,NA,NA,NA,NA,NA,NA,NA,NA,NA,NA,NA,NA,0.0113636363636364,0.167874641656216,NA,0.70854513230493,0.502837072276242,NA,NA
"144",175,"Singapore",2011,0.950267730517038,0.842743834072851,NA,0.55679275627096,NA,NA,NA,NA,NA,NA,NA,NA,NA,NA,NA,NA,NA,NA,0.534090909090909,0.719616886771552,NA,0.83754281712048,NA,NA,NA
"145",177,"Slovenia",2011,0.98248935278335,0.972021716226676,1,0.208961328176791,0.0135484947521872,0.0303655887132214,0.0462055937265206,0.0243243528994495,0.0501838748391116,0.0587966487848951,0.0230919680203318,0.0485717048719147,0.0939942806905465,0.0104869393251365,0.0608236994949982,NA,NA,NA,0.306818181818182,0.736701851978278,0.046284183615798,0.897070973662768,0.604480664088395,0.0418539223743921,NA
"146",178,"Solomon Islands",2011,0.89723579993081,0.977175700668212,1,0.0101819995910122,NA,NA,NA,NA,NA,NA,NA,NA,NA,NA,NA,NA,NA,NA,0.0340909090909091,0.598981809743892,NA,0.824464436780972,0.505090999795506,NA,NA
"147",179,"Somalia",2011,0.83850063173359,0.926674123317323,NA,NA,NA,NA,NA,NA,NA,NA,NA,NA,NA,NA,NA,NA,NA,NA,NA,NA,NA,NA,NA,NA,NA
"148",180,"South Africa",2011,0.990974797460937,0.940945294891252,1,0.0874439982531875,0.0132696548139449,0.0246109950548498,0.0431482540942562,0.0141374091475252,0.0255128021607263,0.0500682349260861,0.015317420602324,0.0394345641000704,0.0295959652702872,0.0687171567130286,0.0250174295133082,0.155555555555556,0.955555555555555,0.897058823529412,0.295454545454545,0.400109405271682,0.0334751228041695,0.777343165874624,0.543721999126594,0.0317118078542188,0.669389978213508
"149",181,"Spain",2011,0.993173424636354,0.965012106236063,1,0.239048151951718,0.0328243734040273,0.110000724206391,0.171318861702784,0.11015029865788,0.154868133231563,0.169984382781776,0.0855964693801955,0.153235548631942,0.40935325374783,0.0512667707294646,0.295803892892461,1,0.955555555555555,0.852941176470588,0.897727272727273,0.616540795220602,0.178782343756639,0.858242108697673,0.619524075975859,0.158582064487847,0.936165577342048
"150",182,"Sri Lanka",2011,0.830375363892313,0.924326768056877,1,0.0624133428913643,0.417808815705708,0.120093434114386,0.261031657152033,0.259713402374541,0.0702665021013093,0.166478112016122,0.0369136775941924,0.107359712946741,0.584848645710549,1,0.1591713240177,1,0,0,0.193181818181818,0.461903970247949,0.298093922095145,0.73886870073238,0.531206671445682,0.289425934884844,0.333333333333333
"151",183,"Saint Pierre and Miquelon",2011,0.989344222569666,0.927105438082958,NA,NA,NA,NA,NA,NA,NA,NA,NA,NA,NA,NA,NA,NA,NA,NA,NA,NA,NA,NA,NA,NA,NA
"152",184,"Sudan",2011,0.606263053468464,0.713402640815038,NA,0.0214321615756669,NA,NA,NA,NA,NA,NA,NA,NA,NA,NA,NA,NA,NA,NA,0,NA,NA,NA,NA,NA,NA
"153",185,"Sudan (former)",2011,0.988264630152082,0.860966441218212,1,NA,0.000985118450839756,0.00129564679977826,0.00214038607169134,0.000892117535875266,0.00234028479718884,0.00433523163775818,0.000756827339244811,0.00195671352107862,0.00359109028907084,0.000728860947778616,0.00122447556978507,NA,NA,NA,0.0227272727272727,0.462747918384665,0.00197820020472253,0.770659663251653,NA,0.00184061390546269,NA
"154",186,"Suriname",2011,0.849771041569654,0.858788388201487,1,0.108633463745025,0.023396488535954,0.0635364971633954,0.133537370202798,0.0199888766431767,0.0704031055828673,0.059949623366385,0.0451782360932691,0.139764840624834,0.0883780681586385,0.066896968752353,0.120426900363877,NA,NA,NA,0.0568181818181818,0.303147672350365,0.0763733274481751,0.670569034040502,0.554316731872513,0.0755869977715953,NA
"155",188,"Sweden",2011,0.974904438936185,0.97726900794694,1,0.322786540554591,0.0429255628028148,0.0710538811582382,0.112076762179567,0.032725390278487,0.118857348472386,0.147499247148447,0.0557008122564491,0.117029585573946,0.18156986026416,0.0208265610511961,0.198936922188836,0.255555555555556,0.511111111111111,0.705882352941177,0.102272727272727,0.528664313267613,0.109143215904238,0.826945920050246,0.661393270277295,0.0999274484885933,0.490849673202614
"156",190,"Syrian Arab Republic",2011,0.978749264569117,0.835240703933808,NA,NA,0.0116690489005526,0.0300082589267309,0.0436825833218439,0.0255736020553032,0.0311020621470029,0.0428311545559177,0.016985693344177,0.0310987827517646,0.0831066873936046,0.0103759623555553,0.0732500253635928,NA,NA,NA,0.0568181818181818,0.722248205227691,0.0392904962458648,0.845412724576872,NA,0.036334896465095,NA
"157",191,"Taiwan",2011,0.991271878860449,0.836957748866662,NA,NA,NA,NA,NA,NA,NA,NA,NA,NA,NA,NA,NA,0.6,0.277777777777778,0.470588235294118,NA,NA,NA,NA,NA,NA,0.449455337690632
"158",192,"United Republic of Tanzania",2011,0.875013712822375,0.988728770688384,1,0.011908587471339,0.00235838641954775,0.00388719385467452,0.0081673911807043,0.00113128315065164,0.00518641581509014,0.00876423479712858,0.00246561873646505,0.00466051652379852,0.0049617712035672,0.0111829631188913,0.00480320948123062,NA,NA,NA,NA,NA,0.00539450160335288,NA,0.505954293735669,0.0052335440256136,NA
"159",193,"Thailand",2011,0.999338148505609,0.800308324930643,1,0.0976567093856718,0.0736383829172415,0.0840653743102804,0.149224508479637,0.0841820757603712,0.14982941047956,0.202023517805368,0.104896197733715,0.134241710211367,0.225229928499213,0.0576033825708692,0.263382509664839,0.922222222222222,0.177777777777778,0.117647058823529,0.431818181818182,0.675767691097329,0.152673591590663,0.825138054844527,0.548828354692836,0.138937908948405,0.405882352941176
"160",194,"Timor-Leste",2011,0.571634838649149,0.89803150977284,1,0.0101003518344154,NA,NA,NA,NA,NA,NA,NA,NA,NA,NA,NA,NA,NA,NA,NA,NA,NA,NA,0.505050175917208,NA,NA
"161",195,"Togo",2011,0.941965493060508,0.604104657682297,1,0.00477901547786784,NA,NA,NA,NA,NA,NA,NA,NA,NA,NA,NA,NA,NA,NA,0.0454545454545455,0.222599421650668,NA,0.589556524131158,0.502389507738934,NA,NA
"162",196,"Tonga",2011,0.82395206216851,0.975833272068236,NA,0.0330605998638205,NA,NA,NA,NA,NA,NA,NA,NA,NA,NA,NA,1,0.666666666666667,0.588235294117647,0.0795454545454545,0.573258848630796,NA,0.791014727622514,NA,NA,0.751633986928105
"163",197,"Trinidad and Tobago",2011,0.912960001019814,0.899988225172297,1,0.21833583894568,0.0460383398799133,0.0852897917110777,0.15694279458529,0.163093927438741,0.0906597787864391,0.109135046627848,0.0737850531950513,0.174237277458858,0.100286264948365,0.0910515106297853,0.186308856814313,NA,NA,NA,0.0340909090909091,0.179192136918862,0.123569714487425,0.664046787703658,0.60916791947284,0.116075331097789,NA
"164",198,"Tunisia",2011,0.924269516244784,0.979768070979043,1,0.0719211866939625,0.032757287588981,0.0582787435590239,0.0824231378086042,0.063310443289858,0.103082842168206,0.141986930577896,0.0662582908912523,0.112561247197134,0.0924945547349546,0.0226882310569161,0.0833283467690567,NA,NA,NA,0.295454545454545,0.534012039062487,0.0857138608356591,0.812683208762105,0.535960593346981,0.0781063686947166,NA
"165",199,"Turkey",2011,0.991826498003883,0.949618991850679,1,0.129262630870492,0.0105790110796087,0.0234383163374068,0.0301330770825507,0.0230931550069554,0.0215966374211214,0.0337501207043794,0.0189120481708407,0.0243096208787987,0.0347724025809201,0.00763783770374114,0.0240769938755145,0.6,0.244444444444444,0.602941176470588,0.261363636363636,0.637612684744406,0.0235186020427839,0.859686058199656,0.564631315435246,0.0229362928038034,0.482461873638344
"166",201,"Turks and Caicos Islands",2011,0.907641913246753,0.887607008918711,NA,NA,NA,NA,NA,NA,NA,NA,NA,NA,NA,NA,NA,NA,NA,NA,NA,NA,NA,NA,NA,NA,NA
"167",202,"Tuvalu",2011,0.908203616877645,0.866194899941448,NA,0.0215063187123924,NA,NA,NA,NA,NA,NA,NA,NA,NA,NA,NA,NA,NA,NA,0,0.133640550458273,NA,0.636013022425789,NA,NA,NA
"168",204,"Ukraine",2011,0.866355188062032,0.906922665363115,1,0.0574141031892812,0.0361627532026081,0.0599424666516982,0.089187931133532,0.0411364736306588,0.106723612272703,0.135339224299453,0.0598789639776796,0.0920642586916895,0.143213506508211,0.0198124485483006,0.0985277485321136,0.744444444444444,0.944444444444444,0.764705882352941,0.375,0.567379113773218,0.087087029557601,0.780218989066122,0.528707051594641,0.0801808534044224,0.817864923747277
"169",205,"USSR",2011,0.886727855598208,0.981004116039969,NA,NA,NA,NA,NA,NA,NA,NA,NA,NA,NA,NA,NA,NA,NA,NA,NA,NA,NA,NA,NA,NA,NA
"170",206,"United Arab Emirates",2011,0.958702787321061,0.73469255392666,1,0.426793048405135,0.0255827038337064,0.0744392756827647,0.115851306895835,0.106527813999395,0.07359269102215,0.087504186921503,0.072205122224984,0.0932827909857076,0.0634771764987515,0.0499861291846771,0.0781285198499528,NA,NA,NA,0.136363636363636,0.351765547181397,0.0780880538358901,0.68172029614304,0.713396524202567,0.0764161560999479,NA
"171",207,"United Kingdom",2011,0.939791305246158,0.887479926500335,1,0.269460817691046,0.020025172683866,0.0473043132151073,0.0782626443893666,0.0311269300167355,0.0728600023705493,0.0789265428005825,0.03534129824289,0.0699570387320945,0.10935151002647,0.0195780104462744,0.130131435218892,0.988888888888889,0.1,0.367647058823529,0.397727272727273,0.630638454491652,0.068409095981811,0.819303228746048,0.634730408845523,0.0629877180129844,0.485511982570806
"172",208,"United States of America",2011,0.938614376342411,0.891090526836551,1,0.368271082536893,0.00903105449314856,0.0432696421467437,0.0717076503231562,0.0288132981991924,0.0386790489707956,0.0480155746900168,0.0234062803862585,0.0583608865008368,0.145349251206923,0.0199386557488471,0.171295640630509,0.3,0.7,0.705882352941177,0.488636363636364,0.527727330437092,0.0667323295416724,0.785810744538685,0.684135541268447,0.0598060893905843,0.568627450980392
"173",209,"Uruguay",2011,0.996337875768502,0.874942809619416,1,0.129495589148489,0.0101832284760709,0.0177426848395722,0.0259764672731076,0.00299436003687423,0.0239437473516693,0.0226352297604284,0.0162085952699694,0.0355526271406195,0.0264870405034592,0.00706211482547209,0.0197914101509156,NA,NA,NA,0.136363636363636,0.225974145676284,0.019334390629926,0.699084943688067,0.564747794574244,0.0189615914207417,NA
"174",211,"Vanuatu",2011,0.802376743120652,0.895573595746718,1,0.0172141935261569,NA,NA,NA,NA,NA,NA,NA,NA,NA,NA,NA,NA,NA,NA,0.0681818181818182,0.23479110633851,NA,0.64424714840196,0.508607096763078,NA,NA
"175",212,"Venezuela",2011,0.963434765460943,0.684283569920531,1,0.122732308466723,0.0193639957513771,0.047312389991934,0.0773997085122271,0.00276195229190975,0.0440100225218311,0.038533578044807,0.0375850187838532,0.0775520172992394,0.0747088770246066,0.0466664052180995,0.0760058857843164,0,0.222222222222222,0.294117647058824,NA,NA,0.0497279696210829,NA,0.561366154233361,0.0492636228385637,0.172113289760349
"176",213,"Viet Nam",2011,0.942426932318586,0.688976588337106,1,0.0307107924102043,NA,NA,NA,NA,NA,NA,NA,NA,NA,NA,NA,0.966666666666667,0.2,0.176470588235294,0.272727272727273,0.714553940034637,NA,0.78198582023011,0.515355396205102,NA,0.447712418300654
"177",214,"Yemen",2011,0.957275698992389,0.853558379396833,1,0.0224651180559145,NA,NA,NA,NA,NA,NA,NA,NA,NA,NA,NA,NA,NA,NA,0,0.232144081979009,NA,0.680992720122744,0.511232559027957,NA,NA
"178",215,"Yugoslavia SFR",2011,0.976064045865471,0.673451608482488,NA,NA,NA,NA,NA,NA,NA,NA,NA,NA,NA,NA,NA,NA,NA,NA,0.0681818181818182,NA,NA,NA,NA,NA,NA
"179",219,"Southern Africa",2011,NA,NA,1,0.083483707527249,NA,NA,NA,NA,NA,NA,NA,NA,NA,NA,NA,NA,NA,NA,NA,NA,NA,NA,0.541741853763624,NA,NA
"180",221,"Eastern Asia",2011,NA,NA,1,0.221046694277092,NA,NA,NA,NA,NA,NA,NA,NA,NA,NA,NA,NA,NA,NA,NA,NA,NA,NA,0.610523347138546,NA,NA
"181",223,"Southern Asia",2011,NA,NA,1,0.038996916111799,NA,NA,NA,NA,NA,NA,NA,NA,NA,NA,NA,NA,NA,NA,NA,NA,NA,NA,0.519498458055899,NA,NA
"182",224,"West Bank and Gaza Strip",2011,NA,NA,NA,0.0280269033103296,NA,NA,NA,NA,NA,NA,NA,NA,NA,NA,NA,NA,NA,NA,NA,NA,NA,NA,NA,NA,NA
"183",225,"Anguilla",2011,NA,NA,NA,NA,NA,NA,NA,NA,NA,NA,NA,NA,NA,NA,NA,NA,NA,NA,NA,NA,NA,NA,NA,NA,NA
"184",226,"British Virgin Islands",2011,NA,NA,NA,NA,NA,NA,NA,NA,NA,NA,NA,NA,NA,NA,NA,NA,NA,NA,NA,NA,NA,NA,NA,NA,NA
"185",227,"Montserrat",2011,NA,NA,NA,NA,NA,NA,NA,NA,NA,NA,NA,NA,NA,NA,NA,NA,NA,NA,NA,NA,NA,NA,NA,NA,NA
"186",228,"Puerto Rico",2011,NA,NA,NA,0.250965728166903,NA,NA,NA,NA,NA,NA,NA,NA,NA,NA,NA,NA,NA,NA,0.113636363636364,0.413601201375278,NA,NA,NA,NA,NA
"187",229,"United States Virgin Islands",2011,NA,NA,NA,NA,NA,NA,NA,NA,NA,NA,NA,NA,NA,NA,NA,NA,NA,NA,NA,NA,NA,NA,NA,NA,NA
"188",230,"American Samoa",2011,NA,NA,NA,NA,NA,NA,NA,NA,NA,NA,NA,NA,NA,NA,NA,NA,NA,NA,0,0.328379401200805,NA,NA,NA,NA,NA
"189",231,"Nauru",2011,NA,NA,NA,NA,NA,NA,NA,NA,NA,NA,NA,NA,NA,NA,NA,NA,NA,NA,0,0,NA,NA,NA,NA,NA
"190",232,"Niue",2011,NA,NA,NA,NA,NA,NA,NA,NA,NA,NA,NA,NA,NA,NA,NA,NA,NA,NA,NA,NA,NA,NA,NA,NA,NA
"191",233,"Northern Mariana Islands",2011,NA,NA,NA,NA,NA,NA,NA,NA,NA,NA,NA,NA,NA,NA,NA,NA,NA,NA,NA,NA,NA,NA,NA,NA,NA
"192",234,"Tokelau",2011,NA,NA,NA,NA,NA,NA,NA,NA,NA,NA,NA,NA,NA,NA,NA,NA,NA,NA,NA,NA,NA,NA,NA,NA,NA
"193",235,"Wallis and Futuna Islands",2011,NA,NA,NA,NA,NA,NA,NA,NA,NA,NA,NA,NA,NA,NA,NA,NA,NA,NA,NA,NA,NA,NA,NA,NA,NA
"194",237,"Gibraltar",2011,NA,NA,NA,NA,NA,NA,NA,NA,NA,NA,NA,NA,NA,NA,NA,NA,NA,NA,NA,NA,NA,NA,NA,NA,NA
"195",238,"Holy See",2011,NA,NA,NA,NA,NA,NA,NA,NA,NA,NA,NA,NA,NA,NA,NA,NA,NA,NA,NA,NA,NA,NA,NA,NA,NA
"196",240,"Monaco",2011,NA,NA,NA,NA,NA,NA,NA,NA,NA,NA,NA,NA,NA,NA,NA,NA,NA,NA,NA,NA,NA,NA,NA,NA,NA
