"country","calories_percentseafood","protein_percentseafood","polyunsatFA_percentseafood","vitaminA_percentseafood","zinc_percentseafood","iron_percentseafood","calories_percentseafood_norm","protein_percentseafood_norm","polyunsatFA_percentseafood_norm","vitaminA_percentseafood_norm","zinc_percentseafood_norm","iron_percentseafood_norm","mean_reliance"
"Algeria",0.00234668221659014,0.0132327858620677,0.00271048420588397,0.00354343507030003,0.00393849908418349,0.0035695558458957,0.138262812578624,0.120457920226863,0.135130691170444,0.199302454316225,0.105382788865644,0.0993551398797149,0.132981967839586
"Egypt",0.00347973345408969,0.0232898061912239,0.00560641969341251,0.00540260662924636,0.0079099900981574,0.00295106707548459,0.205020403267666,0.212006877880753,0.279507021851598,0.303872581139954,0.211648345886634,0.0821401022248525,0.21569922204191
"Libya",0.00136603051392638,0.0112828255209881,0.00254651697316128,0.00166350111961881,0.00236218188622754,0.00205482001580482,0.0804843619593816,0.102707450321306,0.126956134964205,0.0935645353506491,0.0632051219659414,0.0571939308170979,0.0873519225630968
"Morocco",0.00623490777091655,0.0356006772044415,0.0086146613662517,0.008359076920126,0.0111273867957432,0.00447870296474525,0.367350925694514,0.324072616258964,0.42948235672942,0.470160878623962,0.297736530657406,0.124660371976979,0.335577279990207
"Sudan",NA,NA,NA,NA,NA,NA,NA,NA,NA,NA,NA,NA,NA
"Tunisia",0.00690627772195809,0.0371927304620841,0.00693329374911982,0.0104627669719342,0.0108396693451556,0.00957741423845561,0.406906983628365,0.338565061485918,0.345658083663591,0.588484082556833,0.290038047885124,0.266578076497065,0.372705055952816
"Burundi",NA,NA,NA,NA,NA,NA,NA,NA,NA,NA,NA,NA,NA
"Comoros",NA,NA,NA,NA,NA,NA,NA,NA,NA,NA,NA,NA,NA
"Djibouti",0.00115175388523045,0.00920017337919865,0.00222501020435686,0.000331700562228892,0.000859590059972128,0.00100913010849383,0.0678595211761188,0.0837490882522034,0.110927474184627,0.0186566805483167,0.023000131741767,0.02808816206126,0.0553801763273822
"Eritrea",NA,NA,NA,NA,NA,NA,NA,NA,NA,NA,NA,NA,NA
"Ethiopia",8.16779324018801e-06,5.19369084337429e-05,2.39680959706297e-05,7.63007739142382e-06,7.03954503146695e-06,2.90866678335577e-06,0.000481233486990841,0.000472781169298247,0.00119492501285188,0.00042915789920337,0.000188357765713451,8.0959931039061e-05,0.000474569210849476
"Kenya",9.53051266350431e-05,0.000675540346060232,0.000149441772853186,3.55991386444474e-05,0.000114305831004814,0.000138846692039224,0.00561522764717166,0.00614943716039515,0.0074503920781201,0.00200229313155756,0.00305849182579907,0.00386466358980055,0.00469008423880735
"Madagascar",0.00216098240877132,0.020303193599501,0.00751655884548395,0.00286760810882721,0.00335257004767814,0.00667099068710127,0.127321672980418,0.184819772680663,0.374736657682278,0.161290195182828,0.0897050307591967,0.185680583654493,0.18725898548998
"Malawi",0.000154699814113664,0.00129589250697469,0.000174120681347958,0.000166661811658191,0.000182118900047074,0.000525274587465644,0.00911466889446381,0.0117964968113944,0.00868075451852513,0.00937398525590971,0.00487297246536823,0.014620510888747,0.00974323147240138
"Mauritius",0.0111390493849123,0.0737813734033617,0.00779380237642367,0.0137331395088836,0.0200912302669827,0.0201389621421156,0.65629520968887,0.671631120180599,0.388558582885565,0.772427984508226,0.537582929948914,0.560548563195289,0.597840731734577
"Mayotte",NA,NA,NA,NA,NA,NA,NA,NA,NA,NA,NA,NA,NA
"Mozambique",0.00276128209237773,0.0280809788640641,0.00247861281141565,0.00456110637014931,0.00427434323100151,0.0100561013608541,0.162690382922782,0.255620875842625,0.123570785479372,0.256541936266143,0.114369002156391,0.279901870284801,0.198782475492019
"RŽunion",NA,NA,NA,NA,NA,NA,NA,NA,NA,NA,NA,NA,NA
"Rwanda",0.000536771966773282,0.00465898590371975,0.00102687836620963,0.00039290373973599,0.000527206454481455,0.00176925596290318,0.031625757128408,0.0424107030959435,0.0511948319317468,0.0220990869271878,0.0141065124794214,0.0492455311714435,0.0351137371223585
"Seychelles",NA,NA,NA,NA,NA,NA,NA,NA,NA,NA,NA,NA,NA
"Somalia",NA,NA,NA,NA,NA,NA,NA,NA,NA,NA,NA,NA,NA
"South Sudan",NA,NA,NA,NA,NA,NA,NA,NA,NA,NA,NA,NA,NA
"Sudan (former)",0.000161527967150076,0.00101638265412957,0.000231785060011337,0.000154954982262229,0.000166221095401691,0.000374638931270803,0.00951697289491914,0.00925212135579561,0.0115556015026105,0.00871552819811494,0.0044475934175224,0.0104277128661808,0.00898592170585724
"Uganda",NA,NA,NA,NA,NA,NA,NA,NA,NA,NA,NA,NA,NA
"United Republic of Tanzania",0.000468273950272496,0.00373222159837263,0.000521439928915494,0.000194451330328704,0.000631454341957996,0.000516523708160999,0.0275899621023489,0.0339743766922482,0.025996291675582,0.0109370220169673,0.0168958829682321,0.0143769386139546,0.0216284123448889
"Zambia",NA,NA,NA,NA,NA,NA,NA,NA,NA,NA,NA,NA,NA
"Zimbabwe",0.000569764540900797,0.00448416952057944,0.000604520338038633,0.00101184508724319,0.000740523255813954,0.00119403726535792,0.0335696275258695,0.0408193512706995,0.0301382501799562,0.0569117834176392,0.0198142501114025,0.0332348742092477,0.0357480227858024
"Angola",0.0073889860976999,0.0701907788449279,0.010818448418684,0.00329963383543092,0.0132765810538322,0.0115114945721225,0.435347399298408,0.638945973047171,0.539351754581355,0.185589719777357,0.355242722709346,0.320411334859174,0.412481484045469
"Cameroon",0.00861802128057173,0.0615118753447406,0.0141968989828777,0.00408524833068966,0.00839717012632868,0.0141841667938848,0.507760212563283,0.559941999403268,0.707783785593977,0.229777039128523,0.224683867528497,0.394802585174293,0.437458248231973
"Central African Republic",0.000854057211233916,0.00727723710404014,0.000811815332416133,0.00132106831728565,0.00094608876324806,0.00208928116071754,0.0503197029804234,0.0662446181543105,0.0404729039682337,0.0743042140552449,0.0253145856465772,0.0581531235068985,0.0524681913852814
"Chad",NA,NA,NA,NA,NA,NA,NA,NA,NA,NA,NA,NA,NA
"Congo",0.0102175283467496,0.0867396331842546,0.0231017798673495,0.00303125039948507,0.0203940739421389,0.0130024291588202,0.602000644499773,0.789590032176614,1,0.170494345819425,0.545686146528663,0.361910059296608,0.57828020472018
"Democratic Republic of the Congo",NA,NA,NA,NA,NA,NA,NA,NA,NA,NA,NA,NA,NA
"Equatorial Guinea",NA,NA,NA,NA,NA,NA,NA,NA,NA,NA,NA,NA,NA
"Gabon",NA,NA,NA,NA,NA,NA,NA,NA,NA,NA,NA,NA,NA
"Sao Tome and Principe",NA,NA,NA,NA,NA,NA,NA,NA,NA,NA,NA,NA,NA
"Southern Africa",NA,NA,NA,NA,NA,NA,NA,NA,NA,NA,NA,NA,NA
"Botswana",0.00190515230147061,0.0130762296992773,0.00261120579205647,0.00269997515830032,0.00246515411642578,0.00219086177269368,0.112248566819038,0.119032791008798,0.130181184123072,0.15186158768715,0.0659603595734817,0.0609805217456909,0.106710835159538
"Lesotho",NA,NA,NA,NA,NA,NA,NA,NA,NA,NA,NA,NA,NA
"Namibia",0.00608072902205893,0.0452601821053198,0.0119101036084881,0.00905203114494546,0.00904982000378939,0.00700787088854389,0.358266957142572,0.41200299485871,0.593776023130052,0.509136470103791,0.242146881425297,0.195057318739202,0.385064440899937
"South Africa",0.00292122725159983,0.0194950079400473,0.00282288715563173,0.0023422925541205,0.00325928896356933,0.00306651436178979,0.172114099272633,0.177462866530308,0.140734519540312,0.131743532899929,0.0872091000552201,0.0853534659526606,0.132436264041844
"Swaziland",0.000558893570524511,0.00478953229184497,0.00104909060907191,0.00145750374652109,0.000719103072635389,0.00142469595369827,0.0329291271082764,0.0435990655897227,0.0523022192110786,0.0819780998081475,0.0192411082639319,0.0396550360539986,0.0449507760058593
"Benin",0.00382293772526035,0.0337661280822385,0.00415143926514412,0.0036124534917928,0.00470694601677962,0.0120163052310359,0.225241457267046,0.307372733549605,0.206969240415881,0.203184433391229,0.12594419541197,0.334462252058517,0.233862385349041
"Burkina Faso",0.00309886736947817,0.0218370762790734,0.00336454618744339,0.00336398393880435,0.00246248786463871,0.00558919223782323,0.182580374659654,0.198782691704611,0.167738830869089,0.189209126732298,0.0658890184247005,0.155569768502725,0.159961635148846
"Cabo Verde",0.00681691379475567,0.0475817032529689,0.00769702804383184,0.00633695589558434,0.0104862087274233,0.0101679749829955,0.401641802075137,0.433135779150951,0.383733916347275,0.356425569490311,0.280580469032208,0.283015764521668,0.356422216769592
"C™te d'Ivoire",NA,NA,NA,NA,NA,NA,NA,NA,NA,NA,NA,NA,NA
"Gambia",0.0129271331525149,0.111877325457897,0.0160327323201478,0.00413067977865181,0.0184660541852419,0.0145011625126533,0.761646283254405,1,0.799308918705073,0.232332355905141,0.494097941319777,0.403625854886049,0.615168559011741
"Ghana",0.0116840351602525,0.104882856932957,0.0335473385079776,0.00762529141037323,0.014218629141941,0.0153116746655612,0.688404911454697,0.954747620439576,1,0.428888709067028,0.380449191632783,0.426185677957305,0.646446018425231
"Guinea",0.0045160822620297,0.0485793222821383,0.00772627798395786,0.00154666183521232,0.00912226658009974,0.00797196222151053,0.266080439426502,0.442217095412326,0.385192166728274,0.0869928455409658,0.244085341252801,0.221891869977239,0.274409959723018
"Guinea-Bissau",0.000514599313867581,0.00569807928474406,0.000695083499112036,0.000157543899878993,0.00125680573596553,0.000530039900446411,0.0303193794129257,0.0518695599764499,0.0346532599054743,0.00886114329329994,0.0336284687865667,0.014753148773743,0.0290141600247433
"Liberia",NA,NA,NA,NA,NA,NA,NA,NA,NA,NA,NA,NA,NA
"Mali",0.000555835084404746,0.00400684209354441,0.00067033263244976,0.000547207722557679,0.000465812849469602,0.00128325659754676,0.0327489259331186,0.0364742443727863,0.0334193100038736,0.0307779993037386,0.012463798040145,0.035718208162347,0.0302670809693349
"Mauritania",0.00318177515166632,0.0228628855695612,0.0051822744267938,0.00120559658862932,0.00204919585946184,0.00403338809964548,0.187465170337974,0.208120623638941,0.258361337655971,0.0678094431708457,0.0548305255342693,0.112265462743838,0.148142093846973
"Niger",7.96139998276041e-05,0.000498013472839329,8.85974973198946e-05,8.32305185562827e-05,4.97526586875162e-05,0.000103306206125365,0.00469073122000873,0.00453341177046819,0.00441701192090306,0.00468134629058539,0.00133123654821363,0.00287542848554392,0.00375486103928715
"Nigeria",0.00593261029930591,0.0529531578724639,0.0105783910553586,0.00180331986798753,0.00772681800381658,0.00545137086651356,0.349540035764549,0.482032077995482,0.52738373891969,0.101428717748931,0.206747193002908,0.151733643725288,0.303144234526141
"Saint Helena, Ascension and Tristan da Cunha",NA,NA,NA,NA,NA,NA,NA,NA,NA,NA,NA,NA,NA
"Senegal",0.0140590131018645,0.112362235198617,0.014096162447349,0.00654464530131736,0.0144678107553425,0.0191877522099677,0.828334863494223,1,0.702761584157585,0.368107174338955,0.387116567400304,0.534072553309579,0.636732123783441
"Sierra Leone",NA,NA,NA,NA,NA,NA,NA,NA,NA,NA,NA,NA,NA
"Togo",NA,NA,NA,NA,NA,NA,NA,NA,NA,NA,NA,NA,NA
"Armenia",0.00102791868422643,0.00449818109440549,0.00130010039143951,0.000747215859292725,0.000953516449429182,0.00106181911537218,0.0605633465743723,0.0409468984901425,0.0648162657081009,0.0420275669531141,0.0255133289413843,0.0295547096863772,0.0439036860589152
"Azerbaijan",0.00131823644662955,0.00536503089830743,0.00249802815866437,0.0020217827019451,0.000999430801446792,0.00104885037348273,0.0776684109446619,0.0488378237734128,0.12453873404271,0.113716279993139,0.0267418635585449,0.029193737279692,0.0701161415986934
"Georgia",0.00448955438084594,0.0216887043912536,0.00617962688682151,0.0103039850363933,0.00400973813278799,0.00424607492651145,0.264517458534463,0.197432063861525,0.308084160969798,0.579553305266846,0.107288938761229,0.118185395179729,0.262510220428932
"Kazakhstan",0.00216851528096025,0.0112224933687003,0.00191306325275836,0.00155517535547856,0.00204315833998594,0.00185921752902209,0.127765497921126,0.102158247329347,0.0953754163321924,0.0874716931705314,0.0546689790601934,0.0517495244892171,0.0865315597171011
"Kyrgyzstan",0.00128204942281242,0.00643406730952166,0.00181012476726234,0.00102717826470219,0.00104972694685688,0.000916817828434226,0.0755363286130899,0.058569251764762,0.0902434370854883,0.0577742064166265,0.028087642231896,0.0255187388910123,0.0559549341671458
"Tajikistan",0.000212351226134537,0.00123285786359675,0.00020934199707936,0.000160083613237941,0.000367878033821081,0.000352421111838103,0.0125113991030889,0.0112226930694844,0.0104367067311906,0.00900399086794314,0.00984334700550336,0.00980930131783754,0.010471239682508
"Turkmenistan",NA,NA,NA,NA,NA,NA,NA,NA,NA,NA,NA,NA,NA
"Uzbekistan",6.45434227032696e-05,0.000322222207473462,7.15552475331655e-05,3.60165334095657e-05,4.55971013346738e-05,3.89144735785996e-05,0.00380279660079927,0.00293318560186365,0.00356737369472162,0.00202576972967673,0.00122004591092434,0.00108314679267248,0.00243871972177635
"China",0.00656314597723878,0.0352657800836112,0.00382193982220196,0.00434523509852085,0.0302120085245699,0.0392519790356932,0.386690202773035,0.32102405104483,0.190542106338363,0.24440013787042,0.808385541674398,1,0.491840339950174
"Democratic People's Republic of Korea",NA,NA,NA,NA,NA,NA,NA,NA,NA,NA,NA,NA,NA
"Mongolia",0.000230327306297743,0.00103920058636213,0.000193205073170732,3.03655229973272e-05,0.00013908396675428,0.000121443512260922,0.0135705213757736,0.00945983276964767,0.00963220336002021,0.00170792554114746,0.00372148272470684,0.00338026288677943,0.0069120381096792
"Republic of Korea",0.021278822252514,0.118237917449908,0.0141046736342631,0.0111969536346574,0.0553713714344652,0.0607041160604264,1,1,0.703185907814549,0.629778815183212,1,1,0.88882745383296
"Eastern Asia (excluding China)",NA,NA,NA,NA,NA,NA,NA,NA,NA,NA,NA,NA,NA
"Afghanistan",NA,NA,NA,NA,NA,NA,NA,NA,NA,NA,NA,NA,NA
"Bangladesh",0.00138097325178989,0.0106567189008756,0.00257735906021848,0.00470244496513806,0.00762529435951108,0.00144371426503583,0.0813647644911041,0.097008007884531,0.128493761537395,0.26449160327344,0.204030715343771,0.0401843923842524,0.135928874152416
"Bhutan",NA,NA,NA,NA,NA,NA,NA,NA,NA,NA,NA,NA,NA
"India",0.000774070239421491,0.00548108305802485,0.00109055891317861,0.00175587855919352,0.00155847459098961,0.00254986754786028,0.0456069968397075,0.0498942454478138,0.0543696138793227,0.0987603552444589,0.0417002505940097,0.0709731008085218,0.0602174271356391
"Iran (Islamic Republic of)",0.00241358945402783,0.0118397627873671,0.00248892200279274,0.00296585476762824,0.00244598959694084,0.00204321944771072,0.142204881412914,0.107777244807829,0.124084748317883,0.166816132539924,0.0654475727307214,0.056871040206772,0.110533603336007
"Maldives",0.118372217582136,0.450663596672659,0.210947873763275,0.165148426443536,0.130006367147185,0.103517154815687,1,1,1,1,1,1,1
"Nepal",0.000153197426848816,0.000932258813192643,0.000108343148940148,8.31818379573197e-05,0.000221400783734666,0.000158144381917706,0.00902615060794352,0.00848634285485233,0.00540142774788459,0.00467860822352379,0.00592404150624183,0.00440179615194732,0.00631972784873223
"Pakistan",0.00033987804867662,0.00187126466161529,0.000468416929515328,0.000135115729619655,0.000608317199225563,0.000438554221936146,0.0200250782196009,0.0170341039053874,0.0233528398003339,0.007599658522216,0.0162768002731725,0.0122067332593789,0.0160825356633483
"Sri Lanka",0.0142229148234824,0.117675817591489,0.088149854408325,0.0428969077686021,0.0206992050431436,0.0605430757692939,0.837991694256037,1,1,1,0.553850567976075,1,0.898640377038685
"Southern Asia (excluding India)",NA,NA,NA,NA,NA,NA,NA,NA,NA,NA,NA,NA,NA
"Brunei Darussalam",0.0110308642709928,0.0684185833208986,0.0104399504695742,0.0299431156435232,0.0368725353650859,0.0348137033908353,0.649921113518583,0.622813694531892,0.520481808997915,1,0.986601882154662,0.969005814576185,0.791470718963206
"Cambodia",NA,NA,NA,NA,NA,NA,NA,NA,NA,NA,NA,NA,NA
"Indonesia",0.0116814950283871,0.0839075464110985,0.0257188670852686,0.0410029193283804,0.0280399184149184,0.0157973140164749,0.68825525089412,0.763809573990987,1,1,0.75026672317783,0.439702980312051,0.773672421395831
"Lao People's Democratic Republic",0.000382831156845573,0.00253060435234027,0.000940934384355517,0.000706601396824406,0.000848976433970654,0.000556443275388838,0.0225558075626914,0.0230360666587802,0.0469101105359625,0.0397431841747993,0.0227161419567995,0.0154880612177429,0.0284082286844626
"Malaysia",0.0260581393221141,0.163113466903511,0.0359669669452034,0.0525104810181761,0.0755967620748806,0.0510421020769974,1,1,1,1,1,1,1
"Myanmar",NA,NA,NA,NA,NA,NA,NA,NA,NA,NA,NA,NA,NA
"Philippines",0.0170375442823712,0.111355030378918,0.048387556726268,0.0158743265920163,0.0486863830489213,0.0204092668819146,1,1,1,0.892860229590231,1,0.568072234596525,0.910155410697793
"Singapore",NA,NA,NA,NA,NA,NA,NA,NA,NA,NA,NA,NA,NA
"Thailand",0.00995848823911963,0.0672942091379021,0.0155560929107861,0.0139095253487584,0.0342465894509354,0.0233174156498826,0.586738410185137,0.612578527345458,0.775546148685495,0.782348903079114,0.916339201390095,0.64901774717751,0.720428156310468
"Timor-Leste",NA,NA,NA,NA,NA,NA,NA,NA,NA,NA,NA,NA,NA
"Viet Nam",NA,NA,NA,NA,NA,NA,NA,NA,NA,NA,NA,NA,NA
"Bahrain",NA,NA,NA,NA,NA,NA,NA,NA,NA,NA,NA,NA,NA
"Iraq",0.000669193546896213,0.00434357415821623,0.000516167372839211,0.00216674991088834,0.000648474771176827,0.000454895753793874,0.0394278276364915,0.0395395130627556,0.0257334293629088,0.12187004038794,0.017351300186932,0.0126615840177555,0.0427639491091306
"Jordan",0.00329937999723658,0.0183232173550961,0.0027153743635501,0.00853750234494878,0.003479027787424,0.0030847031973339,0.194394262230546,0.166796068300825,0.135374489080767,0.480196514771962,0.0930886723452978,0.0858597346252217,0.19261829022577
"Kuwait",0.00482222781091976,0.0275109053096108,0.00375658915198371,0.00788327759214436,0.00923003185718796,0.00727577449504111,0.284118051996589,0.250431501854293,0.187284060703611,0.443399283745712,0.246968826864882,0.202514156913738,0.269119313679804
"Lebanon",0.00413521645424144,0.0261936823523421,0.00245157019822444,0.00731624516084444,0.00650444617681646,0.00447759914352335,0.243640427128479,0.238440834162579,0.122222580976409,0.411506232795747,0.174040075543524,0.124629648179219,0.219079966464326
"Oman",NA,NA,NA,NA,NA,NA,NA,NA,NA,NA,NA,NA,NA
"Qatar",NA,NA,NA,NA,NA,NA,NA,NA,NA,NA,NA,NA,NA
"Saudi Arabia",0.00267994779555346,0.0165897766606756,0.00263937980658734,0.00569916717496022,0.00447610480950108,0.00241978740272835,0.157898294518768,0.15101657462028,0.131585794431568,0.320552792133386,0.119767555608798,0.0673524455861033,0.158028909483151
"Syrian Arab Republic",0.00356006861637309,0.0197357826069556,0.00248528058036395,0.0042308752203294,0.00952949383935088,0.00860563642546026,0.209753624241405,0.179654635967327,0.123903205872966,0.237967903626904,0.254981559168488,0.2395295795102,0.207631751397882
"Turkey",0.00278242364976737,0.0136302165667808,0.00225536565995039,0.00382125203945622,0.00313703308907376,0.00360234856778592,0.163936010117772,0.124075728043225,0.112440839835769,0.214928422537744,0.0839378881711574,0.100267893625867,0.133264463721922
"United Arab Emirates",0.00881910448585945,0.0522558540662718,0.00542000264277265,0.0175997184983159,0.0101636947892382,0.00657370152250794,0.519607717661695,0.47568452827045,0.270213234105396,0.989905846275891,0.271950933382326,0.182972633709386,0.451722482234191
"West Bank and Gaza Strip",NA,NA,NA,NA,NA,NA,NA,NA,NA,NA,NA,NA,NA
"Yemen",NA,NA,NA,NA,NA,NA,NA,NA,NA,NA,NA,NA,NA
"Anguilla",NA,NA,NA,NA,NA,NA,NA,NA,NA,NA,NA,NA,NA
"Antigua and Barbuda",0.0321242893063484,0.166155261177853,0.0242226116937222,0.0167076765223793,0.0406397144987749,0.0500017298494166,1,1,1,0.93973245474195,1,1,0.989955409123658
"Aruba",NA,NA,NA,NA,NA,NA,NA,NA,NA,NA,NA,NA,NA
"Bahamas",0.0152497002544242,0.0945537242286606,0.0152541191960938,0.0166775453217793,0.0527277237799603,0.0234453294294142,0.898488271335422,0.860721626497254,0.760491304723263,0.938037708792911,1,0.652578103705485,0.851719502509056
"Barbados",0.0228549635340254,0.135514012537534,0.0178308535430777,0.0409088243347127,0.0417351501903039,0.0276265974867896,1,1,0.888953921297338,1,1,0.768959662266274,0.942985597260602
"British Virgin Islands",NA,NA,NA,NA,NA,NA,NA,NA,NA,NA,NA,NA,NA
"Cayman Islands",NA,NA,NA,NA,NA,NA,NA,NA,NA,NA,NA,NA,NA
"Cuba",0.00128008164224078,0.0092864736065943,0.00135656729890179,0.000513954388642768,0.0017857324588681,0.00139524970503169,0.0754203900874348,0.0845346783777857,0.0676314129858718,0.0289076472493188,0.0477810106492479,0.0388354281583651,0.0571850945846707
"Dominica",0.0148944915461505,0.0947856834933842,0.0243710637379031,0.00267698709425149,0.0184329924920996,0.0124067809687925,0.87755993484779,0.862833149414439,1,0.150568611381951,0.493213306499892,0.345330767139756,0.621584294880638
"Dominican Republic",0.00394162279063966,0.0311010629440269,0.00261901426945636,0.000219791093896357,0.00602366852359535,0.00505529832502613,0.232234194005924,0.283112671672663,0.130570474326551,0.0123622709549699,0.161175862847833,0.140709347016989,0.160027470137488
"Grenada",0.0231197554792843,0.133615200001244,0.0256379188493963,0.034542877101681,0.0368185048920514,0.0233933099829346,1,1,1,1,0.985156183727317,0.651130192647478,0.939381062729132
"Guadeloupe",NA,NA,NA,NA,NA,NA,NA,NA,NA,NA,NA,NA,NA
"Haiti",0.00327423729641016,0.0259559569147832,0.00286333856898438,0.000537087128247943,0.00363686647701905,0.00357283549089977,0.192912893979017,0.236276821830493,0.142751217307191,0.0302087609107522,0.0973119769455764,0.0994464256312769,0.133151349434051
"Jamaica",0.0134770830057379,0.0874639289312313,0.0156232517191482,0.00918153572441412,0.0286939356280284,0.0177033837953206,0.79404846065459,0.796183289274507,0.778894338714588,0.516420526399794,0.76776632300266,0.492756591930275,0.691011588329402
"Martinique",NA,NA,NA,NA,NA,NA,NA,NA,NA,NA,NA,NA,NA
"Montserrat",NA,NA,NA,NA,NA,NA,NA,NA,NA,NA,NA,NA,NA
"Netherlands Antilles",NA,NA,NA,NA,NA,NA,NA,NA,NA,NA,NA,NA,NA
"Puerto Rico",NA,NA,NA,NA,NA,NA,NA,NA,NA,NA,NA,NA,NA
"Saint Kitts and Nevis",0.020467522768136,0.146436043780868,0.0156422795351878,0.0540129866210919,0.0546154101627366,0.0290702224217835,1,1,0.779842966980826,1,1,0.809141568235074,0.931497422535983
"Saint Lucia",0.0204497011659057,0.108902568648453,0.0434492109006344,0.0469003966267646,0.0386332863378792,0.0227675721849972,1,0.991339016855065,1,1,1,0.633713385311748,0.937508733694469
"Saint Vincent and the Grenadines",0.0100120009789127,0.0615290934750233,0.0109302615630544,0.0130944461676359,0.0176550574904183,0.0105839414977138,0.589891296357909,0.560098735874762,0.544926178312699,0.736504326266813,0.472398026800425,0.294593790763401,0.533068725729335
"Trinidad and Tobago",0.0101034147809571,0.0707721587018781,0.00973458527706218,0.026941090528947,0.0242270657209412,0.0103839665266805,0.595277253301636,0.644238268196506,0.485315957160517,1,0.648245866542668,0.289027680558878,0.610350837626701
"Turks and Caicos Islands",NA,NA,NA,NA,NA,NA,NA,NA,NA,NA,NA,NA,NA
"United States Virgin Islands",NA,NA,NA,NA,NA,NA,NA,NA,NA,NA,NA,NA,NA
"Belize",0.00736299593079345,0.0508352775262901,0.00858175935263148,0.00225413178427625,0.0149750620986308,0.011276042106686,0.433816099682947,0.462753033926557,0.427842032896597,0.126784881914156,0.400689139100584,0.313857742858263,0.360957155063184
"Costa Rica",0.00247753406126196,0.0175869875083902,0.00241504601081491,0.000122394827321143,0.00422465527886396,0.00344383084776566,0.145972396751344,0.160094175209866,0.120401674336048,0.00688416437630643,0.113039496967395,0.0958557059683644,0.107041268934887
"El Salvador",0.00279264846858423,0.0208007005719997,0.00247856725041483,0.000434597624809463,0.00347340328260653,0.00225086626031854,0.164538440305265,0.189348573783486,0.123568514044063,0.0244441824235808,0.0929381769431195,0.0626506887128875,0.109581429368734
"Guatemala",0.000418840854107833,0.00314451422752658,0.000355878141294547,1.22015709940776e-05,0.000633871636325953,0.000435179343875917,0.024677442093514,0.0286244822458304,0.017742239228397,0.000686284071074405,0.0169605627400334,0.0121127967876644,0.0168006345277523
"Honduras",0.000885742971075743,0.00666507289952218,0.0012100740514432,3.38010710545527e-05,0.00156792216407459,0.00122962346717602,0.052186577942636,0.0606720933902739,0.0603280190985696,0.00190115983107856,0.041953040191881,0.0342253817715514,0.0418777120376651
"Mexico",0.00382667725266843,0.0259924178337563,0.00299876167699892,0.000606433583386641,0.00327545877034104,0.00364147110551922,0.225461784320066,0.236608725219155,0.14950271143017,0.0341091904185807,0.0876417570894351,0.101356831683359,0.139113500026794
"Nicaragua",0.00257212648796168,0.0176158267808681,0.00280909656772072,3.27539680602353e-05,0.00397698970594267,0.00301100379807291,0.151545633243137,0.160356698825055,0.140046992318417,0.0018422649472867,0.106412686036992,0.0838083830176972,0.107335443064764
"Panama",0.00654987860794981,0.0398868569956973,0.00538884677559296,0.000398192240031147,0.00745974906844689,0.00662462105209794,0.385908510313595,0.363089668960851,0.268659964081956,0.0223965415348117,0.199601204486201,0.184389929642952,0.237340969836728
"Argentina",0.00206920027837453,0.0113056522229991,0.00135935299701791,0.000231320305218573,0.00295748774130848,0.0031378916808171,0.121914014711478,0.102915241566365,0.0677702934526926,0.013010737786522,0.0791337764852257,0.0873401846992945,0.0786807081169297
"Bolivia (Plurinational State of)",0.000642505725409109,0.00403221766638916,0.0005880017844228,0.000383577761434079,0.000537868154718391,0.000601069742828425,0.0378554233142033,0.036705237964106,0.029314720729979,0.0215745421485774,0.0143917885912097,0.0167301958435104,0.0260953180985976
"Brazil",0.0020718732389429,0.0133831175575691,0.00105442735882323,0.000744331497973703,0.00263462468721446,0.00240002968510949,0.122071501329599,0.121826388180099,0.0525682818876048,0.0418653344644101,0.0704948995082717,0.0668025085960482,0.0792714856610054
"Chile",0.00518685988410614,0.0304148306943835,0.0048535954914014,0.00087651171361738,0.00635677607099759,0.00584093711388793,0.305601598272565,0.276865906218565,0.241975109831317,0.0492998833885991,0.170088852691709,0.162576844020025,0.201068032403797
"Colombia",0.0023986481280335,0.0181514626620871,0.00256583127870991,3.49302159425467e-05,0.00280833802767313,0.00240622902377113,0.141324562066295,0.165232587010889,0.127919046112183,0.00196466920630094,0.0751429636284889,0.0669750612010444,0.0964264815375336
"Ecuador",0.00300825758619689,0.0197956133130138,0.00254661810136812,4.128797319275e-05,0.00572232064741907,0.00335784705458551,0.177241789232517,0.180199274299164,0.126961176692343,0.00232226475942194,0.153112669501483,0.0934624301190384,0.122216600767328
"French Guiana",NA,NA,NA,NA,NA,NA,NA,NA,NA,NA,NA,NA,NA
"Guyana",NA,NA,NA,NA,NA,NA,NA,NA,NA,NA,NA,NA,NA
"Paraguay",0.000272544838054598,0.00189151755809335,0.000171330811863122,8.18076345572132e-05,0.000387221864434069,0.000355688863353874,0.0160579117175779,0.0172184658238637,0.00854166608888483,0.00460131539751252,0.0103609316929107,0.0099002560256382,0.0111134244577313
"Peru",0.0133148164236441,0.0812615490792557,0.0191913049633119,0.000599831079757714,0.0182384734868097,0.0178300068729458,0.784487969732897,0.739723086168852,0.956778976437294,0.0337378289707849,0.488008543257178,0.496281023017106,0.583169571264019
"Suriname",0.00752860699205535,0.0602254012806455,0.00495887756758292,0.00330860898404776,0.015662455567607,0.00915129869844051,0.443573642038841,0.548231238585252,0.247223928360266,0.186094531947384,0.419081790529563,0.254717561937026,0.349820448899722
"Uruguay",0.002108266036426,0.0117571997070199,0.00217188595165317,0.000502120986048246,0.00257990994618736,0.00274469636644376,0.12421570752081,0.107025673895262,0.108278974344569,0.0282420710123594,0.0690308920581613,0.0763959728292014,0.0855315486100607
"Venezuela (Bolivarian Republic of)",0.00560825583060557,0.0349291143508616,0.00410832881758133,0.000463740650353681,0.00988775386095871,0.00773634311248362,0.330429582377248,0.317959386173699,0.204819976987899,0.0260833479231398,0.264567556120402,0.215333639612915,0.226532248199217
"American Samoa",NA,NA,NA,NA,NA,NA,NA,NA,NA,NA,NA,NA,NA
"Cook Islands",NA,NA,NA,NA,NA,NA,NA,NA,NA,NA,NA,NA,NA
"Fiji",0.0205216831632031,0.127946481309594,0.0324263847003028,0.0336010089996257,0.024702290507926,0.0191438677996111,1,1,1,1,0.660961500676406,0.532851073126118,0.865635428967087
"French Polynesia",0.0270611616547665,0.148590759602956,0.0220810975710989,0.0366117096966527,0.0568836212078708,0.0497549686885452,1,1,1,1,1,1,1
"Guam",NA,NA,NA,NA,NA,NA,NA,NA,NA,NA,NA,NA,NA
"Kiribati",NA,NA,NA,NA,NA,NA,NA,NA,NA,NA,NA,NA,NA
"Marshall Islands",NA,NA,NA,NA,NA,NA,NA,NA,NA,NA,NA,NA,NA
"Micronesia (Federated States of)",NA,NA,NA,NA,NA,NA,NA,NA,NA,NA,NA,NA,NA
"Nauru",NA,NA,NA,NA,NA,NA,NA,NA,NA,NA,NA,NA,NA
"New Caledonia",0.0169584149334491,0.0956064195665332,0.013556298837599,0.014300503515876,0.0405711823997356,0.0459550656902072,0.999163043465264,0.870304301857863,0.675846783265212,0.804339685115371,1,1,0.891608968950618
"Niue",NA,NA,NA,NA,NA,NA,NA,NA,NA,NA,NA,NA,NA
"Northern Mariana Islands",NA,NA,NA,NA,NA,NA,NA,NA,NA,NA,NA,NA,NA
"Palau",NA,NA,NA,NA,NA,NA,NA,NA,NA,NA,NA,NA,NA
"Papua New Guinea",NA,NA,NA,NA,NA,NA,NA,NA,NA,NA,NA,NA,NA
"Samoa",NA,NA,NA,NA,NA,NA,NA,NA,NA,NA,NA,NA,NA
"Solomon Islands",NA,NA,NA,NA,NA,NA,NA,NA,NA,NA,NA,NA,NA
"Tokelau",NA,NA,NA,NA,NA,NA,NA,NA,NA,NA,NA,NA,NA
"Tonga",NA,NA,NA,NA,NA,NA,NA,NA,NA,NA,NA,NA,NA
"Tuvalu",NA,NA,NA,NA,NA,NA,NA,NA,NA,NA,NA,NA,NA
"Vanuatu",NA,NA,NA,NA,NA,NA,NA,NA,NA,NA,NA,NA,NA
"Wallis and Futuna Islands",NA,NA,NA,NA,NA,NA,NA,NA,NA,NA,NA,NA,NA
"Albania",0.00265180467544147,0.0136488145057691,0.00455342473143139,0.0025269328844801,0.0051176070074712,0.00291193782097339,0.156240146298309,0.124245024899865,0.227010151844898,0.142128729827867,0.136932290001404,0.0810509772123333,0.144601220014113
"Andorra",NA,NA,NA,NA,NA,NA,NA,NA,NA,NA,NA,NA,NA
"Australia",0.0074199568510538,0.0429036442869019,0.0048326488740451,0.00676092487329284,0.0208062835122941,0.0242347466731698,0.437172147206803,0.39055145415508,0.240930820078624,0.380271937812249,0.556715676603841,0.674550770351667,0.446698801034711
"Austria",0.00333500457729566,0.0226379418370004,0.00261030659973681,0.00312182230716916,0.00886422672091184,0.0100633976476215,0.196493206263564,0.206072963042391,0.130136355055488,0.175588612579056,0.237180944573131,0.280104955381007,0.20426283948244
"Belarus",0.00605925534799648,0.0322393336542872,0.00580893159965568,0.00433398437156792,0.00752593210414511,0.00881296699683531,0.357001762157379,0.293474338810809,0.289603215661353,0.243767334545377,0.201372070170919,0.245300425746993,0.271753191182138
"Belgium",0.00592637697557221,0.0405137655029418,0.00396981943120071,0.00309320874115638,0.0235750445921842,0.0279125916870416,0.349172778167827,0.368796410968342,0.197914617025065,0.173979226822031,0.63079967613382,0.776920034648036,0.41626379062752
"Bermuda",NA,NA,NA,NA,NA,NA,NA,NA,NA,NA,NA,NA,NA
"Bosnia and Herzegovina",0.00207533697889262,0.0124956905485262,0.00252655110712112,0.00139342717354287,0.00426092353628999,0.00466556571744838,0.122275579420831,0.113748148799767,0.125960740387854,0.0783740777207185,0.11400993012814,0.129861516246644,0.114038332117326
"Bulgaria",0.00246073339646099,0.0142643769059869,0.00235792615418293,0.00362074557532496,0.00564303183486791,0.00656829485439663,0.144982528096718,0.129848483406108,0.117553974397609,0.203650826189902,0.150991131318056,0.182822144323683,0.154974847955346
"Canada",0.00627309040013736,0.0405760361626096,0.00373339721981714,0.00574657317891114,0.0237525637041641,0.0158919016044281,0.369600585946931,0.369363260174014,0.186127831194343,0.323219168897542,0.63554957163907,0.442335734480271,0.387699358722029
"Croatia",0.00894172508275807,0.0541100897123404,0.00922783373207365,0.0118093201514234,0.0199081629207793,0.0260209765184118,0.526832329706485,0.492563617213935,0.46005195216195,0.664221706702657,0.532684579820912,0.724268753146473,0.566770489792069
"Cyprus",0.00646405616811346,0.0381796997236925,0.00411038537147632,0.0080407609392053,0.0182405011089934,0.0148231101531439,0.380851987606666,0.347549433017387,0.204922506103788,0.452257021212458,0.488062796533849,0.41258695655691,0.381038450171843
"Czech Republic",0.00273165592166659,0.0175303539558228,0.00243044436801998,0.00324067558181245,0.00545378142892706,0.0063361434305767,0.160944855701628,0.159578640534973,0.121169356600159,0.182273580377245,0.145927340481569,0.17636043362838,0.157709034553992
"Denmark",0.00831728344227761,0.0404459378951138,0.0114338655535644,0.00526198361822643,0.0159208049499798,0.0182584447453038,0.490041213766854,0.36817897691794,0.570033262562104,0.295963162546534,0.42599446915008,0.508206177455253,0.443069543733127
"Estonia",0.00420203964295214,0.0245000428302632,0.00560880291270942,0.00229701583000978,0.0075163385974666,0.00611258235257488,0.247577543944423,0.223023650164427,0.279625836810971,0.129196918651428,0.201115375814218,0.170137826913298,0.208446192049794
"Faroe Islands",NA,NA,NA,NA,NA,NA,NA,NA,NA,NA,NA,NA,NA
"Finland",0.0120818132304481,0.0557341839657486,0.017323195804842,0.00764867692923441,0.0185170988265658,0.0238167921807403,0.711841367562187,0.50734773131184,0.863644738201234,0.430204040436736,0.495463747568397,0.662917410670116,0.611903172625085
"France",0.010702939711673,0.0591781482842488,0.00731881808260407,0.00882414488080934,0.0339309808222426,0.0495372348083291,0.630600316026436,0.538698104805849,0.364878328346685,0.496318881846576,0.907894431753033,1,0.65639834379643
"Germany",0.00312731026430925,0.0212123170713059,0.00244270534224557,0.00266248452209767,0.00795811793281145,0.00750349935982531,0.184256185133446,0.193095514749229,0.121780625213321,0.149752906235162,0.212936106866007,0.208852658612973,0.178445666135023
"Gibraltar",NA,NA,NA,NA,NA,NA,NA,NA,NA,NA,NA,NA,NA
"Greece",0.00526437838732166,0.0287957979041527,0.00423342478204353,0.00515526131293923,0.0123111297534961,0.0135397247650058,0.310168866139382,0.26212786657044,0.211056613269976,0.289960507791462,0.329410051844457,0.376865163632825,0.29659817820809
"Greenland",NA,NA,NA,NA,NA,NA,NA,NA,NA,NA,NA,NA,NA
"Holy See",NA,NA,NA,NA,NA,NA,NA,NA,NA,NA,NA,NA,NA
"Hungary",0.00112069191996377,0.00782854961207543,0.000776051200681128,0.0012504381389115,0.00248188517403976,0.00250146638054363,0.0660293992057776,0.0712632105206657,0.0386898897636237,0.0703315808280277,0.0664080340490487,0.069625901056873,0.0637246692373361
"Iceland",0.0420178558705841,0.193388009239112,0.0453689530462737,0.021210659297087,0.0865662321262195,0.0704331006512499,1,1,1,1,1,1,1
"Ireland",0.00640742564681433,0.0346542782293076,0.00703056183517559,0.00448661678870785,0.0137342037953795,0.0178755039906197,0.377515406668158,0.315457555648314,0.350507366189941,0.252352228790844,0.367487377264749,0.497547391351365,0.360144554318895
"Israel",0.0056380666675595,0.0339695982586796,0.00323342718813309,0.00536368847296119,0.00912588548890766,0.00821362839797841,0.33218598984198,0.309224920574904,0.16120191729331,0.30168360803583,0.244182172734713,0.228618414624179,0.262849503850819
"Italy",0.00671125449478192,0.0404849823954957,0.00422587533045444,0.00772102537561267,0.0209204471260118,0.0276459794927145,0.395416522876198,0.368534398622887,0.210680236750615,0.434273318592843,0.559770363108369,0.769499141684149,0.45636233027251
"Japan",0.0244060502507056,0.125866208333548,0.0167807365897755,0.0224757859716877,0.0710612054922039,0.0834490441216672,1,1,0.836600533883575,1,1,1,0.972766755647263
"Latvia",0.0111763917442992,0.0642745662311473,0.0107469361331657,0.00720419334733528,0.0186013784491247,0.0217814523650899,0.658495362568819,0.585090747510816,0.535786522749976,0.405203816919656,0.497718825322628,0.606265692412447,0.548093494580724
"Liechtenstein",NA,NA,NA,NA,NA,NA,NA,NA,NA,NA,NA,NA,NA
"Lithuania",0.0191311011481863,0.0859842926892681,0.0266144483884522,0.0119753799630885,0.0261515112615008,0.039288250917174,1,0.782714175041344,1,0.673561832137873,0.699738436110262,1,0.859335740548246
"Luxembourg",0.00859082494546618,0.0482701491437404,0.00827082225193236,0.00743574254230877,0.0244478878265064,0.0277570438585862,0.506157847421151,0.439402695358579,0.41234032097487,0.418227428736326,0.654154424302932,0.772590511054241,0.53381220464135
"Malta",0.0131528568534223,0.070724811774627,0.0145217588649827,0.0173249497773468,0.0309573523453193,0.0385254884044169,0.774945567466164,0.643807269581003,0.723979615219954,0.974451328450104,0.82832877609326,1,0.824252092801747
"Monaco",NA,NA,NA,NA,NA,NA,NA,NA,NA,NA,NA,NA,NA
"Montenegro",0.00347423447265548,0.0193296189503614,0.00334328966521106,0.00409645619397629,0.00714844096475966,0.00937425538553072,0.204696411960264,0.175957332175438,0.166679090865846,0.230407431563081,0.19127150439949,0.260923346014738,0.204989186163143
"Netherlands",0.00876458968537052,0.0408322557661055,0.0103275235981496,0.00607551081450538,0.012034764206482,0.0159671965393576,0.516395791654213,0.371695624717669,0.514876788017252,0.341720447117763,0.322015313019282,0.444431496282333,0.418522576801419
"New Zealand",0.00916253462129589,0.0459625150391653,0.0117128073244027,0.00582853209467266,0.0142983824033953,0.0160549040150765,0.539842079227146,0.418396324683564,0.583939853202943,0.327828993189591,0.38258315711901,0.446872749170579,0.449910526098805
"Norway",0.0145365531619676,0.0952120896739895,0.0106678992445282,0.0114648076072032,0.0369069465126575,0.0233368492657062,0.856470770163665,0.866714720704339,0.53184615321513,0.644844409181018,0.987522624453099,0.649558663107077,0.756159556804055
"Poland",0.00403721623898781,0.0236159462823465,0.00533487976368581,0.00306288747532338,0.00610658714105974,0.00697983873695318,0.237866409113391,0.21497572793914,0.265969448636935,0.172273790549431,0.163394524061282,0.194277070870094,0.208126161861712
"Portugal",0.0170057660849625,0.109210718977946,0.0123552769212889,0.0132940684426201,0.0386173243254873,0.0407332578003623,1,0.994144106289358,0.615970056697493,0.747732190909799,1,1,0.892974392316108
"Republic of Moldova",0.00584380415601502,0.0389791965555983,0.00536183729100281,0.00724893637510888,0.011564910138565,0.00876125038548036,0.344307717959073,0.354827244855588,0.267313411199301,0.407720413124158,0.30944338371865,0.243860943812235,0.321245519111501
"Romania",0.00200895125574947,0.0108326375169933,0.00217692578116922,0.00167938017397366,0.00337162137075815,0.00357174578548572,0.118364237385702,0.0986093933257834,0.10853023411742,0.09445766149586,0.0902147887951486,0.0994160947333964,0.101598734975552
"Russian Federation",0.00687049077368583,0.0406326966135279,0.00701189660225723,0.00723119158332852,0.0126840374833418,0.0129279697519483,0.404798473116482,0.369879039704332,0.349576814438472,0.406722347551347,0.33938797889756,0.359837553611166,0.37170036788656
"Saint Pierre and Miquelon",NA,NA,NA,NA,NA,NA,NA,NA,NA,NA,NA,NA,NA
"San Marino",NA,NA,NA,NA,NA,NA,NA,NA,NA,NA,NA,NA,NA
"Serbia",0.00226119341223819,0.0136683136994969,0.00259117669794643,0.00325810215956591,0.00375836255764796,0.00395369642891262,0.13322594714788,0.12442252586958,0.129182637322934,0.183253747827104,0.100562858953989,0.110047322046582,0.130115839861345
"Serbia and Montenegro",NA,NA,NA,NA,NA,NA,NA,NA,NA,NA,NA,NA,NA
"Slovakia",0.00311926197191,0.0211795540035863,0.00323389777662299,0.00320931015211278,0.00619178711185956,0.00586551245263584,0.183781992447402,0.192797272864346,0.161225378395854,0.180509414533704,0.165674227659593,0.16326087484187,0.174541526790462
"Slovenia",0.00360236428127753,0.0208726806431093,0.00288170149429691,0.00402457318928051,0.00791408026323086,0.00973265746877343,0.212245618064952,0.190003807666511,0.143666697568616,0.226364332430385,0.211757786816579,0.270899121895848,0.209156227407149
"Spain",0.013028300749074,0.0772501828124503,0.00694744360521683,0.0181979378969634,0.0384613474634976,0.0423768027105492,0.767606918377129,0.703207658291138,0.346363522134769,1,1,1,0.802863016467173
"Sweden",0.00841839452661837,0.0505550002957926,0.00907802648329508,0.00541192707779731,0.025868705833058,0.0187979769998496,0.495998519278864,0.460201673039697,0.452583339348842,0.304396814894681,0.692171384774556,0.523223536738664,0.488095878012551
"Switzerland",0.00398681385143678,0.026571366991756,0.00305321575015447,0.00341438401563399,0.0154176962414371,0.0169160049015707,0.234896779985844,0.241878893739727,0.152217509224078,0.192043906772171,0.412532742315678,0.470840660788084,0.28406841547093
"The former Yugoslav Republic of Macedonia",0.00244593399029692,0.015696868594067,0.00192661702954318,0.00223267442989265,0.00416120662027287,0.00338683567218536,0.144110570442515,0.142888441226557,0.0960511373789806,0.125578001215924,0.111341795267028,0.0942693002958601,0.119039874304477
"Ukraine",0.00710320336706779,0.0402410250607601,0.00765158789049637,0.00680094044317561,0.0128155812598161,0.0148275480506882,0.418509531842708,0.366313657391778,0.381468505866822,0.382522635547716,0.34290770804475,0.412710481149415,0.384072086640531
"United Kingdom",0.005607300398864,0.035317963202457,0.00424778748769724,0.00514795625098562,0.0169240394209393,0.0113223493898017,0.330373289846933,0.3214990734651,0.211772663316624,0.289549630564308,0.452838107850019,0.315146661365225,0.320196571068035
"United States of America",0.0051297400078654,0.0323642055718078,0.00192886466936191,0.00476588067936431,0.022275357639323,0.0150486277943352,0.302236185313215,0.294611046654196,0.0961631930484244,0.268059579907911,0.596023830610627,0.418864022318934,0.329326309642218
"Réunion",NA,NA,NA,NA,NA,NA,NA,NA,NA,NA,NA,NA,NA
"Côte d'Ivoire",NA,NA,NA,NA,NA,NA,NA,NA,NA,NA,NA,NA,NA
