country,1960,1961,1962,1963,1964,1965,1966,1967,1968,1969,1970,1971,1972,1973,1974,1975,1976,1977,1978,1979,1980,1981,1982,1983,1984,1985,1986,1987,1988,1989,1990,1991,1992,1993,1994,1995,1996,1997,1998,1999,2000,2001,2002,2003,2004,2005,2006,2007,2008,2009,2010,2011,2012,2013,2014,2015,2016
Aruba,,,,,,,,,,,,,,,,,,,,,,,,,,,,,,,,,,,,,,,,,,,,,,,,,,,,3671232222,,,,,
Andorra,,,,,,,,,,,,,,,,,,,,,,,,,,,,,,,,,,,,,,,,,,,,,,,,,,,,,,,,,
Afghanistan,,,,,,,,,,,,,,,,,,,,,,,,,,,,,,,,,,,,,,,,,,,19243809663,21284923743,22101051955,25361507050,27592569519,32219074825,34037462001,41505186409,45555113006,49338254431,57500127993,59573450332,61435943662,62619006135,
Angola,,,,,,,,,,,,,,,,,,,,,,,,,,,,,,,34569336017,35291341121,33605213160,25906791102,27384156308,30862652597,34945786283,38351851583,41406142195,43401794411,45726453705,48742596951,46055962673,49439320644,56325455002,68754610654,85561283210,1.08E+11,1.25E+11,1.29E+11,1.35E+11,1.43E+11,1.53E+11,1.66E+11,1.78E+11,1.85E+11,
Albania,,,,,,,,,,,,,,,,,,,,,,,,,,,,,,,8944742648,6507715468,6176825661,6930872191,7665875101,8866586608,9850039915,8932819723,10039363360,11473507534,12438082811,13659433660,14506505449,15546952059,16723679412,17896842537,19854814600,21650252013,24251466868,25832022152,28100696752,29655482843,30530519326,30643070633,32720135193,33165000680,
Arab World,,,,,,,,,,,,,,,,,,,,,,,,,,,,,,,1.44E+12,1.46E+12,1.57E+12,1.67E+12,1.76E+12,1.85E+12,1.97E+12,2.10E+12,2.25E+12,2.37E+12,2.54E+12,2.66E+12,2.73E+12,2.88E+12,3.25E+12,3.55E+12,3.92E+12,4.25E+12,4.60E+12,4.73E+12,5.01E+12,5.26E+12,5.64E+12,5.93E+12,6.19E+12,6.45E+12,
United Arab Emirates,,,,,,,,,,,,,,,,,,,,,,,,,,,,,,,1.34E+11,1.40E+11,1.48E+11,1.53E+11,1.67E+11,1.82E+11,1.96E+11,2.16E+11,2.19E+11,2.29E+11,2.59E+11,2.69E+11,2.80E+11,3.10E+11,3.49E+11,3.78E+11,4.28E+11,4.53E+11,4.77E+11,4.55E+11,4.68E+11,5.03E+11,5.47E+11,5.82E+11,6.11E+11,6.41E+11,
Argentina,,,,,,,,,,,,,,,,,,,,,,,,,,,,,,,2.29E+11,2.67E+11,3.05E+11,3.31E+11,3.58E+11,3.55E+11,3.82E+11,4.20E+11,4.40E+11,4.32E+11,4.38E+11,4.29E+11,3.88E+11,4.30E+11,4.82E+11,5.42E+11,6.04E+11,6.76E+11,7.18E+11,6.80E+11,7.59E+11,8.22E+11,8.29E+11,8.61E+11,8.54E+11,8.84E+11,
Armenia,,,,,,,,,,,,,,,,,,,,,,,,,,,,,,,8558329069,7808540588,4648166189,4339987551,4671695182,5098201644,5495760948,5775463511,6264326459,6570077115,7116035772,7973754958,9163746289,10658796162,12098309164,14219082019,16590220304,19373470462,21116494555,18266187204,18896045357,20192628680,22045237582,23140511633,24402781264,25405295878,
American Samoa,,,,,,,,,,,,,,,,,,,,,,,,,,,,,,,,,,,,,,,,,,,,,,,,,,,,,,,,,
Antigua and Barbuda,,,,,,,,,,,,,,,,,,,,,,,,,,,,,,,686352903.5,723640618.8,746414119.8,805362978.7,874547002.1,855497121.1,929823984.6,991945213.7,1046906564,1106737277,1188990163,1177241340,1230267432,1329003884,1437736378,1574272494,1839688941,2068050996,2110117600,1870239727,1757859214,1761975489,1863292752,1889596537,2011958331,2117532266,
Australia,,,,,,,,,,,,,,,,,,,,,,,,,,,,,,,2.96E+11,3.08E+11,3.19E+11,3.38E+11,3.59E+11,3.79E+11,4.04E+11,4.26E+11,4.53E+11,4.78E+11,5.05E+11,5.32E+11,5.64E+11,5.91E+11,6.30E+11,6.64E+11,7.10E+11,7.62E+11,7.96E+11,8.73E+11,8.63E+11,9.33E+11,9.68E+11,1.05E+12,1.09E+12,1.10E+12,
Austria,,,,,,,,,,,,,,,,,,,,,,,,,,,,,,,1.49E+11,1.59E+11,1.66E+11,1.71E+11,1.79E+11,1.87E+11,1.95E+11,2.02E+11,2.12E+11,2.20E+11,2.35E+11,2.39E+11,2.52E+11,2.60E+11,2.75E+11,2.87E+11,3.10E+11,3.25E+11,3.42E+11,3.40E+11,3.50E+11,3.71E+11,3.90E+11,4.05E+11,4.16E+11,4.27E+11,
Azerbaijan,,,,,,,,,,,,,,,,,,,,,,,,,,,,,,,39391924925,40418168682,31996789308,25190961047,20658827706,18601118783,19186921181,20647193889,22958395782,25034653525,28446401578,31975038896,35907280254,40725100374,46113109805,60162435045,83404506137,1.07E+11,1.21E+11,1.33E+11,1.41E+11,1.45E+11,1.50E+11,1.62E+11,1.68E+11,1.72E+11,
Burundi,,,,,,,,,,,,,,,,,,,,,,,,,,,,,,,3806386336,4129612098,4266408488,4095359449,4022323849,3781004170,3542026147,3545365950,3754074760,3773027794,3825818400,3993448845,4235048651,4266639001,4595865283,4786437295,5199140913,5592951684,5990540955,6245390585,6561000839,6977151646,7391277397,7855690249,8369037350,8128761231,
Belgium,,,,,,,,,,,,,,,,,,,,,,,,,,,,,,,1.87E+11,1.97E+11,2.04E+11,2.07E+11,2.18E+11,2.28E+11,2.33E+11,2.43E+11,2.50E+11,2.62E+11,2.87E+11,2.99E+11,3.15E+11,3.22E+11,3.36E+11,3.49E+11,3.73E+11,3.92E+11,4.08E+11,4.11E+11,4.37E+11,4.56E+11,4.71E+11,4.86E+11,5.03E+11,5.15E+11,
Benin,,,,,,,,,,,,,,,,,,,,,,,,,,,,,,,4706554346,5068722234,5337601927,5783520744,6025938758,6523498026,6929832339,7452642551,7831926569,8376520572,9069163095,9770280734,10381010530,10952669662,11752340791,12338111333,13219119497,14383350251,15383136312,15859440470,16392960558,17227124155,18388394739,20029425217,21684195160,22376552698,
Burkina Faso,,,,,,,,,,,,,,,,,,,,,,,,,,,,,,,4808413824,5419101285,5555530742,5884584928,6088846242,6571160532,7428130373,8032516578,8713054140,9495032453,9894484559,10789244110,11431738521,12569434421,13493456415,15134018809,16574404941,17715077987,19110209656,19825658935,21762791104,23684080409,25676761316,27580939116,29206241318,30707510249,
Bangladesh,,,,,,,,,,,,,,,,,,,,,,,,,,,,,,,88395044692,94520597790,1.02E+11,1.09E+11,1.16E+11,1.24E+11,1.32E+11,1.41E+11,1.50E+11,1.59E+11,1.71E+11,1.84E+11,1.94E+11,2.07E+11,2.24E+11,2.46E+11,2.71E+11,2.98E+11,3.22E+11,3.41E+11,3.64E+11,3.96E+11,4.29E+11,4.62E+11,4.99E+11,5.38E+11,
Bulgaria,,,,,,,,,,,,,,,,,,,,,,,,,,,,,,,45228533255,42787121040,40579898159,40930438874,42561448840,44691870840,47039286253,47251686007,49600149953,47223085883,52048554046,55697079591,60865248219,65151458359,70820549109,78696095092,86482983437,97319054459,1.08E+11,1.05E+11,1.11E+11,1.15E+11,1.18E+11,1.21E+11,1.26E+11,1.31E+11,
Bahrain,,,,,,,,,,,,,,,,,,,,,,,,,,,,,,,11255153710,12935807460,14115818393,16311601596,16617087069,17630336404,18690023624,19597880352,20759494302,21983499967,23675375852,24818115843,26109837859,28234689998,31036312327,34203374940,37534635196,41728931761,45204637114,46704750804,49324277705,51341141015,54236182520,58097434924,61710354187,64160057505,
"Bahamas, The",,,,,,,,,,,,,,,,,,,,,,,,,,,,,,,4022809290,3982884404,3917834413,4023396228,4238409024,4516268720,4792943784,4975508855,5266721201,5729338405,6102844468,6405811848,6680062175,6727095953,6973097931,7441842066,7863530715,8189580648,8156174407,7874987620,8093827393,8311566260,8725944887,8867783428,8979207945,8924827793,
Bosnia and Herzegovina,,,,,,,,,,,,,,,,,,,,,,,,,,,,,,,,,,,3746234285,4619837312,8888899060,12150205641,14198068429,15799217627,17047462281,17883753581,19310551062,20213831698,22093035682,24402765425,27908070415,30795338339,33876565225,33746612805,34678810241,36495497235,37103872110,39010595697,39980164560,41349562291,
Belarus,,,,,,,,,,,,,,,,,,,,,,,,,,,,,,,53234467478,54346307087,50248983416,47534753226,42866432291,39209396763,41043090437,46504536491,50958005164,53496912776,57887671868,62004580534,66132748189,72202209560,82681854927,93364430161,1.06E+11,1.18E+11,1.33E+11,1.34E+11,1.46E+11,1.57E+11,1.63E+11,1.67E+11,1.73E+11,1.68E+11,
Belize,,,,,,,,,,,,,,,,,,,,,,,,,,,,,,,626505414.3,715312249.8,819673944.1,891847555.3,912265804.9,937289998.7,968036468,1019510436,1069128090,1180799174,1365133515,1466274427,1564987838,1745064267,1876433824,1986756027,2141635886,2222911752,2339691041,2376292697,2485218937,2589828755,2736189326,2816900905,2984420749,3048017325,
Bermuda,,,,,,,,,,,,,,,,,,,,,,,,,,,,,,,1554988500,1549957914,1584342982,1670838771,1716628217,1829523585,1911367369,2033508194,2135744470,2241778545,2506413532,2748681686,2749634057,2900115311,3049030896,3199827285,3480978666,3675320494,3804672577,3630994134,3598375440,3550019929,3440624524,3408396102,,,
Bolivia,,,,,,,,,,,,,,,,,,,,,,,,,,,,,,,16428616811,17869461061,18577732057,19831753869,21199098715,22653680698,24073276390,25698343840,27283724100,27819505511,29166079839,30333035731,31564207199,33066493565,35393637574,38147735826,41205907186,44233343218,47874385956,49856620044,52549057419,56423836722,60406670765,65555356380,70371756185,74577744269,
Brazil,,,,,,,,,,,,,,,,,,,,,,,,,,,,,,,9.96E+11,1.04E+12,1.06E+12,1.14E+12,1.23E+12,1.31E+12,1.36E+12,1.43E+12,1.45E+12,1.48E+12,1.58E+12,1.64E+12,1.71E+12,1.77E+12,1.92E+12,2.05E+12,2.19E+12,2.39E+12,2.56E+12,2.58E+12,2.80E+12,2.97E+12,3.09E+12,3.23E+12,3.29E+12,3.20E+12,
Barbados,,,,,,,,,,,,,,,,,,,,,,,,,,,,,,,2237979770,2222284648,2143384633,2211936423,2304189559,2399839620,2540571847,2706541815,2838250470,2891075380,3088533214,3084135539,3156254727,3289089057,3427071858,3677597364,4005455601,4184602582,4283585296,4142079383,4203391582,4322618070,4415379190,4483451896,4572779723,4662763817,
Brunei Darussalam,,,,,,,,,,,,,,,,,,,,,,,,,,,,,,,14162413943,15094182847,16172904569,16608130592,17495082573,18659869338,19547410468,19589467261,19691466924,20603021632,21672273276,22774411461,24019411868,25209794199,26033626801,26975422859,29026929791,29845498438,29840677852,29536750113,30674522788,32480415591,33380677923,33198634079,32998956311,33164943527,
Bhutan,,,,,,,,,,,,,,,,,,,,,,,,,,,,,,,807467719.9,830941297.3,888985219.8,928215150.1,994907511.9,1087506908,1168986422,1252888267,1341385647,1470647931,1608393322,1780002948,2001215501,2197559185,2391126003,2643853103,2911729974,3525063410,3765596226,4046781423,4576726814,5039821055,5392970630,5597477745,6025050637,6485191776,
Botswana,,,,,,,,,,,,,,,,,,,,,,,,,,,,,,,7223077601,8020179340,8442290761,8808767042,9322604954,10186131610,10976756698,12060758331,12279671326,13672861747,14261949622,14623516441,15749209924,16806327447,17735708187,19140535947,21378657594,23764167882,25743618767,23954182471,26323148831,28491602187,30309452906,33835730909,35545339255,35836184071,
Central African Republic,,,,,,,,,,,,,,,,,,,,,,,,,,,,,,,1771362951,1820209677,1742105067,1789534126,1917170137,2098072238,2050916735,2196575882,2324776994,2445325701,2438709624,2605648733,2741329689,2645080017,2880742046,3000438943,3240171990,3479669084,3620805765,3710661655,3870412845,4080711502,4326803265,2783101446,2862391719,3032058545,
Canada,,,,,,,,,,,,,,,,,,,,,,,,,,,,,,,5.59E+11,5.65E+11,5.83E+11,6.13E+11,6.54E+11,6.86E+11,7.09E+11,7.52E+11,7.90E+11,8.44E+11,8.98E+11,9.35E+11,9.68E+11,1.02E+12,1.08E+12,1.17E+12,1.24E+12,1.30E+12,1.34E+12,1.30E+12,1.36E+12,1.43E+12,1.46E+12,1.55E+12,1.60E+12,1.58E+12,
Central Europe and the Baltics,,,,,,,,,,,,,,,,,,,,,,,,,,,,,,,7.61E+11,7.11E+11,7.14E+11,7.43E+11,7.91E+11,8.54E+11,9.08E+11,9.49E+11,9.90E+11,1.02E+12,1.08E+12,1.16E+12,1.24E+12,1.32E+12,1.43E+12,1.52E+12,1.68E+12,1.86E+12,2.05E+12,2.05E+12,2.17E+12,2.31E+12,2.38E+12,2.49E+12,2.59E+12,2.70E+12,
Switzerland,,,,,,,,,,,,,,,,,,,,,,,,,,,,,,,1.85E+11,1.89E+11,1.93E+11,1.98E+11,2.05E+11,2.10E+11,2.16E+11,2.25E+11,2.34E+11,2.42E+11,2.56E+11,2.67E+11,2.75E+11,2.76E+11,2.89E+11,3.01E+11,3.36E+11,3.74E+11,4.00E+11,4.00E+11,4.14E+11,4.42E+11,4.61E+11,4.84E+11,5.02E+11,5.18E+11,
Channel Islands,,,,,,,,,,,,,,,,,,,,,,,,,,,,,,,,,,,,,,,,,,,,,,,,,,,,,,,,,
Chile,,,,,,,,,,,,,,,,,,,,,,,,,,,,,,,57915964309,65261707798,75697104669,83744549387,91316142420,1.04E+11,1.15E+11,1.26E+11,1.32E+11,1.33E+11,1.49E+11,1.57E+11,1.64E+11,1.75E+11,1.91E+11,2.09E+11,2.55E+11,2.77E+11,2.74E+11,2.73E+11,3.11E+11,3.49E+11,3.72E+11,3.96E+11,4.07E+11,4.19E+11,
China,,,,,,,,,,,,,,,,,,,,,,,,,,,,,,,1.12E+12,1.26E+12,1.48E+12,1.72E+12,1.99E+12,2.25E+12,2.52E+12,2.80E+12,3.05E+12,3.34E+12,3.70E+12,4.10E+12,4.55E+12,5.10E+12,5.77E+12,6.64E+12,7.71E+12,9.05E+12,1.01E+13,1.11E+13,1.25E+13,1.40E+13,1.53E+13,1.68E+13,1.83E+13,1.98E+13,
Cote d'Ivoire,,,,,,,,,,,,,,,,,,,,,,,,,,,,,,,25323486247,26177090435,26708332257,27291160591,28098051895,30728041175,33707427086,35567783078,37726550584,38923464148,38985762279,39922605253,39859480456,40101591089,41711816068,43795016422,45824775161,47874676249,50055049171,52075061302,53774598836,52476906029,59165494348,65465432147,72292581592,79766110568,
Cameroon,,,,,,,,,,,,,,,,,,,,,,,,,,,,,,,21596990912,21465928272,21274641356,20053151504,20902492167,22219380958,23736334326,25425557647,26959670431,28484176887,30348201789,32441028272,34259579209,36351273785,38733505757,40898087259,43513650640,46126055782,48387262245,49696600513,51947816706,55215701705,58813179767,63086849399,68022404994,72723626379,
"Congo, Rep.",,,,,,,,,,,,,,,,,,,,,,,,,,,,,,,8108227039,8578796967,9003536577,9127449464,8809646020,9351802384,9931086692,10037944968,10526127472,10411246008,11454858181,12161412198,12913879155,13278507347,14117968003,15702420422,17194126823,17372430842,18700237484,20249558528,22290692460,23529134761,24873129578,26144464868,28416857416,29482728887,
Colombia,,,,,,,,,,,,,,,,,,,,,,,,,,,,,,,1.67E+11,1.76E+11,1.89E+11,1.99E+11,2.15E+11,2.30E+11,2.40E+11,2.52E+11,2.56E+11,2.49E+11,2.66E+11,2.77E+11,2.88E+11,3.05E+11,3.30E+11,3.57E+11,3.93E+11,4.31E+11,4.55E+11,4.66E+11,4.90E+11,5.34E+11,5.65E+11,6.02E+11,6.40E+11,6.67E+11,
Comoros,,,,,,,,,,,,,,,,,,,,,,,,,,,,,,,425629993.7,416067453.8,461855430.5,487057579.3,471175391.6,498367402.8,500910596.1,530017627.9,542641793.7,561546841.4,636628152.2,666326872.6,692284249.7,720945615.1,754989440.2,801393684.9,847878415.9,877408189.3,898200402.5,922669570.5,954485238.6,999520790.7,1048470452,1102692441,1145575066,1169654605,
Cabo Verde,,,,,,,,,,,,,,,,,,,,,,,,,,,,,,,366127313.3,383625991.6,435287089.5,484451749.2,589669857.5,687518032.5,779502548.5,880995510.4,1002030079,1131539591,1322605071,1382934545,1477895454,1570317014,1778025748,1962096115,2183838467,2582078171,2807818687,2793200080,2868785585,3044224922,3133843837,3209546147,3327931745,3412668610,
Costa Rica,,,,,,,,,,,,,,,,,,,,,,,,,,,,,,,15582452258,16515224044,18445152069,20222418031,21579523346,22937551657,23645396868,25388462986,27450643068,28969767634,30735484489,32533176746,34119953260,36281243863,38895503400,41701060179,46093166744,51184898052,54615523961,54496197504,57893323062,61633610801,65779909049,68211001974,71498003678,74976669841,
Caribbean small states,,,,,,,,,,,,,,,,,,,,,,,,,,,,,,,35073961025,37092109771,38036766171,40131050572,42100892874,44242161847,46571417252,48920129097,50799567658,53699812825,57022414720,59681432278,63119346683,68860251350,74044325403,79308192756,87840654083,93307125564,96735936628,94107370552,96759657806,99795377610,1.03E+11,1.06E+11,1.09E+11,1.11E+11,
Cuba,,,,,,,,,,,,,,,,,,,,,,,,,,,,,,,93663607764,86432690929,78165371114,68118846522,70067263604,73286242636,80473720565,84130585730,85176048788,91833639309,99479710152,1.05E+11,1.08E+11,1.14E+11,1.24E+11,1.43E+11,1.65E+11,1.82E+11,1.93E+11,1.97E+11,2.04E+11,2.14E+11,2.25E+11,2.35E+11,,,
Curacao,,,,,,,,,,,,,,,,,,,,,,,,,,,,,,,,,,,,,,,,,,,,,,,,,,,,,,,,,
Cayman Islands,,,,,,,,,,,,,,,,,,,,,,,,,,,,,,,,,,,,,,,,,,,,,,,,,,,,2823463452,,,,,
Cyprus,,,,,,,,,,,,,,,,,,,,,,,,,,,,,,,7638015470,7950611101,8896243042,9171663308,9919492436,10983902003,11311440409,11975071847,12855044230,13651936565,15057398841,16344143370,17006152290,17455340261,18994504744,20804238177,22901460232,25304324119,27393345521,27410875755,27616337035,28242887109,27540530527,26384713237,25986571848,26734859568,
Czech Republic,,,,,,,,,,,,,,,,,,,,,,,,,,,,,,,1.30E+11,1.19E+11,1.21E+11,1.24E+11,1.30E+11,1.41E+11,1.50E+11,1.51E+11,1.53E+11,1.57E+11,1.65E+11,1.79E+11,1.85E+11,1.97E+11,2.12E+11,2.24E+11,2.43E+11,2.68E+11,2.89E+11,2.88E+11,2.90E+11,3.02E+11,3.05E+11,3.21E+11,3.41E+11,3.56E+11,
Germany,,,,,,,,,,,,,,,,,,,,,,,,,,,,,,,1.54E+12,1.68E+12,1.75E+12,1.77E+12,1.85E+12,1.92E+12,1.98E+12,2.02E+12,2.08E+12,2.16E+12,2.24E+12,2.35E+12,2.42E+12,2.48E+12,2.59E+12,2.64E+12,2.82E+12,3.00E+12,3.12E+12,3.04E+12,3.21E+12,3.43E+12,3.50E+12,3.65E+12,3.81E+12,3.92E+12,
Djibouti,,,,,,,,,,,,,,,,,,,,,,,,,,,,,,,1183577869,1170659299,1197129943,1144466427,1157866325,1140783879,1113803473,1124416526,1137748882,1180331112,1212214273,1265228425,1318290651,1387604062,1480315643,1576376667,1702795706,1837267655,1981958873,2097512651,2197162422,2342710799,2501397365,2668882508,2879670063,3099860267,
Dominica,,,,,,,,,,,,,,,,,,,,,,,,,,,,,,,308493758.5,320699866.4,334725925.4,348450356.3,360959440.6,375764488.1,392732372.6,405409133.2,430209503.2,439777677.9,451472998.1,463946228.5,462809797.5,508325089.3,539278200,556139037.9,590018816.4,644008873.6,703399601.4,700450908.6,713774229.1,726828064.9,732297845.8,749859034.1,795242573.4,789634652.1,
Denmark,,,,,,,,,,,,,,,,,,,,,,,,,,,,,,,93535560467,97920914629,1.02E+11,1.05E+11,1.13E+11,1.19E+11,1.25E+11,1.32E+11,1.37E+11,1.42E+11,1.53E+11,1.58E+11,1.65E+11,1.66E+11,1.78E+11,1.85E+11,2.03E+11,2.13E+11,2.26E+11,2.22E+11,2.37E+11,2.46E+11,2.49E+11,2.59E+11,2.65E+11,2.73E+11,
Dominican Republic,,,,,,,,,,,,,,,,,,,,,,,,,,,,,,,24455305078,25507880423,28832165828,31650143261,33068198060,35612427286,38848566911,42676227450,46163701818,50017651924,54049495741,56281394497,60453077324,61502328341,64022542812,72203618703,82363583248,91920694287,96731892071,98388692087,1.08E+11,1.14E+11,1.19E+11,1.26E+11,1.39E+11,1.50E+11,
Algeria,,,,,,,,,,,,,,,,,,,,,,,,,,,,,,,1.71E+11,1.75E+11,1.82E+11,1.83E+11,1.85E+11,1.96E+11,2.08E+11,2.14E+11,2.27E+11,2.38E+11,2.52E+11,2.66E+11,2.85E+11,3.12E+11,3.34E+11,3.65E+11,3.83E+11,4.06E+11,4.24E+11,4.34E+11,4.55E+11,4.78E+11,5.04E+11,5.26E+11,5.56E+11,5.84E+11,
East Asia & Pacific (excluding high income),,,,,,,,,,,,,,,,,,,,,,,,,,,,,,,2.29E+12,2.55E+12,2.89E+12,3.27E+12,3.69E+12,4.12E+12,4.57E+12,4.96E+12,5.06E+12,5.43E+12,5.97E+12,6.50E+12,7.11E+12,7.86E+12,8.79E+12,9.92E+12,1.13E+13,1.30E+13,1.43E+13,1.55E+13,1.72E+13,1.90E+13,2.08E+13,2.26E+13,2.45E+13,2.64E+13,
Early-demographic dividend,,,,,,,,,,,,,,,,,,,,,,,,,,,,,,,5.30E+12,5.73E+12,6.14E+12,6.65E+12,7.02E+12,7.40E+12,7.96E+12,8.47E+12,8.71E+12,9.11E+12,9.74E+12,1.02E+13,1.06E+13,1.13E+13,1.24E+13,1.37E+13,1.51E+13,1.66E+13,1.77E+13,1.84E+13,1.99E+13,2.14E+13,2.26E+13,2.40E+13,2.55E+13,2.70E+13,
East Asia & Pacific,,,,,,,,,,,,,,,,,,,,,,,,,,,,,,,5.77E+12,6.31E+12,6.81E+12,7.37E+12,8.03E+12,8.74E+12,9.47E+12,1.01E+13,1.02E+13,1.08E+13,1.17E+13,1.24E+13,1.33E+13,1.43E+13,1.56E+13,1.71E+13,1.89E+13,2.11E+13,2.26E+13,2.36E+13,2.59E+13,2.80E+13,3.01E+13,3.24E+13,3.46E+13,3.67E+13,
Europe & Central Asia (excluding high income),,,,,,,,,,,,,,,,,,,,,,,,,,,,,,,2.48E+12,2.41E+12,2.22E+12,2.13E+12,1.93E+12,1.93E+12,1.96E+12,2.05E+12,2.05E+12,2.12E+12,2.37E+12,2.51E+12,2.69E+12,2.97E+12,3.33E+12,3.74E+12,4.48E+12,4.99E+12,5.75E+12,5.58E+12,6.00E+12,6.79E+12,7.11E+12,7.14E+12,7.47E+12,7.48E+12,
Europe & Central Asia,,,,,,,,,,,,,,,,,,,,,,,,,,,,,,,9.73E+12,1.00E+13,1.01E+13,1.02E+13,1.04E+13,1.08E+13,1.12E+13,1.17E+13,1.21E+13,1.26E+13,1.36E+13,1.44E+13,1.51E+13,1.57E+13,1.67E+13,1.76E+13,1.96E+13,2.10E+13,2.26E+13,2.20E+13,2.31E+13,2.46E+13,2.52E+13,2.60E+13,2.69E+13,2.75E+13,
Ecuador,,,,,,,,,,,,,,,,,,,,,,,,,,,,,,,49347419556,53178108422,55540310861,57983766615,61739377828,64446776916,66759716909,70841032129,73948995263,71522291125,73948445631,78670825175,83150964937,87118288145,96863794837,1.05E+11,1.13E+11,1.19E+11,1.29E+11,1.31E+11,1.37E+11,1.51E+11,1.62E+11,1.73E+11,1.83E+11,1.85E+11,
"Egypt, Arab Rep.",,,,,,,,,,,,,,,,,,,,,,,,,,,,,,,2.19E+11,2.29E+11,2.45E+11,2.58E+11,2.74E+11,2.92E+11,3.12E+11,3.35E+11,3.53E+11,3.80E+11,4.09E+11,4.33E+11,4.51E+11,4.74E+11,5.07E+11,5.47E+11,6.02E+11,6.62E+11,7.23E+11,7.63E+11,8.12E+11,8.44E+11,8.78E+11,9.11E+11,9.48E+11,9.99E+11,
Euro area,,,,,,,,,,,,,,,,,,,,,,,,,,,,,,,5.28E+12,5.61E+12,5.81E+12,5.91E+12,6.19E+12,6.47E+12,6.70E+12,6.99E+12,7.33E+12,7.64E+12,8.14E+12,8.57E+12,8.93E+12,9.12E+12,9.54E+12,9.92E+12,1.08E+13,1.14E+13,1.20E+13,1.17E+13,1.21E+13,1.26E+13,1.27E+13,1.32E+13,1.35E+13,1.40E+13,
Eritrea,,,,,,,,,,,,,,,,,,,,,,,,,,,,,,,,,2366643661,2748954780,3403238017,3573524893,3975668545,4363516718,4489058413,4558369853,4515614054,5022891985,5253276514,5215746473,5436965860,5756383486,5875729017,6118169293,5627900639,5890463355,6093233053,6758835465,,,,,
Spain,,,,,,,,,,,,,,,,,,,,,,,,,,,,,,,5.30E+11,5.61E+11,5.79E+11,5.87E+11,6.14E+11,6.44E+11,6.75E+11,7.15E+11,7.65E+11,8.04E+11,8.73E+11,9.38E+11,1.01E+12,1.06E+12,1.12E+12,1.21E+12,1.37E+12,1.47E+12,1.54E+12,1.50E+12,1.49E+12,1.50E+12,1.50E+12,1.53E+12,1.57E+12,1.62E+12,
Estonia,,,,,,,,,,,,,,,,,,,,,,,,,,,,,,,,,,,,9021760299,9662615511,10967588447,11584233831,11633847538,13151235252,14334260682,15987496015,17906978657,19661083544,22375667557,25951784151,29435510172,30303859244,27388714096,28791076575,32579417514,34419811040,36191316443,37554573948,38107539022,
Ethiopia,,,,,,,,,,,,,,,,,,,,,,,,,,,,,,,20262639542,19442704017,18161308671,21037115182,22170170867,24019382188,27497046129,28844139464,28148876686,30054968063,32605713536,36117148604,37227065858,37148739297,43350919345,50034195898,57158998048,65402691970,73880033926,80993822423,92272352853,1.05E+11,1.16E+11,1.30E+11,1.46E+11,1.62E+11,
European Union,,,,,,,,,,,,,,,,,,,,,,,,,,,,,,,7.15E+12,7.47E+12,7.72E+12,7.89E+12,8.29E+12,8.70E+12,9.07E+12,9.47E+12,9.89E+12,1.03E+13,1.10E+13,1.16E+13,1.21E+13,1.25E+13,1.31E+13,1.36E+13,1.48E+13,1.57E+13,1.65E+13,1.62E+13,1.68E+13,1.75E+13,1.78E+13,1.85E+13,1.91E+13,1.97E+13,
Fragile and conflict affected situations,,,,,,,,,,,,,,,,,,,,,,,,,,,,,,,4.76E+11,3.82E+11,4.17E+11,4.60E+11,4.88E+11,5.17E+11,5.61E+11,6.20E+11,7.10E+11,7.80E+11,8.17E+11,8.62E+11,8.68E+11,8.38E+11,9.94E+11,1.09E+12,1.21E+12,1.31E+12,1.41E+12,1.49E+12,1.60E+12,1.54E+12,1.68E+12,1.80E+12,1.89E+12,1.95E+12,
Finland,,,,,,,,,,,,,,,,,,,,,,,,,,,,,,,90495172961,87976901536,86990843878,88406379842,93844504387,99832255555,1.03E+11,1.12E+11,1.21E+11,1.28E+11,1.38E+11,1.44E+11,1.49E+11,1.51E+11,1.63E+11,1.68E+11,1.81E+11,1.99E+11,2.12E+11,2.02E+11,2.08E+11,2.19E+11,2.20E+11,2.25E+11,2.27E+11,2.31E+11,
Fiji,,,,,,,,,,,,,,,,,,,,,,,,,,,,,,,2774422625,2789366829,3026981940,3165011458,3397217826,3554774603,3793413022,3773453997,3863993002,4268359440,4291273561,4476848731,4691032329,4832419846,5228458755,5434468484,5705195352,5807206756,5982274649,5944159855,6194534373,6493459066,6737627631,7262738190,7795411533,8317644844,
France,,,,,,,,,,,,,,,,,,,,,,,,,,,,,,,1.03E+12,1.08E+12,1.12E+12,1.14E+12,1.19E+12,1.24E+12,1.28E+12,1.34E+12,1.41E+12,1.48E+12,1.60E+12,1.70E+12,1.77E+12,1.76E+12,1.83E+12,1.93E+12,2.07E+12,2.19E+12,2.26E+12,2.25E+12,2.34E+12,2.45E+12,2.47E+12,2.61E+12,2.66E+12,2.73E+12,
Faroe Islands,,,,,,,,,,,,,,,,,,,,,,,,,,,,,,,,,,,,,,,,,,,,,,,,,,,,,,,,,
"Micronesia, Fed. Sts.",,,,,,,,,,,,,,,,,,,,,,,,,,,,,,,172033075.6,190962002.8,203143337.9,224907310.8,228465876.1,249753044.3,246399355.9,235414748.8,245003323.1,252194779.3,269703568.4,280669475.5,286687683.9,297743296.7,296044993.5,312172676.4,321237696.9,322994368,320900582.5,326447976.6,338796966.3,352882555.8,361410321.2,354167613.8,348240698,365266872.4,
Gabon,,,,,,,,,,,,,,,,,,,,,,,,,,,,,,,12001641597,13159136565,13043199768,13880536066,14702249931,15755410729,16624602024,17879440850,18702044100,17292097219,17352568744,18126978169,18359414692,19146335796,19808459115,21243355034,21100167054,22887539530,22564432278,22765426236,24677227804,26972900730,28912213435,31035665725,32954439636,34645636089,
United Kingdom,,,,,,,,,,,,,,,,,,,,,,,,,,,,,,,9.58E+11,9.79E+11,1.01E+12,1.05E+12,1.12E+12,1.17E+12,1.25E+12,1.32E+12,1.36E+12,1.41E+12,1.53E+12,1.62E+12,1.70E+12,1.78E+12,1.90E+12,1.95E+12,2.09E+12,2.16E+12,2.23E+12,2.14E+12,2.24E+12,2.31E+12,2.39E+12,2.50E+12,2.63E+12,2.72E+12,
Georgia,,,,,,,,,,,,,,,,,,,,,,,,,,,,,,,24881326646,20284799188,11431708015,8274514484,7571744572,7930637645,8979862445,10094315283,10520684603,10988169877,11444804530,12268128262,13138305730,14882108795,16186988638,18311718790,20645331672,23811056200,24839944428,24083564559,25902054154,28345977228,30701389771,32253882854,34349242638,35682235302,
Ghana,,,,,,,,,,,,,,,,,,,,,,,,,,,,,,,18149263621,19743884357,20977364412,22518079717,23756204994,25249013427,26893237983,28501368103,30164895559,31974081280,33911619210,36071808657,38273705766,41066824046,44559025835,48706349584,53415669802,57220916134,63681669732,67274583969,73475667938,85526138706,95195498334,1.04E+11,1.10E+11,1.15E+11,
Gibraltar,,,,,,,,,,,,,,,,,,,,,,,,,,,,,,,,,,,,,,,,,,,,,,,,,,,,,,,,,
Guinea,,,,,,,,,,,,,,,,,,,,,,,,,,,,,,,4388415282,4652989513,4914723002,5285461171,5612246486,5993287212,6374974320,6820061668,7145305327,7531199106,7895373101,8370723312,8938176089,9230235939,9705979391,10318557935,10901112899,11387934427,12184564691,12242699028,12632165581,13396928290,14181829674,14742317065,15066281201,15243609966,
"Gambia, The",,,,,,,,,,,,,,,,,,,,,,,,,,,,,,,898897392.9,957676028.6,1012601224,1067919915,1092330042,1124946114,1170952935,1249352524,1307113073,1412051532,1523613115,1648718166,1619622128,1765405089,1941832196,1985439195,2069441175,2201657684,2373579535,2545856592,2745086942,2680483729,2889890277,3076956544,3159527348,3344123959,
Guinea-Bissau,,,,,,,,,,,,,,,,,,,,,,,,,,,,,,,1027435262,1115776892,1153764918,1206021538,1271101272,1354707277,1539453012,1667577859,1212000919,1243168169,1340458501,1401016271,1408509233,1444762892,1525482575,1641729067,1731252199,1834290810,1930259179,2009327661,2124006404,2370210331,2370469705,2428511295,2534805315,2684975037,
Equatorial Guinea,,,,,,,,,,,,,,,,,,,,,,,,,,,,,,,275747981.9,282013662.1,388662508.6,441812042.5,526426574.5,631378384,1070950355,2722904769,3406837252,4346684149,5255304481,8781778849,10652011228,12380575098,17554826863,21154488253,23484422402,27793851199,33383158834,34088542632,31425606407,34166939303,37688884732,36714650895,37118858266,34409854213,
Greece,,,,,,,,,,,,,,,,,,,,,,,,,,,,,,,1.36E+11,1.44E+11,1.49E+11,1.50E+11,1.56E+11,1.63E+11,1.71E+11,1.83E+11,1.93E+11,1.99E+11,2.11E+11,2.28E+11,2.47E+11,2.61E+11,2.79E+11,2.81E+11,3.14E+11,3.24E+11,3.42E+11,3.38E+11,3.14E+11,2.90E+11,2.79E+11,2.86E+11,2.88E+11,2.85E+11,
Grenada,,,,,,,,,,,,,,,,,,,,,,,,,,,,,,,466051730.2,492625381.4,502361485.9,500737813.4,525474938.8,549866648.9,582622386.6,619905751.8,667627079.8,746119742.9,777389914.8,779013712.6,818160829.1,913449948,932490517.7,1090247224,1078593824,1175404170,1209835050,1138397889,1146410373,1179028541,1186874683,1234412549,1348951640,1448391593,
Greenland,,,,,,,,,,,,,,,,,,,,,,,,,,,,,,,,,,,,,,,,,,,,,,,,,,,,,,,,,
Guatemala,,,,,,,,,,,,,,,,,,,,,,,,,,,,,,,30540924246,32711934127,35076412186,37321243010,39652968927,42483173751,44538224712,47277452526,50176967623,52904716277,56061280974,58676333495,61880711809,64711947186,68587206931,73102061226,79401503040,86653373391,91252114941,92428786084,96242290216,1.02E+11,1.07E+11,1.13E+11,1.20E+11,1.26E+11,
Guam,,,,,,,,,,,,,,,,,,,,,,,,,,,,,,,,,,,,,,,,,,,,,,,,,,,,,,,,,
Guyana,,,,,,,,,,,,,,,,,,,,,,,,,,,,,,,1363140178,1492806455,1646409059,1824032364,2021626682,2166698383,2380181811,2571668067,2555161732,2671310482,2694483154,2817895210,2891224156,2919233054,3098305223,3135415508,3397519666,3732803351,3881258193,4040516375,4268627865,4593641614,4903585273,5242960577,5541811052,5769805304,
High income,,,,,,,,,,,,,,,,,,,,,,,,,,,,,,,1.82E+13,1.90E+13,1.99E+13,2.07E+13,2.19E+13,2.31E+13,2.43E+13,2.55E+13,2.65E+13,2.78E+13,2.98E+13,3.10E+13,3.22E+13,3.35E+13,3.56E+13,3.76E+13,4.03E+13,4.27E+13,4.41E+13,4.32E+13,4.52E+13,4.72E+13,4.88E+13,5.07E+13,5.25E+13,5.42E+13,
"Hong Kong SAR, China",,,,,,,,,,,,,,,,,,,,,,,,,,,,,,,99454695334,1.09E+11,1.18E+11,1.28E+11,1.39E+11,1.45E+11,1.54E+11,1.65E+11,1.57E+11,1.63E+11,1.80E+11,1.85E+11,1.91E+11,2.01E+11,2.24E+11,2.48E+11,2.74E+11,2.99E+11,3.12E+11,3.06E+11,3.31E+11,3.54E+11,3.67E+11,3.84E+11,4.02E+11,4.16E+11,
Honduras,,,,,,,,,,,,,,,,,,,,,,,,,,,,,,,10158204332,10837665416,11708152670,12733496747,12835000626,13635056695,14383135404,15359849531,15977059165,15915047569,17212835067,18084519376,19051516028,20314967764,22174477022,24272830901,26661586554,29064956818,30889137475,30366907263,31884663509,33791210423,35834494560,37429721100,39275306847,41144078465,
Heavily indebted poor countries (HIPC),,,,,,,,,,,,,,,,,,,,,,,,,,,,,,,3.36E+11,3.50E+11,3.57E+11,3.70E+11,3.80E+11,4.07E+11,4.37E+11,4.64E+11,4.85E+11,5.09E+11,5.36E+11,5.73E+11,6.01E+11,6.41E+11,6.95E+11,7.62E+11,8.34E+11,9.14E+11,9.88E+11,1.04E+12,1.11E+12,1.19E+12,1.29E+12,1.38E+12,1.49E+12,1.58E+12,
Croatia,,,,,,,,,,,,,,,,,,,,,,,,,,,,,,,,,,,,36707963405,39526778516,42828764961,44241626863,44395695503,47564558954,50285356716,54539852822,58260522999,62579293389,66004826366,75189970861,83267221867,89785126205,86237221790,84845080572,88627632084,90186781801,92268446101,93255069483,94641691630,
Haiti,,,,,,,,,,,,,,,,,,,,,,,,,,,,,,,,,,,,,10153768315,10606881041,10955929715,11425067490,11786714053,11929418892,12082091567,12367846442,12260241654,12883151162,13577629101,14404994328,14811519348,15384147158,14715922850,15849403538,16607051385,17589763725,18405445928,18824011297,
Hungary,,,,,,,,,,,,,,,,,,,,,,,,,,,,,,,,85923187277,85188990289,86713401298,91168741667,94456532459,96066328911,1.01E+11,1.07E+11,1.11E+11,1.21E+11,1.35E+11,1.47E+11,1.56E+11,1.64E+11,1.72E+11,1.84E+11,1.90E+11,2.07E+11,2.06E+11,2.15E+11,2.27E+11,2.28E+11,2.41E+11,2.52E+11,2.60E+11,
IBRD only,,,,,,,,,,,,,,,,,,,,,,,,,,,,,,,9.61E+12,1.01E+13,1.05E+13,1.13E+13,1.19E+13,1.27E+13,1.36E+13,1.45E+13,1.50E+13,1.58E+13,1.71E+13,1.82E+13,1.93E+13,2.08E+13,2.31E+13,2.57E+13,2.90E+13,3.25E+13,3.55E+13,3.70E+13,4.04E+13,4.42E+13,4.72E+13,5.01E+13,5.34E+13,5.62E+13,
IDA & IBRD total,,,,,,,,,,,,,,,,,,,,,,,,,,,,,,,1.08E+13,1.13E+13,1.18E+13,1.27E+13,1.33E+13,1.42E+13,1.52E+13,1.62E+13,1.68E+13,1.77E+13,1.91E+13,2.03E+13,2.15E+13,2.33E+13,2.59E+13,2.87E+13,3.24E+13,3.62E+13,3.95E+13,4.12E+13,4.49E+13,4.90E+13,5.23E+13,5.56E+13,5.93E+13,6.24E+13,
IDA total,,,,,,,,,,,,,,,,,,,,,,,,,,,,,,,1.20E+12,1.27E+12,1.32E+12,1.39E+12,1.45E+12,1.54E+12,1.65E+12,1.74E+12,1.83E+12,1.92E+12,2.05E+12,2.18E+12,2.30E+12,2.48E+12,2.81E+12,3.09E+12,3.40E+12,3.72E+12,3.99E+12,4.22E+12,4.52E+12,4.83E+12,5.16E+12,5.54E+12,5.96E+12,6.28E+12,
IDA blend,,,,,,,,,,,,,,,,,,,,,,,,,,,,,,,6.28E+11,6.66E+11,7.02E+11,7.36E+11,7.76E+11,8.21E+11,8.80E+11,9.25E+11,9.66E+11,1.01E+12,1.08E+12,1.14E+12,1.20E+12,1.30E+12,1.52E+12,1.66E+12,1.83E+12,1.99E+12,2.12E+12,2.24E+12,2.39E+12,2.56E+12,2.74E+12,2.93E+12,3.15E+12,3.32E+12,
Indonesia,,,,,,,,,,,,,,,,,,,,,,,,,,,,,,,5.25E+11,5.91E+11,6.48E+11,7.12E+11,7.82E+11,8.65E+11,9.48E+11,1.01E+12,8.86E+11,9.07E+11,9.73E+11,1.03E+12,1.09E+12,1.17E+12,1.26E+12,1.38E+12,1.50E+12,1.64E+12,1.77E+12,1.86E+12,2.00E+12,2.17E+12,2.34E+12,2.52E+12,2.69E+12,2.85E+12,
IDA only,,,,,,,,,,,,,,,,,,,,,,,,,,,,,,,5.68E+11,5.97E+11,6.15E+11,6.43E+11,6.69E+11,7.16E+11,7.66E+11,8.13E+11,8.54E+11,9.04E+11,9.64E+11,1.04E+12,1.09E+12,1.18E+12,1.28E+12,1.41E+12,1.56E+12,1.71E+12,1.85E+12,1.96E+12,2.11E+12,2.25E+12,2.40E+12,2.59E+12,2.79E+12,2.93E+12,
Isle of Man,,,,,,,,,,,,,,,,,,,,,,,,,,,,,,,,,,,,,,,,,,,,,,,,,,,,,,,,,
India,,,,,,,,,,,,,,,,,,,,,,,,,,,,,,,9.98E+11,1.04E+12,1.12E+12,1.21E+12,1.31E+12,1.44E+12,1.58E+12,1.67E+12,1.79E+12,1.98E+12,2.11E+12,2.26E+12,2.38E+12,2.62E+12,2.90E+12,3.27E+12,3.69E+12,4.11E+12,4.35E+12,4.76E+12,5.31E+12,5.78E+12,6.22E+12,6.74E+12,7.36E+12,8.00E+12,
Not classified,,,,,,,,,,,,,,,,,,,,,,,,,,,,,,,,,,,,,,,,,,,,,,,,,,,,,,,,,
Ireland,,,,,,,,,,,,,,,,,,,,,,,,,,,,,,,48262802778,50831490364,53728407053,56487873829,61010538691,68283650296,74481596729,83062816078,92974143936,1.01E+11,1.15E+11,1.26E+11,1.38E+11,1.45E+11,1.58E+11,1.68E+11,1.89E+11,2.06E+11,1.99E+11,1.89E+11,1.97E+11,2.08E+11,2.14E+11,2.22E+11,2.37E+11,3.18E+11,
"Iran, Islamic Rep.",,,,,,,,,,,,,,,,,,,,,,,,,,,,,,,3.69E+11,4.30E+11,4.54E+11,4.58E+11,4.60E+11,4.81E+11,5.21E+11,5.37E+11,5.54E+11,5.74E+11,6.21E+11,6.51E+11,7.14E+11,7.91E+11,8.48E+11,9.12E+11,9.94E+11,1.11E+12,1.15E+12,1.18E+12,1.27E+12,1.35E+12,1.28E+12,1.28E+12,1.36E+12,,
Iraq,,,,,,,,,,,,,,,,,,,,,,,,,,,,,,,1.30E+11,48327715201,65539494549,87422977905,92724914782,96665644785,1.09E+11,1.35E+11,1.84E+11,2.19E+11,2.27E+11,2.38E+11,2.25E+11,1.54E+11,2.43E+11,2.62E+11,2.97E+11,3.10E+11,3.42E+11,3.56E+11,3.83E+11,4.21E+11,4.88E+11,5.29E+11,5.38E+11,5.61E+11,
Iceland,,,,,,,,,,,,,,,,,,,,,,,,,,,,,,,5639087370,5813760747,5745666925,5959633320,6306114011,6445144368,6722397726,7305642666,7830116243,8149536164,8275169364,8988092963,9217739894,9346599077,10309512587,11006810105,11762002586,12687342963,13462187603,13046482252,12199641134,12582181171,12962840063,13723267860,14392205060,15615202511,
Israel,,,,,,,,,,,,,,,,,,,,,,,,,,,,,,,62421073741,68415557532,74893716333,79620535395,87073407519,1.09E+11,1.18E+11,1.25E+11,1.32E+11,1.38E+11,1.57E+11,1.61E+11,1.66E+11,1.59E+11,1.72E+11,1.72E+11,1.82E+11,1.98E+11,2.01E+11,2.06E+11,2.20E+11,2.37E+11,2.51E+11,2.76E+11,2.87E+11,3.07E+11,
Italy,,,,,,,,,,,,,,,,,,,,,,,,,,,,,,,1.05E+12,1.10E+12,1.14E+12,1.16E+12,1.21E+12,1.27E+12,1.31E+12,1.35E+12,1.42E+12,1.45E+12,1.54E+12,1.60E+12,1.63E+12,1.67E+12,1.70E+12,1.74E+12,1.88E+12,1.99E+12,2.08E+12,2.04E+12,2.08E+12,2.16E+12,2.16E+12,2.18E+12,2.21E+12,2.26E+12,
Jamaica,,,,,,,,,,,,,,,,,,,,,,,,,,,,,,,11416492149,12367234010,12896510896,14446725870,14958279095,15629104989,15896322986,15983995144,15780257830,16189602222,16703495558,17313921473,17930829730,18958890678,19738071700,20555266431,21801010302,22701697142,22958888391,22130923307,22072147411,22917372413,23194361076,23687654301,24279231892,24785002528,
Jordan,,,,,,,,,,,,,,,,,,,,,,,,,,,,,,,14459860093,15213669678,18465992763,19781143608,21209010392,22989468230,23897349612,25105726185,26138546974,27443121836,29257610329,31501786317,33838094385,35949874207,40101333309,44770772414,49881018737,55395185189,60566820230,64368967101,66677702079,69797089967,72967337562,76243505211,80011548556,82799345520,
Japan,,,,,,,,,,,,,,,,,,,,,,,,,,,,,,,2.38E+12,2.54E+12,2.62E+12,2.68E+12,2.80E+12,2.94E+12,3.09E+12,3.17E+12,3.17E+12,3.21E+12,3.40E+12,3.49E+12,3.59E+12,3.69E+12,3.88E+12,4.05E+12,4.23E+12,4.42E+12,4.46E+12,4.24E+12,4.48E+12,4.57E+12,4.75E+12,4.97E+12,5.02E+12,5.18E+12,
Kazakhstan,,,,,,,,,,,,,,,,,,,,,,,,,,,,,,,1.38E+11,1.27E+11,1.23E+11,1.14E+11,1.02E+11,95512194577,97742099828,1.01E+11,1.00E+11,1.05E+11,1.17E+11,1.36E+11,1.52E+11,1.69E+11,1.91E+11,2.16E+11,2.46E+11,2.76E+11,2.90E+11,2.96E+11,3.21E+11,3.52E+11,3.76E+11,4.05E+11,4.30E+11,4.39E+11,
Kenya,,,,,,,,,,,,,,,,,,,,,,,,,,,,,,,36005634329,37739210362,38290894122,39340394775,41235400562,43950253812,46608407120,47631244242,49732342814,51657477004,53149789909,56415816705,57595121145,60466241978,65300140077,71382429864,78337657727,85932013535,87821187275,91414381167,1.00E+11,1.09E+11,1.16E+11,1.24E+11,1.33E+11,1.42E+11,
Kyrgyz Republic,,,,,,,,,,,,,,,,,,,,,,,,,,,,,,,9861724968,9389952233,8270129215,7157972084,5842017243,5640393525,6150250536,6875756859,7097851984,7469925417,8054497779,8676446671,8808112186,9615335191,10573964872,10895037131,11578209850,12901780542,14260084575,14783094423,14893084056,16105958461,16388179551,18470586534,19557845557,20454089363,
Cambodia,,,,,,,,,,,,,,,,,,,,,,,,,,,,,,,,,,7075818112,7883964711,8566949228,9195480417,9878472842,10485865542,11914285530,13253748704,14645396027,15864723772,17557421178,19905653501,23268527269,26566671220,30059045877,32699568535,32976465254,35369652416,38652011936,42222349117,46113481996,50258384115,54373395080,
Kiribati,,,,,,,,,,,,,,,,,,,,,,,,,,,,,,,91784897.52,94839969.84,97852788.74,101052101.3,104981979.8,107171564.5,110977666.4,114758337.4,123610563.3,123571399.7,134282247.1,135322665.1,142604011.7,148365767.3,149961527.3,162451216.3,164794889.3,172906284.1,173041039.6,174860147.7,174150347.2,178593470.6,191318991,205649846.8,214373849.3,224257758,
St. Kitts and Nevis,,,,,,,,,,,,,,,,,,,,,,,,,,,,,,,378102942.7,382294761.9,407733918.2,446677850.7,480421494.8,518655766.2,559210332.5,608006288.3,610503373,640849522.1,688327881,739061115.5,764203527,759575626.4,816403230.1,920692613.4,1004828190,1029986946,1116268444,1090777985,1079267843,1127973938,1141852965,1232463032,1329336696,1394199261,
"Korea, Rep.",,,,,,,,,,,,,,,,,,,,,,,,,,,,,,,3.62E+11,4.13E+11,4.47E+11,4.88E+11,5.40E+11,6.03E+11,6.63E+11,7.11E+11,6.80E+11,7.66E+11,8.50E+11,9.09E+11,9.90E+11,1.02E+12,1.10E+12,1.17E+12,1.25E+12,1.35E+12,1.41E+12,1.40E+12,1.51E+12,1.56E+12,1.61E+12,1.65E+12,1.71E+12,1.75E+12,
Kosovo,,,,,,,,,,,,,,,,,,,,,,,,,,,,,,,,,,,,,,,,,6245979679,8111499382,8178290755,8840196573,9320544046,10200869013,10987727685,12102029030,12665779316,13188429922,13791318647,14726312525,15418779432,16206838730,16698019646,17538568481,
Kuwait,,,,,,,,,,,,,,,,,,,,,,,,,,,,,,,,,58504973655,80256216410,88878809036,95140584315,97463657961,1.02E+11,1.06E+11,1.06E+11,1.14E+11,1.17E+11,1.22E+11,1.47E+11,1.67E+11,1.89E+11,2.10E+11,2.28E+11,2.39E+11,2.24E+11,2.21E+11,2.47E+11,2.68E+11,2.76E+11,2.82E+11,2.91E+11,
Latin America & Caribbean (excluding high income),,,,,,,,,,,,,,,,,,,,,,,,,,,,,,,2.49E+12,2.66E+12,2.79E+12,3.10E+12,3.31E+12,3.39E+12,3.56E+12,3.80E+12,3.92E+12,4.00E+12,4.25E+12,4.37E+12,4.45E+12,4.62E+12,5.04E+12,5.48E+12,6.00E+12,6.53E+12,6.97E+12,6.95E+12,7.45E+12,8.01E+12,8.37E+12,8.74E+12,9.01E+12,9.04E+12,
Lao PDR,,,,,,,,,,,,,,,,,,,,,,,,,,,,,,,4438995340,4783820423,5164906643,5600437046,6186286789,6759358427,7359613614,7999989124,8407662411,9160022841,9911717634,10720650849,11529494834,12472842483,13630601101,15069161445,16870881574,18635633546,20488017274,22192247585,24378716192,26882227109,29574800180,32599670439,35677551381,38712066581,
Lebanon,,,,,,,,,,,,,,,,,,,,,,,,,,,,,,,13732020527,19609426624,20958960282,22959226341,25324393668,27542030590,29485348601,29304184462,30686430281,31014871478,32146967272,34152417933,35860945736,37754686318,41086953536,43567716441,45605188952,51196230460,56964406084,63311230878,69185884708,72014278181,74954316262,76850317287,79634279976,81537465624,
Liberia,,,,,,,,,,,,,,,,,,,,,,,,,,,,,,,,,,,,,,,1179366883,1457750349,1917562920,2018505980,2126610150,1515161268,1597622188,1736129144,1933397444,2174105132,2375182613,2520063637,2706442396,2988830567,3287228377,3631054395,3721977675,3762023198,
Libya,,,,,,,,,,,,,,,,,,,,,,,,,,,,,,,,,,,,,,,,87760272076,93059636020,93502458877,94027527245,1.08E+11,1.16E+11,1.34E+11,1.47E+11,1.61E+11,1.69E+11,1.68E+11,1.79E+11,69322560014,,,,,
St. Lucia,,,,,,,,,,,,,,,,,,,,,,,,,,,,,,,708983398.3,752200143.5,823368275,864647358.3,895597921.5,944337200.5,1013667447,1035178156,1112892643,1156573710,1235182233,1222540852,1241872012,1327224740,1475753228,1511249567,1685761511,1727587694,1835057563,1842370111,1833194715,1875503372,1882382326,1913978677,1956763145,2024690870,
Latin America & Caribbean,,,,,,,,,,,,,,,,,,,,,,,,,,,,,,,2.65E+12,2.83E+12,2.98E+12,3.31E+12,3.54E+12,3.63E+12,3.82E+12,4.08E+12,4.22E+12,4.31E+12,4.58E+12,4.72E+12,4.80E+12,5.00E+12,5.45E+12,5.92E+12,6.50E+12,7.06E+12,7.50E+12,7.48E+12,8.03E+12,8.63E+12,9.02E+12,9.42E+12,9.71E+12,9.75E+12,
Least developed countries: UN classification,,,,,,,,,,,,,,,,,,,,,,,,,,,,,,,4.32E+11,4.55E+11,4.71E+11,4.86E+11,5.10E+11,5.48E+11,5.90E+11,6.31E+11,6.65E+11,7.07E+11,7.59E+11,8.23E+11,8.68E+11,9.37E+11,1.03E+12,1.15E+12,1.28E+12,1.43E+12,1.57E+12,1.66E+12,1.78E+12,1.89E+12,2.02E+12,2.18E+12,2.34E+12,2.45E+12,
Low income,,,,,,,,,,,,,,,,,,,,,,,,,,,,,,,2.38E+11,2.48E+11,2.46E+11,2.54E+11,2.64E+11,2.80E+11,3.03E+11,3.18E+11,3.31E+11,3.48E+11,3.64E+11,3.91E+11,4.06E+11,4.27E+11,4.65E+11,5.09E+11,5.53E+11,6.05E+11,6.49E+11,6.90E+11,7.45E+11,8.04E+11,8.51E+11,9.16E+11,9.89E+11,1.04E+12,
Liechtenstein,,,,,,,,,,,,,,,,,,,,,,,,,,,,,,,,,,,,,,,,,,,,,,,,,,,,,,,,,
Sri Lanka,,,,,,,,,,,,,,,,,,,,,,,,,,,,,,,40460953521,43730850593,46695733107,51105442460,55115801677,59359980685,62740466923,67901831507,71863678738,76101245954,82502947379,83079044368,87698790040,94760978602,1.03E+11,1.13E+11,1.25E+11,1.37E+11,1.48E+11,1.54E+11,1.69E+11,1.87E+11,2.08E+11,2.18E+11,2.33E+11,2.47E+11,
Lower middle income,,,,,,,,,,,,,,,,,,,,,,,,,,,,,,,3.38E+12,3.56E+12,3.75E+12,3.94E+12,4.16E+12,4.46E+12,4.81E+12,5.09E+12,5.19E+12,5.53E+12,5.91E+12,6.30E+12,6.65E+12,7.21E+12,8.01E+12,8.83E+12,9.79E+12,1.08E+13,1.15E+13,1.22E+13,1.33E+13,1.43E+13,1.53E+13,1.64E+13,1.77E+13,1.89E+13,
Low & middle income,,,,,,,,,,,,,,,,,,,,,,,,,,,,,,,1.05E+13,1.11E+13,1.15E+13,1.23E+13,1.30E+13,1.38E+13,1.48E+13,1.58E+13,1.63E+13,1.72E+13,1.86E+13,1.98E+13,2.09E+13,2.27E+13,2.52E+13,2.80E+13,3.16E+13,3.53E+13,3.85E+13,4.02E+13,4.39E+13,4.79E+13,5.11E+13,5.43E+13,5.80E+13,6.10E+13,
Lesotho,,,,,,,,,,,,,,,,,,,,,,,,,,,,,,,1409605279,1569300276,1717633899,1817958080,1962978505,2078336417,2223943265,2349159637,2412266537,2463650702,2619639166,2784256457,2869602125,3076508651,3216831226,3418986722,3677666786,3932656523,4279760744,4405811160,4738259877,5174665953,5558069190,5761874242,6131408842,6297275970,
Late-demographic dividend,,,,,,,,,,,,,,,,,,,,,,,,,,,,,,,5.28E+12,5.52E+12,5.70E+12,6.10E+12,6.51E+12,7.03E+12,7.53E+12,8.06E+12,8.36E+12,8.86E+12,9.70E+12,1.05E+13,1.13E+13,1.24E+13,1.37E+13,1.53E+13,1.76E+13,1.99E+13,2.20E+13,2.30E+13,2.52E+13,2.79E+13,3.00E+13,3.19E+13,3.41E+13,3.59E+13,
Lithuania,,,,,,,,,,,,,,,,,,,,,,,,,,,,,,,,,,,,21484825868,22977214159,25258419741,27525504489,27565435258,29575011738,32880055038,36132795786,41211140416,44039495676,48263199164,53933716273,61678921363,66344141095,57452774642,62347214340,69178303536,73642594298,78931212961,82302989189,83591292886,
Luxembourg,,,,,,,,,,,,,,,,,,,,,,,,,,,,,,,11786996790,13232130888,13780035205,14700523507,15587010472,16139997620,17098431277,17925294305,18841144487,21760269624,23923018937,24479418130,25880672438,26792477445,29073378999,31418705085,36428692149,39847464589,41828353027,40213194840,42779941251,46654454375,48053132478,52033495631,55483062050,59146295788,
Latvia,,,,,,,,,,,,,,,,,,,,,,,,,,,,,,,,,,,,13679542523,14243914811,15764945835,17037679713,17702205117,18971445542,21165099317,23263518959,25226841084,27662305193,31001925402,34964795584,39874556217,42310110858,36170906323,36901388552,40660287491,43161731885,45655825027,47619746830,49238809758,
"Macao SAR, China",,,,,,,,,,,,,,,,,,,,,,,,,,,,,,,7996499054,8568382118,9929275183,10694125575,11391344335,12012685663,12183055728,12354394459,11914001622,11806012415,12762916213,15073632571,16674410244,18988842696,24731143919,27584321019,32217241013,37853126771,39905503553,40739762186,51655480932,64148196572,71359595118,80633859348,81378103431,65516088422,
St. Martin (French part),,,,,,,,,,,,,,,,,,,,,,,,,,,,,,,,,,,,,,,,,,,,,,,,,,,,,,,,,
Morocco,,,,,,,,,,,,,,,,,,,,,,,,,,,,,,,63455192137,70298701149,70392896349,71533999817,80791543783,78018364844,89271970321,89382747740,96893013106,99439557520,1.04E+11,1.14E+11,1.19E+11,1.29E+11,1.39E+11,1.48E+11,1.64E+11,1.74E+11,1.88E+11,1.98E+11,2.08E+11,2.23E+11,2.34E+11,2.49E+11,2.59E+11,2.74E+11,
Monaco,,,,,,,,,,,,,,,,,,,,,,,,,,,,,,,,,,,,,,,,,,,,,,,,,,,,,,,,,
Moldova,,,,,,,,,,,,,,,,,,,,,,,,,,,,,,,,,,,,6981299770,6690961782,6917568444,6535169731,6411689157,6695803758,7266146572,7953150855,8647116067,9542369318,10588113871,11437252576,12093885454,13292948029,12590265305,13648863033,14877946210,15045941577,16726094467,17842776754,17944577102,
Madagascar,,,,,,,,,,,,,,,,,,,,,,,,,,,,,,,12393037517,11997571353,12416615544,12978554803,13245264195,13753034782,14305040074,15087269779,15850726149,16843098435,18046352734,19568357859,17350632424,19428208368,21011855585,22686215320,24557642398,26784528829,29256730053,28295673249,28716620554,29735787033,31200372027,32419256006,34093895783,35513203138,
Maldives,,,,,,,,,,,,,,,,,,,,,,,,,,,,,,,,,,,,,,,,,,1650601619,1766324483,2063681484,2399473635,2275456218,2811812281,3180273096,3653559393,3485322223,3780726011,4194858489,4378783239,4658618260,5026418563,5225122523,
Middle East & North Africa,,,,,,,,,,,,,,,,,,,,,,,,,,,,,,,1.84E+12,1.93E+12,2.07E+12,2.17E+12,2.27E+12,2.40E+12,2.57E+12,2.72E+12,2.88E+12,3.02E+12,3.25E+12,3.40E+12,3.54E+12,3.75E+12,4.18E+12,4.54E+12,4.98E+12,5.43E+12,5.81E+12,5.97E+12,6.35E+12,6.70E+12,7.01E+12,7.31E+12,7.66E+12,7.98E+12,
Mexico,,,,,,,,,,,,,,,,,,,,,,,,,,,,,,,5.15E+11,5.55E+11,5.88E+11,7.67E+11,8.20E+11,7.53E+11,8.03E+11,8.74E+11,9.23E+11,9.83E+11,1.06E+12,1.07E+12,1.09E+12,1.13E+12,1.21E+12,1.32E+12,1.46E+12,1.55E+12,1.64E+12,1.63E+12,1.73E+12,1.90E+12,1.99E+12,2.05E+12,2.16E+12,2.16E+12,
Marshall Islands,,,,,,,,,,,,,,,,,,,,,,,,,,,,,,,88212045.77,91228304.26,99970830.92,108496754.8,117318554.8,129602048.8,118371428.1,112636941.8,110620939.6,109621460.5,118720324.6,127938350.1,133300418.8,136189814.5,139857102.3,148327322.5,155825078,165658605.6,166145062.7,164545004,177277210.5,183971631.1,194292410.7,202087765,203752370,207251139.7,
Middle income,,,,,,,,,,,,,,,,,,,,,,,,,,,,,,,1.03E+13,1.08E+13,1.13E+13,1.21E+13,1.27E+13,1.35E+13,1.45E+13,1.55E+13,1.60E+13,1.69E+13,1.82E+13,1.94E+13,2.05E+13,2.22E+13,2.47E+13,2.75E+13,3.11E+13,3.47E+13,3.79E+13,3.95E+13,4.31E+13,4.71E+13,5.03E+13,5.34E+13,5.71E+13,6.00E+13,
"Macedonia, FYR",,,,,,,,,,,,,,,,,,,,,,,,,,,,,,,10491359390,10171619541,9720477180,9208429335,9239052021,9326610454,9609420521,9914628240,10387304852,10977905353,12457849682,12344255335,12919271008,13351874808,14574499050,15987086813,17721804605,19083218989,21537236737,22605639278,23390230361,24064082357,24558825220,26293430873,27973163086,29257308598,
Mali,,,,,,,,,,,,,,,,,,,,,,,,,,,,,,,6958405978,8034499631,7953151692,8400667890,8903742638,9173161751,9999677015,10661973314,11593733380,12442221723,12717605481,15007480244,15711198784,17485768802,18246857073,20064730486,21645367415,22997754841,24568186514,25913057622,27649470569,29134739169,29423309954,30587235765,33327793582,35694951709,
Malta,,,,,,,,,,,,,,,,,,,,,,,,,,,,,,,3307205980,3631089051,3888076355,4158943807,4487479563,4871628258,5195468043,5787658695,6107763183,6574207686,7571902972,7729396399,8141797693,8344848895,8593676499,8978222532,9418215865,10120724685,10722860631,10793032705,11549343622,11974071551,12434810586,13296203269,13884472310,14681635793,
Myanmar,,,,,,,,,,,,,,,,,,,,,,,,,,,,,,,19508994883,20027200667,22462652285,24385986578,26767334772,29224212595,31674921160,34037811255,36425608915,41030879558,47732962610,54358973914,61830747862,71794222735,83774792580,98203482601,1.14E+11,1.32E+11,1.48E+11,1.65E+11,1.83E+11,1.97E+11,2.15E+11,2.37E+11,2.61E+11,2.83E+11,
Middle East & North Africa (excluding high income),,,,,,,,,,,,,,,,,,,,,,,,,,,,,,,1.15E+12,1.16E+12,1.24E+12,1.29E+12,1.34E+12,1.41E+12,1.52E+12,1.61E+12,1.74E+12,1.85E+12,1.98E+12,2.08E+12,2.19E+12,2.29E+12,2.54E+12,2.75E+12,2.99E+12,3.27E+12,3.46E+12,3.60E+12,3.84E+12,3.92E+12,4.01E+12,4.15E+12,4.34E+12,,
Montenegro,,,,,,,,,,,,,,,,,,,,,,,,,,,,,,,,,,,,,,,,,3628499390,4123316967,4329148097,4489233886,4809169989,5106746238,6368243863,7638319365,8475712409,8026634534,8462199753,8974058270,8603974905,9245838336,9582137273,9985754174,
Mongolia,,,,,,,,,,,,,,,,,,,,,,,,,,,,,,,7231401428,6822509251,6332112680,6277344724,6547768847,7110555811,7402191710,7822259400,8171244784,8551017883,8845827976,9314559623,9905173510,10810344637,12287826453,13603201461,15220808721,17227228960,19128524324,19029285854,20487738266,24526362150,28055413465,31829442759,34954059827,36162929570,
Northern Mariana Islands,,,,,,,,,,,,,,,,,,,,,,,,,,,,,,,,,,,,,,,,,,,,,,,,,,,,,,,,,
Mozambique,,,,,,,,,,,,,,,,,,,,,,,,,,,,,,,3241159313,3513144741,3405254983,3791921568,4111127957,4290769849,5541999144,6247999794,7064822987,7734074558,8042835633,9272566293,10242864498,11126238702,12325168039,13831168695,15660475302,17271159861,18820849624,20168259027,21779856569,23811739934,25995950739,28302319048,30953527454,33354518025,
Mauritania,,,,,,,,,,,,,,,,,,,,,,,,,,,,,,,3682846139,3873474561,4036020974,4374750005,4331101563,4855610367,5231949586,5106256282,5305053431,5801668944,5908148109,6164176308,6300425401,6810225542,7399663013,8322820117,10197208678,10763578502,11093241544,11061008925,11730570519,12535969842,13506740050,14560755248,15444865633,,
Mauritius,,,,,,,,,,,,,,,,,,,,,,,,,,,,,,,5054961013,5454888991,5942594766,6393176562,6799290215,7238717573,7782736613,8366155647,8970339846,9345394665,10420819349,10932598322,11335014134,11983811349,13020828220,13606631264,15222124854,16522211178,17753817487,18481668542,19526254955,20742028226,21862630850,22962252093,24248589913,25359637208,
Malawi,,,,,,,,,,,,,,,,,,,,,,,,,,,,,,,4539455086,5100047457,4833795068,5428433842,4976246740,5929864969,6479907673,6840762725,7184359413,7516216227,7808406247,7589033958,7836529181,8448833988,9151715081,9754954028,10527220880,11844894661,12999915354,14189510517,15350123280,16427533196,17045633652,18221609779,19605067594,20376038711,
Malaysia,,,,,,,,,,,,,,,,,,,,,,,,,,,,,,,1.23E+11,1.39E+11,1.55E+11,1.74E+11,1.95E+11,2.18E+11,2.44E+11,2.67E+11,2.50E+11,2.69E+11,3.00E+11,3.08E+11,3.30E+11,3.56E+11,3.90E+11,4.24E+11,4.62E+11,5.19E+11,5.47E+11,5.37E+11,5.81E+11,6.25E+11,6.71E+11,7.14E+11,7.70E+11,8.17E+11,
North America,,,,,,,,,,,,,,,,,,,,,,,,,,,,,,,6.54E+12,6.74E+12,7.12E+12,7.49E+12,7.96E+12,8.35E+12,8.81E+12,9.36E+12,9.88E+12,1.05E+13,1.12E+13,1.16E+13,1.19E+13,1.25E+13,1.34E+13,1.43E+13,1.51E+13,1.58E+13,1.61E+13,1.57E+13,1.63E+13,1.69E+13,1.76E+13,1.82E+13,1.90E+13,1.96E+13,
Namibia,,,,,,,,,,,,,,,,,,,,,,,,,,,,,,,5229495146,5844793311,6407809266,6456645807,6708120955,7115036355,7476134197,7924988665,8274683853,8684376797,9192166928,9512393899,10120930066,10760410351,12412848643,13136304637,14497586887,15868266167,16608267430,16783925351,18014918715,19322996885,20675021622,22196845090,24053566054,25599757011,
New Caledonia,,,,,,,,,,,,,,,,,,,,,,,,,,,,,,,,,,,,,,,,,,,,,,,,,,,,,,,,,
Niger,,,,,,,,,,,,,,,,,,,,,,,,,,,,,,,4631306293,4905297572,4690178707,4871369000,5174266680,5419826000,5707459629,5965014652,6658186753,6721629933,6777684078,7424623673,7764692738,8339259909,8577134869,9251506263,10088809961,10683207092,11937133416,11942069578,13099591317,13679084421,15576828741,16662295458,18156297819,19013277317,
Nigeria,,,,,,,,,,,,,,,,,,,,,,,,,,,,,,,1.87E+11,1.92E+11,1.98E+11,2.06E+11,2.13E+11,2.17E+11,2.32E+11,2.42E+11,2.51E+11,2.56E+11,2.76E+11,2.95E+11,3.11E+11,3.50E+11,4.81E+11,5.13E+11,5.73E+11,6.28E+11,6.80E+11,7.33E+11,8.00E+11,8.57E+11,9.10E+11,9.74E+11,1.05E+12,1.09E+12,
Nicaragua,,,,,,,,,,,,,,,,,,,,,,,,,,,,,,,8089620153,8342942789,8566016779,8735522556,9219188659,9967868618,10793770302,11413985092,11966104537,13004040299,13845459244,14580268102,14915707208,15596617301,16876781653,18165801316,19501332651,21078957342,22105347178,21658657843,22622820086,24528765813,26377154192,28018197002,29821811604,31628389092,
Netherlands,,,,,,,,,,,,,,,,,,,,,,,,,,,,,,,2.83E+11,2.99E+11,3.11E+11,3.23E+11,3.39E+11,3.57E+11,3.76E+11,4.01E+11,4.29E+11,4.58E+11,5.03E+11,5.28E+11,5.49E+11,5.47E+11,5.77E+11,6.08E+11,6.64E+11,7.12E+11,7.54E+11,7.29E+11,7.41E+11,7.69E+11,7.83E+11,8.19E+11,8.27E+11,8.40E+11,
Norway,,,,,,,,,,,,,,,,,,,,,,,,,,,,,,,78175913424,83269746142,88212166679,92880594905,99652676199,1.06E+11,1.17E+11,1.26E+11,1.25E+11,1.36E+11,1.66E+11,1.71E+11,1.72E+11,1.76E+11,1.95E+11,2.21E+11,2.52E+11,2.63E+11,2.94E+11,2.68E+11,2.84E+11,3.07E+11,3.28E+11,3.40E+11,3.38E+11,3.22E+11,
Nepal,,,,,,,,,,,,,,,,,,,,,,,,,,,,,,,14517163458,15955615210,16989469639,18063324661,19963402718,21086637427,22615652339,24164038261,25163071725,26675478456,28973998272,31056662411,31571345140,33471233015,36002020704,38453314321,40968257730,43493414038,47053785295,49560311858,52581800527,55503825717,59228862722,62670395137,67612933589,70202856821,
Nauru,,,,,,,,,,,,,,,,,,,,,,,,,,,,,,,,,,,,,,,,,,,,,,,,,,,,73811352.87,,,,,
New Zealand,,,,,,,,,,,,,,,,,,,,,,,,,,,,,,,49520845747,50915400825,52685243101,57019536881,61888465374,65779094994,68914582209,72349933631,73735673916,78922532168,82978470009,87342016958,92025525507,96505932528,1.03E+11,1.06E+11,1.16E+11,1.24E+11,1.27E+11,1.32E+11,1.36E+11,1.44E+11,1.46E+11,1.61E+11,1.67E+11,1.73E+11,
OECD members,,,,,,,,,,,,,,,,,,,,,,,,,,,,,,,1.78E+13,1.86E+13,1.95E+13,2.04E+13,2.15E+13,2.25E+13,2.37E+13,2.50E+13,2.60E+13,2.72E+13,2.91E+13,3.03E+13,3.14E+13,3.26E+13,3.46E+13,3.65E+13,3.91E+13,4.13E+13,4.26E+13,4.18E+13,4.36E+13,4.56E+13,4.70E+13,4.88E+13,5.05E+13,5.21E+13,
Oman,,,,,,,,,,,,,,,,,,,,,,,,,,,,,,,41043410377,44985534758,49882315009,54155233904,57451332000,61580194810,64614311788,69685423726,72302996608,73317845115,79036491739,84461165830,84813929962,84196370956,87629362814,92701552364,1.01E+11,1.08E+11,1.19E+11,1.27E+11,1.35E+11,1.36E+11,1.52E+11,1.61E+11,1.68E+11,1.79E+11,
Other small states,,,,,,,,,,,,,,,,,,,,,,,,,,,,,,,,,,,,,,,,,2.21E+11,2.37E+11,2.52E+11,2.68E+11,3.02E+11,3.30E+11,3.79E+11,4.30E+11,4.77E+11,4.97E+11,5.47E+11,6.03E+11,6.38E+11,6.70E+11,7.03E+11,7.27E+11,
Pakistan,,,,,,,,,,,,,,,,,,,,,,,,,,,,,,,2.13E+11,2.31E+11,2.54E+11,2.65E+11,2.81E+11,3.01E+11,3.21E+11,3.30E+11,3.42E+11,3.60E+11,3.84E+11,4.00E+11,4.20E+11,4.49E+11,4.95E+11,5.50E+11,6.02E+11,6.48E+11,6.72E+11,6.96E+11,7.16E+11,7.51E+11,7.91E+11,8.39E+11,8.94E+11,9.47E+11,
Panama,,,,,,,,,,,,,,,,,,,,,,,,,,,,,,,12482385330,14112713748,15618285154,16862252078,17711930092,18398070714,19498226256,21113278820,22909265538,24170987421,25392270608,26120079338,27112249078,28815823439,31835329178,35222705760,39446105090,45348921234,50220386483,51410575564,55039719420,62809393855,69870441117,75701930648,81721794802,87373244561,
Peru,,,,,,,,,,,,,,,,,,,,,,,,,,,,,,,74947584500,79160868273,80527755037,86766720889,99520073082,1.09E+11,1.14E+11,1.24E+11,1.25E+11,1.28E+11,1.35E+11,1.39E+11,1.49E+11,1.58E+11,1.70E+11,1.87E+11,2.07E+11,2.31E+11,2.57E+11,2.61E+11,2.87E+11,3.11E+11,3.36E+11,3.62E+11,3.77E+11,3.93E+11,
Philippines,,,,,,,,,,,,,,,,,,,,,,,,,,,,,,,1.61E+11,1.65E+11,1.69E+11,1.77E+11,1.89E+11,2.02E+11,2.17E+11,2.32E+11,2.34E+11,2.45E+11,2.61E+11,2.75E+11,2.89E+11,3.10E+11,3.39E+11,3.67E+11,3.98E+11,4.36E+11,4.63E+11,4.72E+11,5.14E+11,5.44E+11,5.91E+11,6.43E+11,6.95E+11,7.44E+11,
Palau,,,,,,,,,,,,,,,,,,,,,,,,,,,,,,,,166126768,159039233.3,142795866.4,156480681.7,177156567.8,199151304.6,207218664.9,213656763.9,205212483.5,207126529.6,220992979.8,239193936.3,228475877.4,251066468.4,262402855.6,263048832.6,269905803.6,259821899.2,238035771.9,248859933,266804583.5,280414277.6,278000855.5,295023084.6,326117786,
Papua New Guinea,,,,,,,,,,,,,,,,,,,,,,,,,,,,,,,4317882519,4887548562,5691273293,6887273184,7451802167,7355237303,8068727100,7886397288,7671511756,7933438009,7911534379,8082015925,8193045441,8537260860,9010713554,9890752721,10428535191,11471746543,12470046846,13336410534,14535275349,16418209555,18072930517,19381744799,21412378018,,
Poland,,,,,,,,,,,,,,,,,,,,,,,,,,,,,,,2.35E+11,2.26E+11,2.37E+11,2.52E+11,2.71E+11,2.96E+11,3.19E+11,3.45E+11,3.66E+11,3.87E+11,4.07E+11,4.26E+11,4.50E+11,4.68E+11,5.10E+11,5.30E+11,5.78E+11,6.40E+11,6.98E+11,7.35E+11,8.02E+11,8.70E+11,9.07E+11,9.41E+11,9.78E+11,1.02E+12,
Pre-demographic dividend,,,,,,,,,,,,,,,,,,,,,,,,,,,,,,,6.50E+11,5.83E+11,6.09E+11,6.40E+11,6.63E+11,6.96E+11,7.53E+11,8.16E+11,8.99E+11,9.63E+11,1.02E+12,1.08E+12,1.11E+12,1.12E+12,1.40E+12,1.52E+12,1.70E+12,1.86E+12,2.02E+12,2.14E+12,2.30E+12,2.45E+12,2.64E+12,2.83E+12,3.01E+12,3.15E+12,
Puerto Rico,,,,,,,,,,,,,,,,,,,,,,,,,,,,,,,57781164059,60214126574,64086749991,68138850320,72360665371,76880212704,80548800523,84512627789,91192629207,94501378406,98113588194,1.10E+11,1.14E+11,1.18E+11,1.23E+11,1.28E+11,1.30E+11,1.29E+11,1.30E+11,1.27E+11,1.26E+11,1.26E+11,1.25E+11,1.26E+11,,,
"Korea, Dem. Peoples Rep.",,,,,,,,,,,,,,,,,,,,,,,,,,,,,,,,,,,,,,,,,,,,,,,,,,,,,,,,,
Portugal,,,,,,,,,,,,,,,,,,,,,,,,,,,,,,,1.17E+11,1.27E+11,1.31E+11,1.31E+11,1.35E+11,1.44E+11,1.50E+11,1.60E+11,1.69E+11,1.81E+11,1.94E+11,2.03E+11,2.12E+11,2.18E+11,2.25E+11,2.39E+11,2.60E+11,2.71E+11,2.81E+11,2.80E+11,2.89E+11,2.83E+11,2.78E+11,2.92E+11,3.01E+11,3.08E+11,
Paraguay,,,,,,,,,,,,,,,,,,,,,,,,,,,,,,,16440216538,17580912715,18286724745,19645989758,21131074358,23043602715,23833554295,25269913365,25561535666,25598176941,25574809625,25939464372,26332030688,28017534589,29955986008,31579532235,34114444794,36921124249,40039286954,38743464282,44351295738,47232661526,47506734022,55049839778,58681605313,61069963183,
Pacific island small states,,,,,,,,,,,,,,,,,,,,,,,,,,,,,,,4584339002,4707494634,5055711712,5295294713,5670330672,6009717592,6345724497,6363757675,6549440682,7010082799,7096914614,7361710660,7655882283,7943310686,8513709822,8948509967,9427464368,9757266399,10106632245,10013546123,10434483971,10948688431,11375821333,11985580270,12670358198,13379288838,
Post-demographic dividend,,,,,,,,,,,,,,,,,,,,,,,,,,,,,,,1.72E+13,1.80E+13,1.87E+13,1.94E+13,2.04E+13,2.14E+13,2.24E+13,2.35E+13,2.45E+13,2.57E+13,2.74E+13,2.86E+13,2.97E+13,3.08E+13,3.27E+13,3.44E+13,3.68E+13,3.88E+13,4.00E+13,3.91E+13,4.07E+13,4.23E+13,4.36E+13,4.53E+13,4.68E+13,4.81E+13,
French Polynesia,,,,,,,,,,,,,,,,,,,,,,,,,,,,,,,,,,,,,,,,,,,,,,,,,,,,,,,,,
Qatar,,,,,,,,,,,,,,,,,,,,,,,,,,,,,,,,,,,,,,,,,50852406759,54038779563,58809069760,62213052205,76209186657,84555225538,1.10E+11,1.33E+11,1.60E+11,1.80E+11,2.18E+11,2.52E+11,2.69E+11,2.86E+11,3.02E+11,3.16E+11,
Romania,,,,,,,,,,,,,,,,,,,,,,,,,,,,,,,1.22E+11,1.10E+11,1.02E+11,1.06E+11,1.13E+11,1.24E+11,1.31E+11,1.26E+11,1.26E+11,1.27E+11,1.32E+11,1.46E+11,1.56E+11,1.69E+11,1.96E+11,2.07E+11,2.48E+11,2.81E+11,3.35E+11,3.26E+11,3.48E+11,3.65E+11,3.81E+11,3.97E+11,4.14E+11,4.38E+11,
Russian Federation,,,,,,,,,,,,,,,,,,,,,,,,,,,,,,,1.19E+12,1.17E+12,1.02E+12,9.53E+11,8.51E+11,8.33E+11,8.17E+11,8.43E+11,8.06E+11,8.71E+11,1.00E+12,1.08E+12,1.17E+12,1.34E+12,1.47E+12,1.70E+12,2.13E+12,2.38E+12,2.88E+12,2.77E+12,2.93E+12,3.44E+12,3.63E+12,3.47E+12,3.67E+12,3.58E+12,
Rwanda,,,,,,,,,,,,,,,,,,,,,,,,,,,,,,,3990097237,4019242581,4352282952,4094525202,2080457741,2871955725,3297118002,3818006436,4201336762,4589012318,5083869312,5650487491,6512359622,6738620622,7404875988,8171431925,9200318839,10164217283,11520432514,12335505941,13399237561,14749703250,16341533848,17383335183,18934793018,20459878390,
South Asia,,,,,,,,,,,,,,,,,,,,,,,,,,,,,,,1.36E+12,1.44E+12,1.56E+12,1.66E+12,1.80E+12,1.96E+12,2.13E+12,2.25E+12,2.40E+12,2.62E+12,2.79E+12,2.98E+12,3.13E+12,3.43E+12,3.79E+12,4.25E+12,4.76E+12,5.28E+12,5.58E+12,6.05E+12,6.67E+12,7.23E+12,7.77E+12,8.39E+12,9.12E+12,9.87E+12,
Saudi Arabia,,,,,,,,,,,,,,,,,,,,,,,,,,,,,,,3.74E+11,4.21E+11,4.51E+11,4.62E+11,4.75E+11,4.86E+11,5.11E+11,5.33E+11,5.54E+11,5.59E+11,5.99E+11,6.16E+11,6.27E+11,6.88E+11,7.72E+11,8.55E+11,9.30E+11,1.01E+12,1.12E+12,1.15E+12,1.22E+12,1.37E+12,1.47E+12,1.53E+12,1.61E+12,1.69E+12,
Sudan,,,,,,,,,,,,,,,,,,,,,,,,,,,,,,,29203441165,32441934972,35364096082,37859638904,39054403920,42259930390,45578490724,51257155919,54045811026,56576192781,61535542493,67029065332,72432321962,79590721488,84954983758,94256168924,1.07E+11,1.22E+11,1.35E+11,1.40E+11,1.47E+11,1.47E+11,1.50E+11,1.59E+11,1.66E+11,1.77E+11,
Senegal,,,,,,,,,,,,,,,,,,,,,,,,,,,,,,,8995270171,9532234683,9870679019,10236979015,10453023849,11243378469,11678993155,12249979703,13113351465,14160779227,14944531841,15985300698,16336974170,17776351730,19337457294,21081920306,22264502800,23985827434,25356946952,26168626150,27595276081,28661034906,30476564717,32048092111,34028210937,36624866572,
Singapore,,,,,,,,,,,,,,,,,,,,,,,,,,,,,,,67548674975,74464422816,81559926913,93134221366,1.06E+11,1.15E+11,1.26E+11,1.39E+11,1.37E+11,1.48E+11,1.65E+11,1.67E+11,1.77E+11,1.88E+11,2.12E+11,2.35E+11,2.64E+11,2.95E+11,3.07E+11,3.07E+11,3.58E+11,3.88E+11,4.10E+11,4.36E+11,4.58E+11,4.73E+11,
Solomon Islands,,,,,,,,,,,,,,,,,,,,,,,,,,,,,,,361308846.6,395750763.1,456139492.3,485561996,541487130.3,598239238.9,618938536,620468489.9,638390611.3,645032017.7,565585858.3,532320998.9,525358977.7,570664211.6,615077772.6,669286212,737769827.6,812846373.5,887589824.9,852047685.7,921925182.1,1062611217,1132621508,1185606409,1225025050,1284445380,
Sierra Leone,,,,,,,,,,,,,,,,,,,,,,,,,,,,,,,3485536986,3686260662,3053448849,3169068147,3173482837,2980505706,3088143444,2956398154,3041827490,3027249436,3302112539,3136209795,4020839129,4485790119,4904929887,5282095762,5745222949,6373412348,6849328423,7222223512,7702647247,8239839598,9665618312,11856363228,12618573996,10127102610,
El Salvador,,,,,,,,,,,,,,,,,,,,,,,,,,,,,,,15385273775,16465930358,18111674125,19909099316,21563000002,23420794641,24255108679,25717818454,26971476114,28328735444,29597057218,30788866265,31993290347,33381785900,34934419934,37343180060,39996189229,42637253848,44027584381,42972064889,44090542585,45998442862,47726905702,49393590163,50994501085,52808578088,
San Marino,,,,,,,,,,,,,,,,,,,,,,,,,,,,,,,,,,,,,,,,,,,,,,,,,,,,,,,,,
Somalia,,,,,,,,,,,,,,,,,,,,,,,,,,,,,,,,,,,,,,,,,,,,,,,,,,,,,,,,,
Serbia,,,,,,,,,,,,,,,,,,,,,,,,,,,,,,,,,,,,37159217143,38755576817,42251060561,43747630945,39021947365,43006592182,46160131108,50982943928,53840949717,60229292344,64786639079,71267080387,77300277201,87627895069,86691882449,88216846518,93810865402,94365827053,98668341471,98444967815,1.00E+11,
Sub-Saharan Africa (excluding high income),,,,,,,,,,,,,,,,,,,,,,,,,,,,,,,8.37E+11,8.67E+11,8.76E+11,9.00E+11,9.35E+11,9.86E+11,1.06E+12,1.11E+12,1.16E+12,1.20E+12,1.27E+12,1.36E+12,1.42E+12,1.52E+12,1.75E+12,1.91E+12,2.10E+12,2.31E+12,2.49E+12,2.59E+12,2.77E+12,2.96E+12,3.12E+12,3.33E+12,3.56E+12,3.72E+12,
South Sudan,,,,,,,,,,,,,,,,,,,,,,,,,,,,,,,,,,,,,,,,,,,,,,,,,33076445295,35007899541,37382086137,36383425753,19978529362,22966674909,24166545947,22875526538,
Sub-Saharan Africa,,,,,,,,,,,,,,,,,,,,,,,,,,,,,,,8.38E+11,8.68E+11,8.77E+11,9.01E+11,9.36E+11,9.86E+11,1.06E+12,1.12E+12,1.16E+12,1.20E+12,1.27E+12,1.36E+12,1.42E+12,1.52E+12,1.75E+12,1.91E+12,2.11E+12,2.31E+12,2.49E+12,2.59E+12,2.77E+12,2.96E+12,3.13E+12,3.34E+12,3.56E+12,3.72E+12,
Small states,,,,,,,,,,,,,,,,,,,,,,,,,,,,,,,,,,,,,,,,,2.85E+11,3.04E+11,3.23E+11,3.45E+11,3.85E+11,4.18E+11,4.76E+11,5.33E+11,5.84E+11,6.01E+11,6.54E+11,7.14E+11,7.52E+11,7.89E+11,8.24E+11,8.51E+11,
Sao Tome and Principe,,,,,,,,,,,,,,,,,,,,,,,,,,,,,,,,,,,,,,,,,,231641977.7,240788338.2,261733571.2,279236542.6,308667126.4,347151651.5,367986064.4,405919411.6,418925646.5,452334225.2,481978562.2,506279459.3,539225902.7,582952662.5,612636173.4,
Suriname,,,,,,,,,,,,,,,,,,,,,,,,,,,,,,,2792829815,2966075356,3027577841,2874746733,3031259788,3128412704,3226119138,3469567758,3562081459,3585090164,3664151068,3918287001,4149508193,4486616590,5036687817,5436370262,5818679997,6278871141,6667300726,6920392826,7366176807,7914263444,8307583421,8681306607,8999585484,9069126393,
Slovak Republic,,,,,,,,,,,,,,,,,,,,,,,,,,,,,,,,,37831405842,39540300066,42887575830,46340521696,50301306141,54163157556,57152401815,57741226846,61150720717,66696645595,71483327517,75973646884,81652852265,89275283993,1.01E+11,1.14E+11,1.27E+11,1.24E+11,1.35E+11,1.39E+11,1.44E+11,1.51E+11,1.57E+11,1.62E+11,
Slovenia,,,,,,,,,,,,,,,,,,,,,,,,,,,,,,,,,,,,26957239520,28383002368,30306251616,31754417297,33844952075,35873180670,37846698512,40498975974,42174601093,45517750685,47901860736,51733016594,55689655161,59879849603,56099203174,56936222201,59131529881,59332421600,60889413841,63967064472,66013339415,
Sweden,,,,,,,,,,,,,,,,,,,,,,,,,,,,,,,1.72E+11,1.76E+11,1.78E+11,1.78E+11,1.89E+11,2.01E+11,2.09E+11,2.16E+11,2.26E+11,2.40E+11,2.60E+11,2.64E+11,2.73E+11,2.82E+11,3.02E+11,3.07E+11,3.40E+11,3.71E+11,3.86E+11,3.69E+11,3.91E+11,4.13E+11,4.26E+11,4.39E+11,4.50E+11,4.69E+11,
Swaziland,,,,,,,,,,,,,,,,,,,,,,,,,,,,,,,3077222712,3235622252,3416147361,3606060481,3771214951,4035651621,4267207061,4474909685,4641266959,4851347163,5049075800,5262131326,5516225973,5882497276,6232414320,6766942984,7328777885,7828825518,8335491080,8614624847,8877845481,9233465789,9725897549,10334970578,10809143347,11129441341,
Sint Maarten (Dutch part),,,,,,,,,,,,,,,,,,,,,,,,,,,,,,,,,,,,,,,,,,,,,,,,,,,,1214600999,,,,,
Seychelles,,,,,,,,,,,,,,,,,,,,,,,,,,,,,,,638672923.8,678148149.7,743279305.8,808118129.5,818724183.3,828899402.5,885536862.2,1008429738,1105035826,1142949342,1186659356,1186136996,1218952357,1170066713,1167970983,1314121207,1481900000,1679883648,1676063693,1670126998,1791195218,1972370137,2141482321,2307715619,2426948878,2538864425,
Syrian Arab Republic,,,,,,,,,,,,,,,,,,,,,,,,,,,,,,,,,,,,,,,,,,,,,,,,,,,,,,,,,
Turks and Caicos Islands,,,,,,,,,,,,,,,,,,,,,,,,,,,,,,,,,,,,,,,,,,,,,,,,,,,,,,,,,
Chad,,,,,,,,,,,,,,,,,,,,,,,,,,,,,,,4275313691,4794667827,5296352663,4570521763,5140957018,5313077101,5529874708,5942494824,6424566558,6478341585,6567471999,7500231190,8262006051,9667313926,13273590051,16075362213,16676652291,17680570346,18577715352,19508303017,22422247379,22904148163,25398008887,27279255629,29683613952,30543039661,
East Asia & Pacific (IDA & IBRD countries),,,,,,,,,,,,,,,,,,,,,,,,,,,,,,,2.28E+12,2.55E+12,2.88E+12,3.26E+12,3.68E+12,4.12E+12,4.56E+12,4.95E+12,5.05E+12,5.42E+12,5.96E+12,6.49E+12,7.09E+12,7.85E+12,8.77E+12,9.91E+12,1.13E+13,1.30E+13,1.43E+13,1.55E+13,1.71E+13,1.89E+13,2.07E+13,2.26E+13,2.45E+13,2.63E+13,
Europe & Central Asia (IDA & IBRD countries),,,,,,,,,,,,,,,,,,,,,,,,,,,,,,,2.75E+12,2.68E+12,2.49E+12,2.42E+12,2.24E+12,2.26E+12,2.32E+12,2.44E+12,2.46E+12,2.55E+12,2.82E+12,2.99E+12,3.19E+12,3.50E+12,3.90E+12,4.33E+12,5.13E+12,5.72E+12,6.54E+12,6.40E+12,6.88E+12,7.75E+12,8.11E+12,8.18E+12,8.55E+12,8.59E+12,
Togo,,,,,,,,,,,,,,,,,,,,,,,,,,,,,,,3304619212,3390712707,3329955272,2894539138,3399039738,3742177818,4147196523,4824639025,4764833768,4957812018,5030900676,5061841788,5092152977,5451009596,5719583829,5973306080,6406321795,6727454496,7012076137,7313342264,7698450389,8241131320,8797505606,9294290178,10016196520,10667203302,
Thailand,,,,,,,,,,,,,,,,,,,,,,,,,,,,,,,2.43E+11,2.73E+11,3.02E+11,3.34E+11,3.69E+11,4.07E+11,4.38E+11,4.33E+11,4.04E+11,4.29E+11,4.59E+11,4.85E+11,5.23E+11,5.72E+11,6.24E+11,6.71E+11,7.26E+11,7.86E+11,8.16E+11,8.16E+11,8.88E+11,9.14E+11,9.98E+11,1.04E+12,1.07E+12,1.11E+12,
Tajikistan,,,,,,,,,,,,,,,,,,,,,,,,,,,,,,,12446712432,11947871795,8676362870,7426017662,5968650007,5337587767,4527378627,4683147387,4984872062,5248419430,5813379713,6552338746,7371441238,8345459218,9458154639,10416569970,11488156610,12713819080,13987308627,14629087510,15770264220,17286955073,18925793765,20654573840,22432838148,24034649525,
Turkmenistan,,,,,,,,,,,,,,,,,,,,,,,,,,,,,,,19802771782,19519584833,16976652717,17641280282,14899844446,14115437090,15336119979,13820357998,14962238782,17697758638,19090401207,20373608063,20739569517,21844587698,23567607046,27498116718,31451328623,35859220072,41937346902,44833439598,49556065691,58014358232,65641226951,73504873904,82527419194,88837346248,
Latin America & the Caribbean (IDA & IBRD countries),,,,,,,,,,,,,,,,,,,,,,,,,,,,,,,2.48E+12,2.67E+12,2.82E+12,3.15E+12,3.37E+12,3.46E+12,3.63E+12,3.89E+12,4.02E+12,4.10E+12,4.35E+12,4.48E+12,4.56E+12,4.74E+12,5.17E+12,5.62E+12,6.17E+12,6.71E+12,7.14E+12,7.12E+12,7.66E+12,8.25E+12,8.63E+12,9.02E+12,9.30E+12,9.34E+12,
Middle East & North Africa (IDA & IBRD countries),,,,,,,,,,,,,,,,,,,,,,,,,,,,,,,1.14E+12,1.15E+12,1.24E+12,1.29E+12,1.34E+12,1.40E+12,1.52E+12,1.60E+12,1.73E+12,1.84E+12,1.97E+12,2.07E+12,2.18E+12,2.28E+12,2.52E+12,2.73E+12,2.98E+12,3.26E+12,3.45E+12,3.59E+12,3.83E+12,3.90E+12,4.00E+12,4.13E+12,4.32E+12,,
Timor-Leste,,,,,,,,,,,,,,,,,,,,,,,,,,,,,,,,,,,,,,,,,960766423.3,1143492600,1083882795,1079871947,1115207273,1222912451,1188455949,1359757762,1583295755,1802120575,2014233384,2221506232,2393421851,2502014884,2696081736,2842268279,
Tonga,,,,,,,,,,,,,,,,,,,,,,,,,,,,,,,219814921.7,241701838.6,247834491.6,263215711.6,282130540.1,298705618.1,304189721.3,308988825.7,320834143.9,338388356.4,357751076.4,379082952.9,398061685.1,414560084.9,424462425,445051887.9,454999202.1,447649578.9,470555471.6,485033054.9,508508565.9,533500127.4,548160028.2,539599712.8,560600941,587633104.1,
South Asia (IDA & IBRD),,,,,,,,,,,,,,,,,,,,,,,,,,,,,,,1.36E+12,1.44E+12,1.56E+12,1.66E+12,1.80E+12,1.96E+12,2.13E+12,2.25E+12,2.40E+12,2.62E+12,2.79E+12,2.98E+12,3.13E+12,3.43E+12,3.79E+12,4.25E+12,4.76E+12,5.28E+12,5.58E+12,6.05E+12,6.67E+12,7.23E+12,7.77E+12,8.39E+12,9.12E+12,9.87E+12,
Sub-Saharan Africa (IDA & IBRD countries),,,,,,,,,,,,,,,,,,,,,,,,,,,,,,,8.38E+11,8.68E+11,8.77E+11,9.01E+11,9.36E+11,9.86E+11,1.06E+12,1.12E+12,1.16E+12,1.20E+12,1.27E+12,1.36E+12,1.42E+12,1.52E+12,1.75E+12,1.91E+12,2.11E+12,2.31E+12,2.49E+12,2.59E+12,2.77E+12,2.96E+12,3.13E+12,3.34E+12,3.56E+12,3.72E+12,
Trinidad and Tobago,,,,,,,,,,,,,,,,,,,,,,,,,,,,,,,9678766338,10269155180,10330235865,10422298898,11023657297,11698729325,12751126480,13966439161,15263810511,16740996086,18416315263,19621188233,21503580795,25099719800,27840083729,30520085495,35612700879,38298629063,40373855858,38894355345,40677766313,41395401723,42703441027,44544722225,45081092055,45302518908,
Tunisia,,,,,,,,,,,,,,,,,,,,,,,,,,,,,,,29877809906,32077719528,35369924842,37004437024,38993123958,40742509429,44450929221,47671651981,50494259438,54371012657,58227305844,61815037181,63594068517,67912256370,74130969442,79184001838,85896886936,94099629356,1.00E+11,1.04E+11,1.09E+11,1.09E+11,1.15E+11,1.21E+11,1.26E+11,1.29E+11,
Turkey,,,,,,,,,,,,,,,,,,,,,,,,,,,,,,,3.31E+11,3.45E+11,3.74E+11,4.14E+11,4.00E+11,4.38E+11,4.76E+11,5.20E+11,5.44E+11,5.32E+11,5.91E+11,5.80E+11,5.93E+11,6.17E+11,7.06E+11,7.78E+11,9.00E+11,9.89E+11,1.08E+12,1.05E+12,1.20E+12,1.34E+12,1.39E+12,1.47E+12,1.52E+12,1.57E+12,
Tuvalu,,,,,,,,,,,,,,,,,,,,,,,,,,,,,,,13788242.74,14761390.66,15518943.87,16541294.11,18630536.67,18067310.01,17300418.54,19356734.79,22599898.43,22586925.97,22876678.69,23780364.28,26049572.62,25683327.91,26032713.33,25854725.13,27219057.99,29718015.53,32719973.12,31507017.13,31021363.44,34338316.85,35031855.81,36059746.7,37526025.23,38931935.97,
Tanzania,,,,,,,,,,,,,,,,,,,,,,,,,,,,,,,23560053608,24848663128,25563607033,26487412251,27475169324,29049508981,30924038959,32562121515,34136179239,36336180085,38996583323,42277527449,46001605856,50149845758,55562656983,62037908172,66924027956,74520563189,80211998963,85171231203,91693558658,1.01E+11,1.08E+11,1.18E+11,1.28E+11,1.39E+11,
Uganda,,,,,,,,,,,,,,,,,,,,,,,,,,,,,,,8799088374,9596943721,10151246938,11258104214,12233961922,13928274879,15469199529,16536387464,17535806436,19238098633,20294062836,21832493338,24103480468,26175510943,28726087919,31528019735,36001324613,40068626575,44412545013,47776951255,51104542224,57059586636,60338782685,63495446802,67982663299,72248644688,
Ukraine,,,,,,,,,,,,,,,,,,,,,,,,,,,,,,,3.51E+11,3.32E+11,3.07E+11,2.69E+11,2.12E+11,1.90E+11,1.74E+11,1.72E+11,1.70E+11,1.73E+11,1.87E+11,2.09E+11,2.23E+11,2.49E+11,2.87E+11,3.04E+11,3.36E+11,3.72E+11,3.88E+11,3.33E+11,3.52E+11,3.79E+11,3.86E+11,3.93E+11,3.73E+11,3.40E+11,
Upper middle income,,,,,,,,,,,,,,,,,,,,,,,,,,,,,,,6.96E+12,7.28E+12,7.56E+12,8.16E+12,8.59E+12,9.07E+12,9.70E+12,1.04E+13,1.08E+13,1.14E+13,1.24E+13,1.31E+13,1.39E+13,1.51E+13,1.68E+13,1.87E+13,2.13E+13,2.40E+13,2.64E+13,2.74E+13,2.99E+13,3.28E+13,3.50E+13,3.70E+13,3.94E+13,4.12E+13,
Uruguay,,,,,,,,,,,,,,,,,,,,,,,,,,,,,,,19780719697,21162424981,23361612242,24553063240,26901424319,27064954163,29096270936,32123877819,33939900962,33791051948,33892990500,33332795971,31227637054,32106819321,34640523182,38422509832,41226109394,45091856463,49275715722,51756824638,56477081186,60618737181,63919673086,67964153525,71421577444,72899109557,
United States,,,,,,,,,,,,,,,,,,,,,,,,,,,,,,,5.98E+12,6.17E+12,6.54E+12,6.88E+12,7.31E+12,7.66E+12,8.10E+12,8.61E+12,9.09E+12,9.66E+12,1.03E+13,1.06E+13,1.10E+13,1.15E+13,1.23E+13,1.31E+13,1.39E+13,1.45E+13,1.47E+13,1.44E+13,1.50E+13,1.55E+13,1.62E+13,1.67E+13,1.74E+13,1.80E+13,
Uzbekistan,,,,,,,,,,,,,,,,,,,,,,,,,,,,,,,40710368868,41858456958,38017625793,38026954733,36816735480,37246352010,38571051237,41271218386,43513038866,46078622346,48917982240,52134151108,55051854292,58507903248,64745693915,71507004459,79084274281,89243855759,99183976971,1.08E+11,1.19E+11,1.31E+11,1.45E+11,1.59E+11,1.75E+11,1.91E+11,
St. Vincent and the Grenadines,,,,,,,,,,,,,,,,,,,,,,,,,,,,,,,387453338.8,404896696.3,440535795.5,470190143.7,474204826,521696883,538058214.3,566453318.4,596017201.4,621542982.6,646095288.1,672115298.6,725585469.5,796962663.7,852911767.2,902258667.2,1001229756,1052991206,1100504460,1085586379,1061995124,1079375927,1114435424,1153183059,1187352966,1219366997,
"Venezuela, RB",,,,,,,,,,,,,,,,,,,,,,,,,,,,,,,1.86E+11,2.10E+11,2.28E+11,2.34E+11,2.34E+11,2.48E+11,2.52E+11,2.73E+11,2.76E+11,2.64E+11,2.80E+11,2.96E+11,2.74E+11,2.58E+11,3.13E+11,3.56E+11,4.04E+11,4.51E+11,4.84E+11,4.72E+11,4.71E+11,5.00E+11,5.38E+11,5.54E+11,5.42E+11,,
British Virgin Islands,,,,,,,,,,,,,,,,,,,,,,,,,,,,,,,,,,,,,,,,,,,,,,,,,,,,,,,,,
Virgin Islands (U.S.),,,,,,,,,,,,,,,,,,,,,,,,,,,,,,,,,,,,,,,,,,,,,,,,,,,,,,,,,
Vietnam,,,,,,,,,,,,,,,,,,,,,,,,,,,,,,,64051755996,70128835751,77929048097,86223865470,95842326567,1.07E+11,1.19E+11,1.31E+11,1.40E+11,1.49E+11,1.63E+11,1.77E+11,1.91E+11,2.08E+11,2.30E+11,2.56E+11,2.82E+11,3.10E+11,3.34E+11,3.55E+11,3.82E+11,4.14E+11,4.44E+11,4.76E+11,5.13E+11,5.53E+11,
Vanuatu,,,,,,,,,,,,,,,,,,,,,,,,,,,,,,,241607234.1,257486452.4,270182217,278687184.9,310394128.3,320073890.2,333505841.6,355880194,375216603.2,382234029.6,414082998.4,408745027.5,393807205.3,418904935.7,447574980.7,486474246.6,543866039.9,587225946.2,637355245,663470297.7,682514070,705126498.6,730716419.3,757138796.3,788659174.1,790758641.9,
West Bank and Gaza,,,,,,,,,,,,,,,,,,,,,,,,,,,,,,,,,,,4602562979,5033359227,5498298024,6931016286,8824184974,10568033444,9734732377,9313909890,9322845079,10411739604,11628118997,13315278592,13095275519,13211610164,12313607871,15005270719,15543563848,17107576502,19955277657,19409673187,19541546946,22199686832,
World,,,,,,,,,,,,,,,,,,,,,,,,,,,,,,,2.87E+13,3.01E+13,3.15E+13,3.31E+13,3.49E+13,3.69E+13,3.90E+13,4.13E+13,4.28E+13,4.50E+13,4.84E+13,5.08E+13,5.32E+13,5.61E+13,6.08E+13,6.56E+13,7.19E+13,7.79E+13,8.26E+13,8.34E+13,8.90E+13,9.50E+13,9.99E+13,1.05E+14,1.10E+14,1.15E+14,
Samoa,,,,,,,,,,,,,,,,,,,,,,,,,,,,,,,384129636.7,387786358.8,395832931,421866065.7,419891467.8,457255548.3,499028472.8,510835190.3,527712994.3,547498036.2,598698675.9,654837555.7,693772925.9,739559001.6,795039961.8,854730538.4,898335143.2,980552975.7,1009876348,968619332.9,985147468.8,1063589611,1087536991,1083729702,1116327363,1146783960,
"Yemen, Rep.",,,,,,,,,,,,,,,,,,,,,,,,,,,,,,,25927654447,28476728343,31516404114,33557546727,36575421873,39455111901,42037502063,44993640734,48213898063,50799913236,55167743681,58571167614,61810602309,65405617999,69873904585,76155085465,80983378360,85914141363,90794694367,95021210789,1.04E+11,92285415712,96234421058,1.03E+11,1.04E+11,75688362254,
South Africa,,,,,,,,,,,,,,,,,,,,,,,,,,,,,,,2.36E+11,2.41E+11,2.41E+11,2.50E+11,2.63E+11,2.77E+11,2.94E+11,3.07E+11,3.12E+11,3.24E+11,3.46E+11,3.63E+11,3.82E+11,4.02E+11,4.31E+11,4.69E+11,5.10E+11,5.52E+11,5.81E+11,5.76E+11,6.01E+11,6.33E+11,6.59E+11,6.86E+11,7.09E+11,7.26E+11,
"Congo, Dem. Rep.",,,,,,,,,,,,,,,,,,,,,,,,,,,,,,,28647038672,27107880775,24814605298,21983196056,21575438316,22179609962,22353432059,21458919482,21339495429,20740887191,19746845529,19772687633,20668022936,22255968528,24408873289,26739968621,29028033508,31665924642,34297249204,35544357956,38525355486,42019985293,45857150582,50560187760,56081570786,60605402501,
Zambia,,,,,,,,,,,,,,,,,,,,,,,,,,,,,,,12150601755,12550499563,12614403105,13792368906,12870918694,13520099691,14623018430,15440560404,15547922271,16519927770,17554327512,18908983620,20064381503,21885729110,24068937291,26640956600,29629747898,32958963867,36217946839,39857780140,44499351077,47945443548,52538435072,56087980477,59773100930,62180293572,
Zimbabwe,,,,,,,,,,,,,,,,,,,,,,,,,,,,,,,17118317122,18666569832,17370823594,17971113561,20048550732,20499041327,23035877684,24058204473,25020960902,25196104049,24981110156,25918232377,23975548592,20297721109,19644640257,19118712455,19023964937,18816752492,15795924132,16868352554,19016741422,21720130515,24457273616,25966659317,27448716761,27875623137,